acct_id,dsply_nm,type,acct_stat,acct_rptng_crncy,prior_sar_count,branch_id,open_dt,close_dt,initial_deposit,tx_behavior_id,bank_id,country,zip
A000000,Account 000000,SAV,A,USD,False,0,2017-01-01T00:00:00Z,2018-12-22T00:00:00Z,72769.46,5,B00,US,10000
A000001,Account 000001,SAV,A,USD,False,1,2017-01-01T00:00:00Z,2018-12-22T00:00:00Z,51747.33,0,B01,US,10001
A000002,Account 000002,SAV,A,USD,False,2,2017-01-01T00:00:00Z,2018-12-22T00:00:00Z,72616.49,3,B02,US,10002
A000003,Account 000003,SAV,A,USD,False,3,2017-01-01T00:00:00Z,2018-12-22T00:00:00Z,51441.41,5,B03,US,10003
A000004,Account 000004,SAV,A,USD,False,4,2017-01-01T00:00:00Z,2018-12-22T00:00:00Z,58768.75,3,B04,US,10004
A000005,Account 000005,SAV,A,USD,False,5,2017-01-01T00:00:00Z,2018-12-22T00:00:00Z,60339.41,4,B00,US,10005
A000006,Account 000006,SAV,A,USD,False,6,2017-01-01T00:00:00Z,2018-12-22T00:00:00Z,65768.82,3,B01,US,10006
A000007,Account 000007,SAV,A,USD,False,7,2017-01-01T00:00:00Z,2018-12-22T00:00:00Z,73369.52,4,B02,US,10007
A000008,Account 000008,SAV,A,USD,False,8,2017-01-01T00:00:00Z,2018-12-22T00:00:00Z,63368.46,1,B03,US,10008
A000009,Account 000009,SAV,A,USD,False,9,2017-01-01T00:00:00Z,2018-12-22T00:00:00Z,84726.71,0,B04,US,10009
A000010,Account 000010,SAV,A,USD,False,10,2017-01-01T00:00:00Z,2018-12-22T00:00:00Z,69374.32,0,B00,US,10010
A000011,Account 000011,SAV,A,USD,False,11,2017-01-01T00:00:00Z,2018-12-22T00:00:00Z,89801.72,1,B01,US,10011
A000012,Account 000012,SAV,A,USD,False,12,2017-01-01T00:00:00Z,2018-12-22T00:00:00Z,61119.22,5,B02,US,10012
A000013,Account 000013,SAV,A,USD,False,13,2017-01-01T00:00:00Z,2018-12-22T00:00:00Z,65963.82,4,B03,US,10013
A000014,Account 000014,SAV,A,USD,False,14,2017-01-01T00:00:00Z,2018-12-22T00:00:00Z,68075.23,3,B04,US,10014
A000015,Account 000015,SAV,A,USD,False,15,2017-01-01T00:00:00Z,2018-12-22T00:00:00Z,92828.56,3,B00,US,10015
A000016,Account 000016,SAV,A,USD,False,16,2017-01-01T00:00:00Z,2018-12-22T00:00:00Z,70050.07,5,B01,US,10016
A000017,Account 000017,SAV,A,USD,False,17,2017-01-01T00:00:00Z,2018-12-22T00:00:00Z,82416.72,3,B02,US,10017
A000018,Account 000018,SAV,A,USD,False,18,2017-01-01T00:00:00Z,2018-12-22T00:00:00Z,89449.80,1,B03,US,10018
A000019,Account 000019,SAV,A,USD,False,19,2017-01-01T00:00:00Z,2018-12-22T00:00:00Z,69152.47,1,B04,US,10019
A000020,Account 000020,SAV,A,USD,False,0,2017-01-01T00:00:00Z,2018-12-22T00:00:00Z,98723.43,1,B00,US,10020
A000021,Account 000021,SAV,A,USD,False,1,2017-01-01T00:00:00Z,2018-12-22T00:00:00Z,80309.39,1,B01,US,10021
A000022,Account 000022,SAV,A,USD,False,2,2017-01-01T00:00:00Z,2018-12-22T00:00:00Z,51485.20,0,B02,US,10022
A000023,Account 000023,SAV,A,USD,False,3,2017-01-01T00:00:00Z,2018-12-22T00:00:00Z,80396.69,0,B03,US,10023
A000024,Account 000024,SAV,A,USD,False,4,2017-01-01T00:00:00Z,2018-12-22T00:00:00Z,90266.00,5,B04,US,10024
A000025,Account 000025,SAV,A,USD,False,5,2017-01-01T00:00:00Z,2018-12-22T00:00:00Z,73688.07,2,B00,US,10025
A000026,Account 000026,SAV,A,USD,False,6,2017-01-01T00:00:00Z,2018-12-22T00:00:00Z,81515.38,5,B01,US,10026
A000027,Account 000027,SAV,A,USD,False,7,2017-01-01T00:00:00Z,2018-12-22T00:00:00Z,91783.57,0,B02,US,10027
A000028,Account 000028,SAV,A,USD,False,8,2017-01-01T00:00:00Z,2018-12-22T00:00:00Z,76993.83,2,B03,US,10028
A000029,Account 000029,SAV,A,USD,False,9,2017-01-01T00:00:00Z,2018-12-22T00:00:00Z,98548.90,1,B04,US,10029
A000030,Account 000030,SAV,A,USD,False,10,2017-01-01T00:00:00Z,2018-12-22T00:00:00Z,65028.32,3,B00,US,10030
A000031,Account 000031,SAV,A,USD,False,11,2017-01-01T00:00:00Z,2018-12-22T00:00:00Z,97461.40,3,B01,US,10031
A000032,Account 000032,SAV,A,USD,False,12,2017-01-01T00:00:00Z,2018-12-22T00:00:00Z,57562.40,4,B02,US,10032
A000033,Account 000033,SAV,A,USD,False,13,2017-01-01T00:00:00Z,2018-12-22T00:00:00Z,96092.96,3,B03,US,10033
A000034,Account 000034,SAV,A,USD,False,14,2017-01-01T00:00:00Z,2018-12-22T00:00:00Z,61346.75,4,B04,US,10034
A000035,Account 000035,SAV,A,USD,False,15,2017-01-01T00:00:00Z,2018-12-22T00:00:00Z,51747.39,4,B00,US,10035
A000036,Account 000036,SAV,A,USD,False,16,2017-01-01T00:00:00Z,2018-12-22T00:00:00Z,79540.94,5,B01,US,10036
A000037,Account 000037,SAV,A,USD,False,17,2017-01-01T00:00:00Z,2018-12-22T00:00:00Z,82436.25,3,B02,US,10037
A000038,Account 000038,SAV,A,USD,False,18,2017-01-01T00:00:00Z,2018-12-22T00:00:00Z,86961.55,5,B03,US,10038
A000039,Account 000039,SAV,A,USD,False,19,2017-01-01T00:00:00Z,2018-12-22T00:00:00Z,84484.88,1,B04,US,10039
A000040,Account 000040,SAV,A,USD,False,0,2017-01-01T00:00:00Z,2018-12-22T00:00:00Z,62312.37,3,B00,US,10040
A000041,Account 000041,SAV,A,USD,False,1,2017-01-01T00:00:00Z,2018-12-22T00:00:00Z,61160.53,1,B01,US,10041
A000042,Account 000042,SAV,A,USD,False,2,2017-01-01T00:00:00Z,2018-12-22T00:00:00Z,75918.38,0,B02,US,10042
A000043,Account 000043,SAV,A,USD,False,3,2017-01-01T00:00:00Z,2018-12-22T00:00:00Z,65401.31,3,B03,US,10043
A000044,Account 000044,SAV,A,USD,False,4,2017-01-01T00:00:00Z,2018-12-22T00:00:00Z,85832.92,0,B04,US,10044
A000045,Account 000045,SAV,A,USD,False,5,2017-01-01T00:00:00Z,2018-12-22T00:00:00Z,53527.20,0,B00,US,10045
A000046,Account 000046,SAV,A,USD,False,6,2017-01-01T00:00:00Z,2018-12-22T00:00:00Z,60615.04,4,B01,US,10046
A000047,Account 000047,SAV,A,USD,False,7,2017-01-01T00:00:00Z,2018-12-22T00:00:00Z,69142.66,0,B02,US,10047
A000048,Account 000048,SAV,A,USD,False,8,2017-01-01T00:00:00Z,2018-12-22T00:00:00Z,52654.56,4,B03,US,10048
A000049,Account 000049,SAV,A,USD,False,9,2017-01-01T00:00:00Z,2018-12-22T00:00:00Z,54092.43,1,B04,US,10049
A000050,Account 000050,SAV,A,USD,False,10,2017-01-01T00:00:00Z,2018-12-22T00:00:00Z,56145.05,5,B00,US,10050
A000051,Account 000051,SAV,A,USD,False,11,2017-01-01T00:00:00Z,2018-12-22T00:00:00Z,57375.98,0,B01,US,10051
A000052,Account 000052,SAV,A,USD,False,12,2017-01-01T00:00:00Z,2018-12-22T00:00:00Z,74739.85,3,B02,US,10052
A000053,Account 000053,SAV,A,USD,False,13,2017-01-01T00:00:00Z,2018-12-22T00:00:00Z,81812.75,2,B03,US,10053
A000054,Account 000054,SAV,A,USD,False,14,2017-01-01T00:00:00Z,2018-12-22T00:00:00Z,82843.91,3,B04,US,10054
A000055,Account 000055,SAV,A,USD,False,15,2017-01-01T00:00:00Z,2018-12-22T00:00:00Z,94343.97,0,B00,US,10055
A000056,Account 000056,SAV,A,USD,False,16,2017-01-01T00:00:00Z,2018-12-22T00:00:00Z,61671.16,1,B01,US,10056
A000057,Account 000057,SAV,A,USD,False,17,2017-01-01T00:00:00Z,2018-12-22T00:00:00Z,82275.31,3,B02,US,10057
A000058,Account 000058,SAV,A,USD,False,18,2017-01-01T00:00:00Z,2018-12-22T00:00:00Z,52534.74,0,B03,US,10058
A000059,Account 000059,SAV,A,USD,False,19,2017-01-01T00:00:00Z,2018-12-22T00:00:00Z,56126.83,5,B04,US,10059
A000060,Account 000060,SAV,A,USD,False,0,2017-01-01T00:00:00Z,2018-12-22T00:00:00Z,57217.02,5,B00,US,10060
A000061,Account 000061,SAV,A,USD,False,1,2017-01-01T00:00:00Z,2018-12-22T00:00:00Z,92381.09,1,B01,US,10061
A000062,Account 000062,SAV,A,USD,False,2,2017-01-01T00:00:00Z,2018-12-22T00:00:00Z,78575.38,5,B02,US,10062
A000063,Account 000063,SAV,A,USD,False,3,2017-01-01T00:00:00Z,2018-12-22T00:00:00Z,51450.48,5,B03,US,10063
A000064,Account 000064,SAV,A,USD,False,4,2017-01-01T00:00:00Z,2018-12-22T00:00:00Z,57894.77,3,B04,US,10064
A000065,Account 000065,SAV,A,USD,False,5,2017-01-01T00:00:00Z,2018-12-22T00:00:00Z,90530.69,0,B00,US,10065
A000066,Account 000066,SAV,A,USD,False,6,2017-01-01T00:00:00Z,2018-12-22T00:00:00Z,86154.90,4,B01,US,10066
A000067,Account 000067,SAV,A,USD,False,7,2017-01-01T00:00:00Z,2018-12-22T00:00:00Z,72423.19,0,B02,US,10067
A000068,Account 000068,SAV,A,USD,False,8,2017-01-01T00:00:00Z,2018-12-22T00:00:00Z,50723.07,1,B03,US,10068
A000069,Account 000069,SAV,A,USD,False,9,2017-01-01T00:00:00Z,2018-12-22T00:00:00Z,50522.30,2,B04,US,10069
A000070,Account 000070,SAV,A,USD,False,10,2017-01-01T00:00:00Z,2018-12-22T00:00:00Z,91861.00,2,B00,US,10070
A000071,Account 000071,SAV,A,USD,False,11,2017-01-01T00:00:00Z,2018-12-22T00:00:00Z,73113.75,2,B01,US,10071
A000072,Account 000072,SAV,A,USD,False,12,2017-01-01T00:00:00Z,2018-12-22T00:00:00Z,91460.04,2,B02,US,10072
A000073,Account 000073,SAV,A,USD,False,13,2017-01-01T00:00:00Z,2018-12-22T00:00:00Z,95298.99,5,B03,US,10073
A000074,Account 000074,SAV,A,USD,False,14,2017-01-01T00:00:00Z,2018-12-22T00:00:00Z,80251.89,5,B04,US,10074
A000075,Account 000075,SAV,A,USD,False,15,2017-01-01T00:00:00Z,2018-12-22T00:00:00Z,97716.57,2,B00,US,10075
A000076,Account 000076,SAV,A,USD,False,16,2017-01-01T00:00:00Z,2018-12-22T00:00:00Z,88737.65,0,B01,US,10076
A000077,Account 000077,SAV,A,USD,False,17,2017-01-01T00:00:00Z,2018-12-22T00:00:00Z,75510.38,2,B02,US,10077
A000078,Account 000078,SAV,A,USD,False,18,2017-01-01T00:00:00Z,2018-12-22T00:00:00Z,74540.52,0,B03,US,10078
A000079,Account 000079,SAV,A,USD,False,19,2017-01-01T00:00:00Z,2018-12-22T00:00:00Z,75292.40,5,B04,US,10079
A000080,Account 000080,SAV,A,USD,False,0,2017-01-01T00:00:00Z,2018-12-22T00:00:00Z,68710.59,3,B00,US,10080
A000081,Account 000081,SAV,A,USD,False,1,2017-01-01T00:00:00Z,2018-12-22T00:00:00Z,52123.46,1,B01,US,10081
A000082,Account 000082,SAV,A,USD,False,2,2017-01-01T00:00:00Z,2018-12-22T00:00:00Z,65733.80,3,B02,US,10082
A000083,Account 000083,SAV,A,USD,False,3,2017-01-01T00:00:00Z,2018-12-22T00:00:00Z,77397.17,0,B03,US,10083
A000084,Account 000084,SAV,A,USD,False,4,2017-01-01T00:00:00Z,2018-12-22T00:00:00Z,95630.24,5,B04,US,10084
A000085,Account 000085,SAV,A,USD,False,5,2017-01-01T00:00:00Z,2018-12-22T00:00:00Z,90229.68,2,B00,US,10085
A000086,Account 000086,SAV,A,USD,False,6,2017-01-01T00:00:00Z,2018-12-22T00:00:00Z,71390.43,2,B01,US,10086
A000087,Account 000087,SAV,A,USD,False,7,2017-01-01T00:00:00Z,2018-12-22T00:00:00Z,71062.20,4,B02,US,10087
A000088,Account 000088,SAV,A,USD,False,8,2017-01-01T00:00:00Z,2018-12-22T00:00:00Z,87083.27,4,B03,US,10088
A000089,Account 000089,SAV,A,USD,False,9,2017-01-01T00:00:00Z,2018-12-22T00:00:00Z,91125.91,5,B04,US,10089
A000090,Account 000090,SAV,A,USD,False,10,2017-01-01T00:00:00Z,2018-12-22T00:00:00Z,71531.35,4,B00,US,10090
A000091,Account 000091,SAV,A,USD,False,11,2017-01-01T00:00:00Z,2018-12-22T00:00:00Z,76402.38,0,B01,US,10091
A000092,Account 000092,SAV,A,USD,False,12,2017-01-01T00:00:00Z,2018-12-22T00:00:00Z,84553.89,5,B02,US,10092
A000093,Account 000093,SAV,A,USD,False,13,2017-01-01T00:00:00Z,2018-12-22T00:00:00Z,81564.50,5,B03,US,10093
A000094,Account 000094,SAV,A,USD,False,14,2017-01-01T00:00:00Z,2018-12-22T00:00:00Z,56357.08,2,B04,US,10094
A000095,Account 000095,SAV,A,USD,False,15,2017-01-01T00:00:00Z,2018-12-22T00:00:00Z,96902.08,5,B00,US,10095
A000096,Account 000096,SAV,A,USD,False,16,2017-01-01T00:00:00Z,2018-12-22T00:00:00Z,80906.12,5,B01,US,10096
A000097,Account 000097,SAV,A,USD,False,17,2017-01-01T00:00:00Z,2018-12-22T00:00:00Z,59515.37,2,B02,US,10097
A000098,Account 000098,SAV,A,USD,False,18,2017-01-01T00:00:00Z,2018-12-22T00:00:00Z,54104.79,2,B03,US,10098
A000099,Account 000099,SAV,A,USD,False,19,2017-01-01T00:00:00Z,2018-12-22T00:00:00Z,84533.61,4,B04,US,10099
A000100,Account 000100,SAV,A,USD,False,0,2017-01-01T00:00:00Z,2018-12-22T00:00:00Z,72860.37,3,B00,US,10100
A000101,Account 000101,SAV,A,USD,False,1,2017-01-01T00:00:00Z,2018-12-22T00:00:00Z,91694.77,1,B01,US,10101
A000102,Account 000102,SAV,A,USD,False,2,2017-01-01T00:00:00Z,2018-12-22T00:00:00Z,89421.94,1,B02,US,10102
A000103,Account 000103,SAV,A,USD,False,3,2017-01-01T00:00:00Z,2018-12-22T00:00:00Z,63753.26,4,B03,US,10103
A000104,Account 000104,SAV,A,USD,False,4,2017-01-01T00:00:00Z,2018-12-22T00:00:00Z,82726.40,2,B04,US,10104
A000105,Account 000105,SAV,A,USD,False,5,2017-01-01T00:00:00Z,2018-12-22T00:00:00Z,53343.63,2,B00,US,10105
A000106,Account 000106,SAV,A,USD,False,6,2017-01-01T00:00:00Z,2018-12-22T00:00:00Z,61603.94,0,B01,US,10106
A000107,Account 000107,SAV,A,USD,False,7,2017-01-01T00:00:00Z,2018-12-22T00:00:00Z,67536.07,4,B02,US,10107
A000108,Account 000108,SAV,A,USD,False,8,2017-01-01T00:00:00Z,2018-12-22T00:00:00Z,94916.38,1,B03,US,10108
A000109,Account 000109,SAV,A,USD,False,9,2017-01-01T00:00:00Z,2018-12-22T00:00:00Z,98994.43,4,B04,US,10109
A000110,Account 000110,SAV,A,USD,False,10,2017-01-01T00:00:00Z,2018-12-22T00:00:00Z,85321.48,5,B00,US,10110
A000111,Account 000111,SAV,A,USD,False,11,2017-01-01T00:00:00Z,2018-12-22T00:00:00Z,69054.42,1,B01,US,10111
A000112,Account 000112,SAV,A,USD,False,12,2017-01-01T00:00:00Z,2018-12-22T00:00:00Z,51004.85,5,B02,US,10112
A000113,Account 000113,SAV,A,USD,False,13,2017-01-01T00:00:00Z,2018-12-22T00:00:00Z,87175.28,3,B03,US,10113
A000114,Account 000114,SAV,A,USD,False,14,2017-01-01T00:00:00Z,2018-12-22T00:00:00Z,87122.79,1,B04,US,10114
A000115,Account 000115,SAV,A,USD,False,15,2017-01-01T00:00:00Z,2018-12-22T00:00:00Z,73861.51,1,B00,US,10115
A000116,Account 000116,SAV,A,USD,False,16,2017-01-01T00:00:00Z,2018-12-22T00:00:00Z,83531.43,1,B01,US,10116
A000117,Account 000117,SAV,A,USD,False,17,2017-01-01T00:00:00Z,2018-12-22T00:00:00Z,87549.10,2,B02,US,10117
A000118,Account 000118,SAV,A,USD,False,18,2017-01-01T00:00:00Z,2018-12-22T00:00:00Z,70615.82,3,B03,US,10118
A000119,Account 000119,SAV,A,USD,False,19,2017-01-01T00:00:00Z,2018-12-22T00:00:00Z,88595.95,4,B04,US,10119
A000120,Account 000120,SAV,A,USD,False,0,2017-01-01T00:00:00Z,2018-12-22T00:00:00Z,97396.60,4,B00,US,10120
A000121,Account 000121,SAV,A,USD,False,1,2017-01-01T00:00:00Z,2018-12-22T00:00:00Z,84384.35,1,B01,US,10121
A000122,Account 000122,SAV,A,USD,False,2,2017-01-01T00:00:00Z,2018-12-22T00:00:00Z,93995.11,0,B02,US,10122
A000123,Account 000123,SAV,A,USD,False,3,2017-01-01T00:00:00Z,2018-12-22T00:00:00Z,98928.23,2,B03,US,10123
A000124,Account 000124,SAV,A,USD,False,4,2017-01-01T00:00:00Z,2018-12-22T00:00:00Z,57214.85,2,B04,US,10124
A000125,Account 000125,SAV,A,USD,False,5,2017-01-01T00:00:00Z,2018-12-22T00:00:00Z,78684.85,1,B00,US,10125
A000126,Account 000126,SAV,A,USD,False,6,2017-01-01T00:00:00Z,2018-12-22T00:00:00Z,96621.16,3,B01,US,10126
A000127,Account 000127,SAV,A,USD,False,7,2017-01-01T00:00:00Z,2018-12-22T00:00:00Z,64889.56,3,B02,US,10127
A000128,Account 000128,SAV,A,USD,False,8,2017-01-01T00:00:00Z,2018-12-22T00:00:00Z,65709.32,0,B03,US,10128
A000129,Account 000129,SAV,A,USD,False,9,2017-01-01T00:00:00Z,2018-12-22T00:00:00Z,72550.40,1,B04,US,10129
A000130,Account 000130,SAV,A,USD,False,10,2017-01-01T00:00:00Z,2018-12-22T00:00:00Z,91523.13,2,B00,US,10130
A000131,Account 000131,SAV,A,USD,False,11,2017-01-01T00:00:00Z,2018-12-22T00:00:00Z,69636.15,0,B01,US,10131
A000132,Account 000132,SAV,A,USD,False,12,2017-01-01T00:00:00Z,2018-12-22T00:00:00Z,76800.96,4,B02,US,10132
A000133,Account 000133,SAV,A,USD,False,13,2017-01-01T00:00:00Z,2018-12-22T00:00:00Z,50844.39,1,B03,US,10133
A000134,Account 000134,SAV,A,USD,False,14,2017-01-01T00:00:00Z,2018-12-22T00:00:00Z,71844.20,3,B04,US,10134
A000135,Account 000135,SAV,A,USD,False,15,2017-01-01T00:00:00Z,2018-12-22T00:00:00Z,75891.57,5,B00,US,10135
A000136,Account 000136,SAV,A,USD,False,16,2017-01-01T00:00:00Z,2018-12-22T00:00:00Z,66310.15,5,B01,US,10136
A000137,Account 000137,SAV,A,USD,False,17,2017-01-01T00:00:00Z,2018-12-22T00:00:00Z,56101.05,0,B02,US,10137
A000138,Account 000138,SAV,A,USD,False,18,2017-01-01T00:00:00Z,2018-12-22T00:00:00Z,70212.49,4,B03,US,10138
A000139,Account 000139,SAV,A,USD,False,19,2017-01-01T00:00:00Z,2018-12-22T00:00:00Z,64834.08,0,B04,US,10139
A000140,Account 000140,SAV,A,USD,False,0,2017-01-01T00:00:00Z,2018-12-22T00:00:00Z,63211.96,0,B00,US,10140
A000141,Account 000141,SAV,A,USD,False,1,2017-01-01T00:00:00Z,2018-12-22T00:00:00Z,55341.15,2,B01,US,10141
A000142,Account 000142,SAV,A,USD,False,2,2017-01-01T00:00:00Z,2018-12-22T00:00:00Z,81884.39,5,B02,US,10142
A000143,Account 000143,SAV,A,USD,False,3,2017-01-01T00:00:00Z,2018-12-22T00:00:00Z,63000.76,3,B03,US,10143
A000144,Account 000144,SAV,A,USD,False,4,2017-01-01T00:00:00Z,2018-12-22T00:00:00Z,57940.44,1,B04,US,10144
A000145,Account 000145,SAV,A,USD,False,5,2017-01-01T00:00:00Z,2018-12-22T00:00:00Z,60466.60,0,B00,US,10145
A000146,Account 000146,SAV,A,USD,False,6,2017-01-01T00:00:00Z,2018-12-22T00:00:00Z,80829.70,3,B01,US,10146
A000147,Account 000147,SAV,A,USD,False,7,2017-01-01T00:00:00Z,2018-12-22T00:00:00Z,93773.39,0,B02,US,10147
A000148,Account 000148,SAV,A,USD,False,8,2017-01-01T00:00:00Z,2018-12-22T00:00:00Z,80017.14,5,B03,US,10148
A000149,Account 000149,SAV,A,USD,False,9,2017-01-01T00:00:00Z,2018-12-22T00:00:00Z,98706.16,1,B04,US,10149
A000150,Account 000150,SAV,A,USD,False,10,2017-01-01T00:00:00Z,2018-12-22T00:00:00Z,52897.86,1,B00,US,10150
A000151,Account 000151,SAV,A,USD,False,11,2017-01-01T00:00:00Z,2018-12-22T00:00:00Z,62537.50,5,B01,US,10151
A000152,Account 000152,SAV,A,USD,False,12,2017-01-01T00:00:00Z,2018-12-22T00:00:00Z,63130.09,3,B02,US,10152
A000153,Account 000153,SAV,A,USD,False,13,2017-01-01T00:00:00Z,2018-12-22T00:00:00Z,57894.24,0,B03,US,10153
A000154,Account 000154,SAV,A,USD,False,14,2017-01-01T00:00:00Z,2018-12-22T00:00:00Z,87545.81,5,B04,US,10154
A000155,Account 000155,SAV,A,USD,False,15,2017-01-01T00:00:00Z,2018-12-22T00:00:00Z,80412.30,2,B00,US,10155
A000156,Account 000156,SAV,A,USD,False,16,2017-01-01T00:00:00Z,2018-12-22T00:00:00Z,51003.85,3,B01,US,10156
A000157,Account 000157,SAV,A,USD,False,17,2017-01-01T00:00:00Z,2018-12-22T00:00:00Z,53727.68,2,B02,US,10157
A000158,Account 000158,SAV,A,USD,False,18,2017-01-01T00:00:00Z,2018-12-22T00:00:00Z,79256.19,0,B03,US,10158
A000159,Account 000159,SAV,A,USD,False,19,2017-01-01T00:00:00Z,2018-12-22T00:00:00Z,82482.28,2,B04,US,10159
A000160,Account 000160,SAV,A,USD,False,0,2017-01-01T00:00:00Z,2018-12-22T00:00:00Z,90130.12,0,B00,US,10160
A000161,Account 000161,SAV,A,USD,False,1,2017-01-01T00:00:00Z,2018-12-22T00:00:00Z,97633.34,3,B01,US,10161
A000162,Account 000162,SAV,A,USD,False,2,2017-01-01T00:00:00Z,2018-12-22T00:00:00Z,86880.16,0,B02,US,10162
A000163,Account 000163,SAV,A,USD,False,3,2017-01-01T00:00:00Z,2018-12-22T00:00:00Z,74487.49,5,B03,US,10163
A000164,Account 000164,SAV,A,USD,False,4,2017-01-01T00:00:00Z,2018-12-22T00:00:00Z,54092.01,2,B04,US,10164
A000165,Account 000165,SAV,A,USD,False,5,2017-01-01T00:00:00Z,2018-12-22T00:00:00Z,55295.78,1,B00,US,10165
A000166,Account 000166,SAV,A,USD,False,6,2017-01-01T00:00:00Z,2018-12-22T00:00:00Z,84328.05,5,B01,US,10166
A000167,Account 000167,SAV,A,USD,False,7,2017-01-01T00:00:00Z,2018-12-22T00:00:00Z,70506.14,0,B02,US,10167
A000168,Account 000168,SAV,A,USD,False,8,2017-01-01T00:00:00Z,2018-12-22T00:00:00Z,80947.31,0,B03,US,10168
A000169,Account 000169,SAV,A,USD,False,9,2017-01-01T00:00:00Z,2018-12-22T00:00:00Z,88688.02,5,B04,US,10169
A000170,Account 000170,SAV,A,USD,False,10,2017-01-01T00:00:00Z,2018-12-22T00:00:00Z,78252.19,3,B00,US,10170
A000171,Account 000171,SAV,A,USD,False,11,2017-01-01T00:00:00Z,2018-12-22T00:00:00Z,82438.63,5,B01,US,10171
A000172,Account 000172,SAV,A,USD,False,12,2017-01-01T00:00:00Z,2018-12-22T00:00:00Z,50765.01,4,B02,US,10172
A000173,Account 000173,SAV,A,USD,False,13,2017-01-01T00:00:00Z,2018-12-22T00:00:00Z,94139.90,2,B03,US,10173
A000174,Account 000174,SAV,A,USD,False,14,2017-01-01T00:00:00Z,2018-12-22T00:00:00Z,66595.49,2,B04,US,10174
A000175,Account 000175,SAV,A,USD,False,15,2017-01-01T00:00:00Z,2018-12-22T00:00:00Z,70419.83,5,B00,US,10175
A000176,Account 000176,SAV,A,USD,False,16,2017-01-01T00:00:00Z,2018-12-22T00:00:00Z,61729.38,5,B01,US,10176
A000177,Account 000177,SAV,A,USD,False,17,2017-01-01T00:00:00Z,2018-12-22T00:00:00Z,57664.68,0,B02,US,10177
A000178,Account 000178,SAV,A,USD,False,18,2017-01-01T00:00:00Z,2018-12-22T00:00:00Z,59342.52,1,B03,US,10178
A000179,Account 000179,SAV,A,USD,False,19,2017-01-01T00:00:00Z,2018-12-22T00:00:00Z,84678.69,4,B04,US,10179
A000180,Account 000180,SAV,A,USD,False,0,2017-01-01T00:00:00Z,2018-12-22T00:00:00Z,85005.64,0,B00,US,10180
A000181,Account 000181,SAV,A,USD,False,1,2017-01-01T00:00:00Z,2018-12-22T00:00:00Z,62002.41,1,B01,US,10181
A000182,Account 000182,SAV,A,USD,False,2,2017-01-01T00:00:00Z,2018-12-22T00:00:00Z,97859.84,1,B02,US,10182
A000183,Account 000183,SAV,A,USD,False,3,2017-01-01T00:00:00Z,2018-12-22T00:00:00Z,56072.86,3,B03,US,10183
A000184,Account 000184,SAV,A,USD,False,4,2017-01-01T00:00:00Z,2018-12-22T00:00:00Z,96044.27,2,B04,US,10184
A000185,Account 000185,SAV,A,USD,False,5,2017-01-01T00:00:00Z,2018-12-22T00:00:00Z,59895.06,2,B00,US,10185
A000186,Account 000186,SAV,A,USD,False,6,2017-01-01T00:00:00Z,2018-12-22T00:00:00Z,55046.35,2,B01,US,10186
A000187,Account 000187,SAV,A,USD,False,7,2017-01-01T00:00:00Z,2018-12-22T00:00:00Z,53583.12,0,B02,US,10187
A000188,Account 000188,SAV,A,USD,False,8,2017-01-01T00:00:00Z,2018-12-22T00:00:00Z,58736.54,3,B03,US,10188
A000189,Account 000189,SAV,A,USD,False,9,2017-01-01T00:00:00Z,2018-12-22T00:00:00Z,83491.24,3,B04,US,10189
A000190,Account 000190,SAV,A,USD,False,10,2017-01-01T00:00:00Z,2018-12-22T00:00:00Z,88414.76,5,B00,US,10190
A000191,Account 000191,SAV,A,USD,False,11,2017-01-01T00:00:00Z,2018-12-22T00:00:00Z,77166.70,3,B01,US,10191
A000192,Account 000192,SAV,A,USD,False,12,2017-01-01T00:00:00Z,2018-12-22T00:00:00Z,58408.97,3,B02,US,10192
A000193,Account 000193,SAV,A,USD,False,13,2017-01-01T00:00:00Z,2018-12-22T00:00:00Z,69991.17,0,B03,US,10193
A000194,Account 000194,SAV,A,USD,False,14,2017-01-01T00:00:00Z,2018-12-22T00:00:00Z,94831.92,3,B04,US,10194
A000195,Account 000195,SAV,A,USD,False,15,2017-01-01T00:00:00Z,2018-12-22T00:00:00Z,53095.20,4,B00,US,10195
A000196,Account 000196,SAV,A,USD,False,16,2017-01-01T00:00:00Z,2018-12-22T00:00:00Z,56735.69,3,B01,US,10196
A000197,Account 000197,SAV,A,USD,False,17,2017-01-01T00:00:00Z,2018-12-22T00:00:00Z,54321.16,1,B02,US,10197
A000198,Account 000198,SAV,A,USD,False,18,2017-01-01T00:00:00Z,2018-12-22T00:00:00Z,91585.19,3,B03,US,10198
A000199,Account 000199,SAV,A,USD,False,19,2017-01-01T00:00:00Z,2018-12-22T00:00:00Z,58811.91,1,B04,US,10199
A000200,Account 000200,SAV,A,USD,False,0,2017-01-01T00:00:00Z,2018-12-22T00:00:00Z,66942.21,4,B00,US,10200
A000201,Account 000201,SAV,A,USD,False,1,2017-01-01T00:00:00Z,2018-12-22T00:00:00Z,85279.51,1,B01,US,10201
A000202,Account 000202,SAV,A,USD,False,2,2017-01-01T00:00:00Z,2018-12-22T00:00:00Z,84293.34,2,B02,US,10202
A000203,Account 000203,SAV,A,USD,False,3,2017-01-01T00:00:00Z,2018-12-22T00:00:00Z,81149.17,1,B03,US,10203
A000204,Account 000204,SAV,A,USD,False,4,2017-01-01T00:00:00Z,2018-12-22T00:00:00Z,70073.95,2,B04,US,10204
A000205,Account 000205,SAV,A,USD,False,5,2017-01-01T00:00:00Z,2018-12-22T00:00:00Z,87689.31,1,B00,US,10205
A000206,Account 000206,SAV,A,USD,False,6,2017-01-01T00:00:00Z,2018-12-22T00:00:00Z,80317.63,1,B01,US,10206
A000207,Account 000207,SAV,A,USD,False,7,2017-01-01T00:00:00Z,2018-12-22T00:00:00Z,97973.94,0,B02,US,10207
A000208,Account 000208,SAV,A,USD,False,8,2017-01-01T00:00:00Z,2018-12-22T00:00:00Z,92628.41,4,B03,US,10208
A000209,Account 000209,SAV,A,USD,False,9,2017-01-01T00:00:00Z,2018-12-22T00:00:00Z,65090.09,2,B04,US,10209
A000210,Account 000210,SAV,A,USD,False,10,2017-01-01T00:00:00Z,2018-12-22T00:00:00Z,93777.28,2,B00,US,10210
A000211,Account 000211,SAV,A,USD,False,11,2017-01-01T00:00:00Z,2018-12-22T00:00:00Z,52356.86,3,B01,US,10211
A000212,Account 000212,SAV,A,USD,False,12,2017-01-01T00:00:00Z,2018-12-22T00:00:00Z,96760.39,5,B02,US,10212
A000213,Account 000213,SAV,A,USD,False,13,2017-01-01T00:00:00Z,2018-12-22T00:00:00Z,64678.29,3,B03,US,10213
A000214,Account 000214,SAV,A,USD,False,14,2017-01-01T00:00:00Z,2018-12-22T00:00:00Z,86767.32,5,B04,US,10214
A000215,Account 000215,SAV,A,USD,False,15,2017-01-01T00:00:00Z,2018-12-22T00:00:00Z,91783.02,0,B00,US,10215
A000216,Account 000216,SAV,A,USD,False,16,2017-01-01T00:00:00Z,2018-12-22T00:00:00Z,64017.20,4,B01,US,10216
A000217,Account 000217,SAV,A,USD,False,17,2017-01-01T00:00:00Z,2018-12-22T00:00:00Z,90777.23,0,B02,US,10217
A000218,Account 000218,SAV,A,USD,False,18,2017-01-01T00:00:00Z,2018-12-22T00:00:00Z,54706.09,0,B03,US,10218
A000219,Account 000219,SAV,A,USD,False,19,2017-01-01T00:00:00Z,2018-12-22T00:00:00Z,94902.37,1,B04,US,10219
A000220,Account 000220,SAV,A,USD,False,0,2017-01-01T00:00:00Z,2018-12-22T00:00:00Z,59110.47,2,B00,US,10220
A000221,Account 000221,SAV,A,USD,False,1,2017-01-01T00:00:00Z,2018-12-22T00:00:00Z,86346.29,2,B01,US,10221
A000222,Account 000222,SAV,A,USD,False,2,2017-01-01T00:00:00Z,2018-12-22T00:00:00Z,52587.53,3,B02,US,10222
A000223,Account 000223,SAV,A,USD,False,3,2017-01-01T00:00:00Z,2018-12-22T00:00:00Z,54559.50,5,B03,US,10223
A000224,Account 000224,SAV,A,USD,False,4,2017-01-01T00:00:00Z,2018-12-22T00:00:00Z,56843.20,0,B04,US,10224
A000225,Account 000225,SAV,A,USD,False,5,2017-01-01T00:00:00Z,2018-12-22T00:00:00Z,67029.74,4,B00,US,10225
A000226,Account 000226,SAV,A,USD,False,6,2017-01-01T00:00:00Z,2018-12-22T00:00:00Z,96637.57,3,B01,US,10226
A000227,Account 000227,SAV,A,USD,False,7,2017-01-01T00:00:00Z,2018-12-22T00:00:00Z,70207.83,4,B02,US,10227
A000228,Account 000228,SAV,A,USD,False,8,2017-01-01T00:00:00Z,2018-12-22T00:00:00Z,76036.60,4,B03,US,10228
A000229,Account 000229,SAV,A,USD,False,9,2017-01-01T00:00:00Z,2018-12-22T00:00:00Z,62623.83,3,B04,US,10229
A000230,Account 000230,SAV,A,USD,False,10,2017-01-01T00:00:00Z,2018-12-22T00:00:00Z,90725.26,5,B00,US,10230
A000231,Account 000231,SAV,A,USD,False,11,2017-01-01T00:00:00Z,2018-12-22T00:00:00Z,57016.43,1,B01,US,10231
A000232,Account 000232,SAV,A,USD,False,12,2017-01-01T00:00:00Z,2018-12-22T00:00:00Z,73457.98,1,B02,US,10232
A000233,Account 000233,SAV,A,USD,False,13,2017-01-01T00:00:00Z,2018-12-22T00:00:00Z,76526.14,2,B03,US,10233
A000234,Account 000234,SAV,A,USD,False,14,2017-01-01T00:00:00Z,2018-12-22T00:00:00Z,96914.66,0,B04,US,10234
A000235,Account 000235,SAV,A,USD,False,15,2017-01-01T00:00:00Z,2018-12-22T00:00:00Z,88523.08,4,B00,US,10235
A000236,Account 000236,SAV,A,USD,False,16,2017-01-01T00:00:00Z,2018-12-22T00:00:00Z,67486.06,3,B01,US,10236
A000237,Account 000237,SAV,A,USD,False,17,2017-01-01T00:00:00Z,2018-12-22T00:00:00Z,96562.24,1,B02,US,10237
A000238,Account 000238,SAV,A,USD,False,18,2017-01-01T00:00:00Z,2018-12-22T00:00:00Z,88802.22,0,B03,US,10238
A000239,Account 000239,SAV,A,USD,False,19,2017-01-01T00:00:00Z,2018-12-22T00:00:00Z,99358.11,0,B04,US,10239
A000240,Account 000240,SAV,A,USD,False,0,2017-01-01T00:00:00Z,2018-12-22T00:00:00Z,99175.44,4,B00,US,10240
A000241,Account 000241,SAV,A,USD,False,1,2017-01-01T00:00:00Z,2018-12-22T00:00:00Z,88770.88,5,B01,US,10241
A000242,Account 000242,SAV,A,USD,False,2,2017-01-01T00:00:00Z,2018-12-22T00:00:00Z,58278.66,5,B02,US,10242
A000243,Account 000243,SAV,A,USD,False,3,2017-01-01T00:00:00Z,2018-12-22T00:00:00Z,61561.89,4,B03,US,10243
A000244,Account 000244,SAV,A,USD,False,4,2017-01-01T00:00:00Z,2018-12-22T00:00:00Z,65260.46,0,B04,US,10244
A000245,Account 000245,SAV,A,USD,False,5,2017-01-01T00:00:00Z,2018-12-22T00:00:00Z,75668.16,5,B00,US,10245
A000246,Account 000246,SAV,A,USD,False,6,2017-01-01T00:00:00Z,2018-12-22T00:00:00Z,82327.14,5,B01,US,10246
A000247,Account 000247,SAV,A,USD,False,7,2017-01-01T00:00:00Z,2018-12-22T00:00:00Z,72432.48,0,B02,US,10247
A000248,Account 000248,SAV,A,USD,False,8,2017-01-01T00:00:00Z,2018-12-22T00:00:00Z,80531.41,2,B03,US,10248
A000249,Account 000249,SAV,A,USD,False,9,2017-01-01T00:00:00Z,2018-12-22T00:00:00Z,97483.62,5,B04,US,10249
A000250,Account 000250,SAV,A,USD,False,10,2017-01-01T00:00:00Z,2018-12-22T00:00:00Z,65580.91,2,B00,US,10250
A000251,Account 000251,SAV,A,USD,False,11,2017-01-01T00:00:00Z,2018-12-22T00:00:00Z,63434.95,3,B01,US,10251
A000252,Account 000252,SAV,A,USD,False,12,2017-01-01T00:00:00Z,2018-12-22T00:00:00Z,92706.96,1,B02,US,10252
A000253,Account 000253,SAV,A,USD,False,13,2017-01-01T00:00:00Z,2018-12-22T00:00:00Z,86821.47,1,B03,US,10253
A000254,Account 000254,SAV,A,USD,False,14,2017-01-01T00:00:00Z,2018-12-22T00:00:00Z,75549.24,5,B04,US,10254
A000255,Account 000255,SAV,A,USD,False,15,2017-01-01T00:00:00Z,2018-12-22T00:00:00Z,61646.36,1,B00,US,10255
A000256,Account 000256,SAV,A,USD,False,16,2017-01-01T00:00:00Z,2018-12-22T00:00:00Z,59254.73,1,B01,US,10256
A000257,Account 000257,SAV,A,USD,False,17,2017-01-01T00:00:00Z,2018-12-22T00:00:00Z,59239.96,1,B02,US,10257
A000258,Account 000258,SAV,A,USD,False,18,2017-01-01T00:00:00Z,2018-12-22T00:00:00Z,61730.78,4,B03,US,10258
A000259,Account 000259,SAV,A,USD,False,19,2017-01-01T00:00:00Z,2018-12-22T00:00:00Z,63280.17,2,B04,US,10259
A000260,Account 000260,SAV,A,USD,False,0,2017-01-01T00:00:00Z,2018-12-22T00:00:00Z,74018.43,0,B00,US,10260
A000261,Account 000261,SAV,A,USD,False,1,2017-01-01T00:00:00Z,2018-12-22T00:00:00Z,77679.20,2,B01,US,10261
A000262,Account 000262,SAV,A,USD,False,2,2017-01-01T00:00:00Z,2018-12-22T00:00:00Z,69830.08,4,B02,US,10262
A000263,Account 000263,SAV,A,USD,False,3,2017-01-01T00:00:00Z,2018-12-22T00:00:00Z,86371.87,1,B03,US,10263
A000264,Account 000264,SAV,A,USD,False,4,2017-01-01T00:00:00Z,2018-12-22T00:00:00Z,73126.10,0,B04,US,10264
A000265,Account 000265,SAV,A,USD,False,5,2017-01-01T00:00:00Z,2018-12-22T00:00:00Z,75431.43,2,B00,US,10265
A000266,Account 000266,SAV,A,USD,False,6,2017-01-01T00:00:00Z,2018-12-22T00:00:00Z,62911.81,1,B01,US,10266
A000267,Account 000267,SAV,A,USD,False,7,2017-01-01T00:00:00Z,2018-12-22T00:00:00Z,61484.86,4,B02,US,10267
A000268,Account 000268,SAV,A,USD,False,8,2017-01-01T00:00:00Z,2018-12-22T00:00:00Z,64884.54,3,B03,US,10268
A000269,Account 000269,SAV,A,USD,False,9,2017-01-01T00:00:00Z,2018-12-22T00:00:00Z,54461.78,4,B04,US,10269
A000270,Account 000270,SAV,A,USD,False,10,2017-01-01T00:00:00Z,2018-12-22T00:00:00Z,93366.09,1,B00,US,10270
A000271,Account 000271,SAV,A,USD,False,11,2017-01-01T00:00:00Z,2018-12-22T00:00:00Z,59176.96,1,B01,US,10271
A000272,Account 000272,SAV,A,USD,False,12,2017-01-01T00:00:00Z,2018-12-22T00:00:00Z,82506.82,4,B02,US,10272
A000273,Account 000273,SAV,A,USD,False,13,2017-01-01T00:00:00Z,2018-12-22T00:00:00Z,74123.17,4,B03,US,10273
A000274,Account 000274,SAV,A,USD,False,14,2017-01-01T00:00:00Z,2018-12-22T00:00:00Z,84929.49,4,B04,US,10274
A000275,Account 000275,SAV,A,USD,False,15,2017-01-01T00:00:00Z,2018-12-22T00:00:00Z,92141.07,5,B00,US,10275
A000276,Account 000276,SAV,A,USD,False,16,2017-01-01T00:00:00Z,2018-12-22T00:00:00Z,54720.66,0,B01,US,10276
A000277,Account 000277,SAV,A,USD,False,17,2017-01-01T00:00:00Z,2018-12-22T00:00:00Z,50666.70,5,B02,US,10277
A000278,Account 000278,SAV,A,USD,False,18,2017-01-01T00:00:00Z,2018-12-22T00:00:00Z,86593.82,2,B03,US,10278
A000279,Account 000279,SAV,A,USD,False,19,2017-01-01T00:00:00Z,2018-12-22T00:00:00Z,67969.35,0,B04,US,10279
A000280,Account 000280,SAV,A,USD,False,0,2017-01-01T00:00:00Z,2018-12-22T00:00:00Z,89368.18,2,B00,US,10280
A000281,Account 000281,SAV,A,USD,False,1,2017-01-01T00:00:00Z,2018-12-22T00:00:00Z,92807.70,2,B01,US,10281
A000282,Account 000282,SAV,A,USD,False,2,2017-01-01T00:00:00Z,2018-12-22T00:00:00Z,59141.07,1,B02,US,10282
A000283,Account 000283,SAV,A,USD,False,3,2017-01-01T00:00:00Z,2018-12-22T00:00:00Z,83963.25,1,B03,US,10283
A000284,Account 000284,SAV,A,USD,False,4,2017-01-01T00:00:00Z,2018-12-22T00:00:00Z,96852.71,4,B04,US,10284
A000285,Account 000285,SAV,A,USD,False,5,2017-01-01T00:00:00Z,2018-12-22T00:00:00Z,55024.19,3,B00,US,10285
A000286,Account 000286,SAV,A,USD,False,6,2017-01-01T00:00:00Z,2018-12-22T00:00:00Z,90559.72,4,B01,US,10286
A000287,Account 000287,SAV,A,USD,False,7,2017-01-01T00:00:00Z,2018-12-22T00:00:00Z,85107.70,3,B02,US,10287
A000288,Account 000288,SAV,A,USD,False,8,2017-01-01T00:00:00Z,2018-12-22T00:00:00Z,83724.91,3,B03,US,10288
A000289,Account 000289,SAV,A,USD,False,9,2017-01-01T00:00:00Z,2018-12-22T00:00:00Z,76093.74,4,B04,US,10289
A000290,Account 000290,SAV,A,USD,False,10,2017-01-01T00:00:00Z,2018-12-22T00:00:00Z,60483.43,1,B00,US,10290
A000291,Account 000291,SAV,A,USD,False,11,2017-01-01T00:00:00Z,2018-12-22T00:00:00Z,77529.99,3,B01,US,10291
A000292,Account 000292,SAV,A,USD,False,12,2017-01-01T00:00:00Z,2018-12-22T00:00:00Z,57147.35,5,B02,US,10292
A000293,Account 000293,SAV,A,USD,False,13,2017-01-01T00:00:00Z,2018-12-22T00:00:00Z,77106.34,1,B03,US,10293
A000294,Account 000294,SAV,A,USD,False,14,2017-01-01T00:00:00Z,2018-12-22T00:00:00Z,59622.36,2,B04,US,10294
A000295,Account 000295,SAV,A,USD,False,15,2017-01-01T00:00:00Z,2018-12-22T00:00:00Z,89870.01,5,B00,US,10295
A000296,Account 000296,SAV,A,USD,False,16,2017-01-01T00:00:00Z,2018-12-22T00:00:00Z,83589.94,4,B01,US,10296
A000297,Account 000297,SAV,A,USD,False,17,2017-01-01T00:00:00Z,2018-12-22T00:00:00Z,98187.98,4,B02,US,10297
A000298,Account 000298,SAV,A,USD,False,18,2017-01-01T00:00:00Z,2018-12-22T00:00:00Z,65561.86,3,B03,US,10298
A000299,Account 000299,SAV,A,USD,False,19,2017-01-01T00:00:00Z,2018-12-22T00:00:00Z,91480.46,4,B04,US,10299
A000300,Account 000300,SAV,A,USD,False,0,2017-01-01T00:00:00Z,2018-12-22T00:00:00Z,65769.92,1,B00,US,10300
A000301,Account 000301,SAV,A,USD,False,1,2017-01-01T00:00:00Z,2018-12-22T00:00:00Z,86011.44,2,B01,US,10301
A000302,Account 000302,SAV,A,USD,False,2,2017-01-01T00:00:00Z,2018-12-22T00:00:00Z,98025.80,2,B02,US,10302
A000303,Account 000303,SAV,A,USD,False,3,2017-01-01T00:00:00Z,2018-12-22T00:00:00Z,54911.30,3,B03,US,10303
A000304,Account 000304,SAV,A,USD,False,4,2017-01-01T00:00:00Z,2018-12-22T00:00:00Z,71904.37,2,B04,US,10304
A000305,Account 000305,SAV,A,USD,False,5,2017-01-01T00:00:00Z,2018-12-22T00:00:00Z,95199.02,2,B00,US,10305
A000306,Account 000306,SAV,A,USD,False,6,2017-01-01T00:00:00Z,2018-12-22T00:00:00Z,84908.43,5,B01,US,10306
A000307,Account 000307,SAV,A,USD,False,7,2017-01-01T00:00:00Z,2018-12-22T00:00:00Z,58781.43,5,B02,US,10307
A000308,Account 000308,SAV,A,USD,False,8,2017-01-01T00:00:00Z,2018-12-22T00:00:00Z,53375.78,2,B03,US,10308
A000309,Account 000309,SAV,A,USD,False,9,2017-01-01T00:00:00Z,2018-12-22T00:00:00Z,83040.02,2,B04,US,10309
A000310,Account 000310,SAV,A,USD,False,10,2017-01-01T00:00:00Z,2018-12-22T00:00:00Z,79354.22,5,B00,US,10310
A000311,Account 000311,SAV,A,USD,False,11,2017-01-01T00:00:00Z,2018-12-22T00:00:00Z,92578.52,3,B01,US,10311
A000312,Account 000312,SAV,A,USD,False,12,2017-01-01T00:00:00Z,2018-12-22T00:00:00Z,78641.37,1,B02,US,10312
A000313,Account 000313,SAV,A,USD,False,13,2017-01-01T00:00:00Z,2018-12-22T00:00:00Z,91952.21,1,B03,US,10313
A000314,Account 000314,SAV,A,USD,False,14,2017-01-01T00:00:00Z,2018-12-22T00:00:00Z,56765.87,5,B04,US,10314
A000315,Account 000315,SAV,A,USD,False,15,2017-01-01T00:00:00Z,2018-12-22T00:00:00Z,66721.49,0,B00,US,10315
A000316,Account 000316,SAV,A,USD,False,16,2017-01-01T00:00:00Z,2018-12-22T00:00:00Z,70188.48,4,B01,US,10316
A000317,Account 000317,SAV,A,USD,False,17,2017-01-01T00:00:00Z,2018-12-22T00:00:00Z,73925.92,5,B02,US,10317
A000318,Account 000318,SAV,A,USD,False,18,2017-01-01T00:00:00Z,2018-12-22T00:00:00Z,61313.60,2,B03,US,10318
A000319,Account 000319,SAV,A,USD,False,19,2017-01-01T00:00:00Z,2018-12-22T00:00:00Z,55226.92,0,B04,US,10319
A000320,Account 000320,SAV,A,USD,False,0,2017-01-01T00:00:00Z,2018-12-22T00:00:00Z,89112.75,2,B00,US,10320
A000321,Account 000321,SAV,A,USD,False,1,2017-01-01T00:00:00Z,2018-12-22T00:00:00Z,86299.11,0,B01,US,10321
A000322,Account 000322,SAV,A,USD,False,2,2017-01-01T00:00:00Z,2018-12-22T00:00:00Z,73289.39,2,B02,US,10322
A000323,Account 000323,SAV,A,USD,False,3,2017-01-01T00:00:00Z,2018-12-22T00:00:00Z,70833.17,5,B03,US,10323
A000324,Account 000324,SAV,A,USD,False,4,2017-01-01T00:00:00Z,2018-12-22T00:00:00Z,95948.39,0,B04,US,10324
A000325,Account 000325,SAV,A,USD,False,5,2017-01-01T00:00:00Z,2018-12-22T00:00:00Z,51012.09,2,B00,US,10325
A000326,Account 000326,SAV,A,USD,False,6,2017-01-01T00:00:00Z,2018-12-22T00:00:00Z,60387.35,0,B01,US,10326
A000327,Account 000327,SAV,A,USD,False,7,2017-01-01T00:00:00Z,2018-12-22T00:00:00Z,79672.88,1,B02,US,10327
A000328,Account 000328,SAV,A,USD,False,8,2017-01-01T00:00:00Z,2018-12-22T00:00:00Z,76450.14,0,B03,US,10328
A000329,Account 000329,SAV,A,USD,False,9,2017-01-01T00:00:00Z,2018-12-22T00:00:00Z,83355.00,1,B04,US,10329
A000330,Account 000330,SAV,A,USD,False,10,2017-01-01T00:00:00Z,2018-12-22T00:00:00Z,71008.10,0,B00,US,10330
A000331,Account 000331,SAV,A,USD,False,11,2017-01-01T00:00:00Z,2018-12-22T00:00:00Z,98341.93,3,B01,US,10331
A000332,Account 000332,SAV,A,USD,False,12,2017-01-01T00:00:00Z,2018-12-22T00:00:00Z,65090.74,3,B02,US,10332
A000333,Account 000333,SAV,A,USD,False,13,2017-01-01T00:00:00Z,2018-12-22T00:00:00Z,62341.50,1,B03,US,10333
A000334,Account 000334,SAV,A,USD,False,14,2017-01-01T00:00:00Z,2018-12-22T00:00:00Z,96760.73,1,B04,US,10334
A000335,Account 000335,SAV,A,USD,False,15,2017-01-01T00:00:00Z,2018-12-22T00:00:00Z,92996.30,0,B00,US,10335
A000336,Account 000336,SAV,A,USD,False,16,2017-01-01T00:00:00Z,2018-12-22T00:00:00Z,97889.31,0,B01,US,10336
A000337,Account 000337,SAV,A,USD,False,17,2017-01-01T00:00:00Z,2018-12-22T00:00:00Z,82549.79,4,B02,US,10337
A000338,Account 000338,SAV,A,USD,False,18,2017-01-01T00:00:00Z,2018-12-22T00:00:00Z,94750.09,4,B03,US,10338
A000339,Account 000339,SAV,A,USD,False,19,2017-01-01T00:00:00Z,2018-12-22T00:00:00Z,76415.31,5,B04,US,10339
A000340,Account 000340,SAV,A,USD,False,0,2017-01-01T00:00:00Z,2018-12-22T00:00:00Z,94987.85,5,B00,US,10340
A000341,Account 000341,SAV,A,USD,False,1,2017-01-01T00:00:00Z,2018-12-22T00:00:00Z,85889.57,2,B01,US,10341
A000342,Account 000342,SAV,A,USD,False,2,2017-01-01T00:00:00Z,2018-12-22T00:00:00Z,50723.63,4,B02,US,10342
A000343,Account 000343,SAV,A,USD,False,3,2017-01-01T00:00:00Z,2018-12-22T00:00:00Z,82670.01,5,B03,US,10343
A000344,Account 000344,SAV,A,USD,False,4,2017-01-01T00:00:00Z,2018-12-22T00:00:00Z,52547.74,1,B04,US,10344
A000345,Account 000345,SAV,A,USD,False,5,2017-01-01T00:00:00Z,2018-12-22T00:00:00Z,68893.57,5,B00,US,10345
A000346,Account 000346,SAV,A,USD,False,6,2017-01-01T00:00:00Z,2018-12-22T00:00:00Z,82726.16,4,B01,US,10346
A000347,Account 000347,SAV,A,USD,False,7,2017-01-01T00:00:00Z,2018-12-22T00:00:00Z,65520.44,5,B02,US,10347
A000348,Account 000348,SAV,A,USD,False,8,2017-01-01T00:00:00Z,2018-12-22T00:00:00Z,59515.00,2,B03,US,10348
A000349,Account 000349,SAV,A,USD,False,9,2017-01-01T00:00:00Z,2018-12-22T00:00:00Z,62835.83,2,B04,US,10349
A000350,Account 000350,SAV,A,USD,False,10,2017-01-01T00:00:00Z,2018-12-22T00:00:00Z,77161.50,2,B00,US,10350
A000351,Account 000351,SAV,A,USD,False,11,2017-01-01T00:00:00Z,2018-12-22T00:00:00Z,67917.76,5,B01,US,10351
A000352,Account 000352,SAV,A,USD,False,12,2017-01-01T00:00:00Z,2018-12-22T00:00:00Z,74765.08,4,B02,US,10352
A000353,Account 000353,SAV,A,USD,False,13,2017-01-01T00:00:00Z,2018-12-22T00:00:00Z,81967.74,5,B03,US,10353
A000354,Account 000354,SAV,A,USD,False,14,2017-01-01T00:00:00Z,2018-12-22T00:00:00Z,56205.05,5,B04,US,10354
A000355,Account 000355,SAV,A,USD,False,15,2017-01-01T00:00:00Z,2018-12-22T00:00:00Z,67237.98,5,B00,US,10355
A000356,Account 000356,SAV,A,USD,False,16,2017-01-01T00:00:00Z,2018-12-22T00:00:00Z,54283.33,0,B01,US,10356
A000357,Account 000357,SAV,A,USD,False,17,2017-01-01T00:00:00Z,2018-12-22T00:00:00Z,50065.68,1,B02,US,10357
A000358,Account 000358,SAV,A,USD,False,18,2017-01-01T00:00:00Z,2018-12-22T00:00:00Z,56890.75,0,B03,US,10358
A000359,Account 000359,SAV,A,USD,False,19,2017-01-01T00:00:00Z,2018-12-22T00:00:00Z,75265.97,1,B04,US,10359
A000360,Account 000360,SAV,A,USD,False,0,2017-01-01T00:00:00Z,2018-12-22T00:00:00Z,58541.99,1,B00,US,10360
A000361,Account 000361,SAV,A,USD,False,1,2017-01-01T00:00:00Z,2018-12-22T00:00:00Z,76320.72,5,B01,US,10361
A000362,Account 000362,SAV,A,USD,False,2,2017-01-01T00:00:00Z,2018-12-22T00:00:00Z,67511.03,5,B02,US,10362
A000363,Account 000363,SAV,A,USD,False,3,2017-01-01T00:00:00Z,2018-12-22T00:00:00Z,61830.73,2,B03,US,10363
A000364,Account 000364,SAV,A,USD,False,4,2017-01-01T00:00:00Z,2018-12-22T00:00:00Z,50941.59,2,B04,US,10364
A000365,Account 000365,SAV,A,USD,False,5,2017-01-01T00:00:00Z,2018-12-22T00:00:00Z,50397.30,1,B00,US,10365
A000366,Account 000366,SAV,A,USD,False,6,2017-01-01T00:00:00Z,2018-12-22T00:00:00Z,56254.53,4,B01,US,10366
A000367,Account 000367,SAV,A,USD,False,7,2017-01-01T00:00:00Z,2018-12-22T00:00:00Z,79310.16,0,B02,US,10367
A000368,Account 000368,SAV,A,USD,False,8,2017-01-01T00:00:00Z,2018-12-22T00:00:00Z,85644.26,0,B03,US,10368
A000369,Account 000369,SAV,A,USD,False,9,2017-01-01T00:00:00Z,2018-12-22T00:00:00Z,89893.05,3,B04,US,10369
A000370,Account 000370,SAV,A,USD,False,10,2017-01-01T00:00:00Z,2018-12-22T00:00:00Z,67382.17,0,B00,US,10370
A000371,Account 000371,SAV,A,USD,False,11,2017-01-01T00:00:00Z,2018-12-22T00:00:00Z,78254.34,1,B01,US,10371
A000372,Account 000372,SAV,A,USD,False,12,2017-01-01T00:00:00Z,2018-12-22T00:00:00Z,85521.55,2,B02,US,10372
A000373,Account 000373,SAV,A,USD,False,13,2017-01-01T00:00:00Z,2018-12-22T00:00:00Z,92383.81,2,B03,US,10373
A000374,Account 000374,SAV,A,USD,False,14,2017-01-01T00:00:00Z,2018-12-22T00:00:00Z,92714.27,1,B04,US,10374
A000375,Account 000375,SAV,A,USD,False,15,2017-01-01T00:00:00Z,2018-12-22T00:00:00Z,87152.73,2,B00,US,10375
A000376,Account 000376,SAV,A,USD,False,16,2017-01-01T00:00:00Z,2018-12-22T00:00:00Z,71678.57,0,B01,US,10376
A000377,Account 000377,SAV,A,USD,False,17,2017-01-01T00:00:00Z,2018-12-22T00:00:00Z,93531.52,3,B02,US,10377
A000378,Account 000378,SAV,A,USD,False,18,2017-01-01T00:00:00Z,2018-12-22T00:00:00Z,95085.69,1,B03,US,10378
A000379,Account 000379,SAV,A,USD,False,19,2017-01-01T00:00:00Z,2018-12-22T00:00:00Z,63651.25,4,B04,US,10379
A000380,Account 000380,SAV,A,USD,False,0,2017-01-01T00:00:00Z,2018-12-22T00:00:00Z,75935.87,3,B00,US,10380
A000381,Account 000381,SAV,A,USD,False,1,2017-01-01T00:00:00Z,2018-12-22T00:00:00Z,87595.67,2,B01,US,10381
A000382,Account 000382,SAV,A,USD,False,2,2017-01-01T00:00:00Z,2018-12-22T00:00:00Z,99375.43,1,B02,US,10382
A000383,Account 000383,SAV,A,USD,False,3,2017-01-01T00:00:00Z,2018-12-22T00:00:00Z,82595.40,3,B03,US,10383
A000384,Account 000384,SAV,A,USD,False,4,2017-01-01T00:00:00Z,2018-12-22T00:00:00Z,88384.57,1,B04,US,10384
A000385,Account 000385,SAV,A,USD,False,5,2017-01-01T00:00:00Z,2018-12-22T00:00:00Z,51656.58,3,B00,US,10385
A000386,Account 000386,SAV,A,USD,False,6,2017-01-01T00:00:00Z,2018-12-22T00:00:00Z,78101.55,3,B01,US,10386
A000387,Account 000387,SAV,A,USD,False,7,2017-01-01T00:00:00Z,2018-12-22T00:00:00Z,90489.81,4,B02,US,10387
A000388,Account 000388,SAV,A,USD,False,8,2017-01-01T00:00:00Z,2018-12-22T00:00:00Z,56582.27,5,B03,US,10388
A000389,Account 000389,SAV,A,USD,False,9,2017-01-01T00:00:00Z,2018-12-22T00:00:00Z,51766.05,5,B04,US,10389
A000390,Account 000390,SAV,A,USD,False,10,2017-01-01T00:00:00Z,2018-12-22T00:00:00Z,85336.73,0,B00,US,10390
A000391,Account 000391,SAV,A,USD,False,11,2017-01-01T00:00:00Z,2018-12-22T00:00:00Z,79029.39,2,B01,US,10391
A000392,Account 000392,SAV,A,USD,False,12,2017-01-01T00:00:00Z,2018-12-22T00:00:00Z,96731.27,4,B02,US,10392
A000393,Account 000393,SAV,A,USD,False,13,2017-01-01T00:00:00Z,2018-12-22T00:00:00Z,81040.01,3,B03,US,10393
A000394,Account 000394,SAV,A,USD,False,14,2017-01-01T00:00:00Z,2018-12-22T00:00:00Z,72520.44,0,B04,US,10394
A000395,Account 000395,SAV,A,USD,False,15,2017-01-01T00:00:00Z,2018-12-22T00:00:00Z,91187.70,0,B00,US,10395
A000396,Account 000396,SAV,A,USD,False,16,2017-01-01T00:00:00Z,2018-12-22T00:00:00Z,82616.84,4,B01,US,10396
A000397,Account 000397,SAV,A,USD,False,17,2017-01-01T00:00:00Z,2018-12-22T00:00:00Z,99408.84,3,B02,US,10397
A000398,Account 000398,SAV,A,USD,False,18,2017-01-01T00:00:00Z,2018-12-22T00:00:00Z,93125.57,5,B03,US,10398
A000399,Account 000399,SAV,A,USD,False,19,2017-01-01T00:00:00Z,2018-12-22T00:00:00Z,58189.66,2,B04,US,10399
A000400,Account 000400,SAV,A,USD,False,0,2017-01-01T00:00:00Z,2018-12-22T00:00:00Z,74944.19,4,B00,US,10400
A000401,Account 000401,SAV,A,USD,False,1,2017-01-01T00:00:00Z,2018-12-22T00:00:00Z,76730.39,3,B01,US,10401
A000402,Account 000402,SAV,A,USD,False,2,2017-01-01T00:00:00Z,2018-12-22T00:00:00Z,59039.97,1,B02,US,10402
A000403,Account 000403,SAV,A,USD,False,3,2017-01-01T00:00:00Z,2018-12-22T00:00:00Z,86203.43,2,B03,US,10403
A000404,Account 000404,SAV,A,USD,False,4,2017-01-01T00:00:00Z,2018-12-22T00:00:00Z,78703.05,4,B04,US,10404
A000405,Account 000405,SAV,A,USD,False,5,2017-01-01T00:00:00Z,2018-12-22T00:00:00Z,89342.43,5,B00,US,10405
A000406,Account 000406,SAV,A,USD,False,6,2017-01-01T00:00:00Z,2018-12-22T00:00:00Z,83794.24,4,B01,US,10406
A000407,Account 000407,SAV,A,USD,False,7,2017-01-01T00:00:00Z,2018-12-22T00:00:00Z,92224.46,3,B02,US,10407
A000408,Account 000408,SAV,A,USD,False,8,2017-01-01T00:00:00Z,2018-12-22T00:00:00Z,86296.84,4,B03,US,10408
A000409,Account 000409,SAV,A,USD,False,9,2017-01-01T00:00:00Z,2018-12-22T00:00:00Z,64306.89,2,B04,US,10409
A000410,Account 000410,SAV,A,USD,False,10,2017-01-01T00:00:00Z,2018-12-22T00:00:00Z,68404.87,2,B00,US,10410
A000411,Account 000411,SAV,A,USD,False,11,2017-01-01T00:00:00Z,2018-12-22T00:00:00Z,74840.15,1,B01,US,10411
A000412,Account 000412,SAV,A,USD,False,12,2017-01-01T00:00:00Z,2018-12-22T00:00:00Z,79232.98,2,B02,US,10412
A000413,Account 000413,SAV,A,USD,False,13,2017-01-01T00:00:00Z,2018-12-22T00:00:00Z,94919.71,1,B03,US,10413
A000414,Account 000414,SAV,A,USD,False,14,2017-01-01T00:00:00Z,2018-12-22T00:00:00Z,63061.38,2,B04,US,10414
A000415,Account 000415,SAV,A,USD,False,15,2017-01-01T00:00:00Z,2018-12-22T00:00:00Z,60298.38,4,B00,US,10415
A000416,Account 000416,SAV,A,USD,False,16,2017-01-01T00:00:00Z,2018-12-22T00:00:00Z,87729.33,2,B01,US,10416
A000417,Account 000417,SAV,A,USD,False,17,2017-01-01T00:00:00Z,2018-12-22T00:00:00Z,78119.77,4,B02,US,10417
A000418,Account 000418,SAV,A,USD,False,18,2017-01-01T00:00:00Z,2018-12-22T00:00:00Z,73778.41,1,B03,US,10418
A000419,Account 000419,SAV,A,USD,False,19,2017-01-01T00:00:00Z,2018-12-22T00:00:00Z,59137.75,2,B04,US,10419
A000420,Account 000420,SAV,A,USD,False,0,2017-01-01T00:00:00Z,2018-12-22T00:00:00Z,60549.71,0,B00,US,10420
A000421,Account 000421,SAV,A,USD,False,1,2017-01-01T00:00:00Z,2018-12-22T00:00:00Z,60749.50,5,B01,US,10421
A000422,Account 000422,SAV,A,USD,False,2,2017-01-01T00:00:00Z,2018-12-22T00:00:00Z,64558.49,2,B02,US,10422
A000423,Account 000423,SAV,A,USD,False,3,2017-01-01T00:00:00Z,2018-12-22T00:00:00Z,76499.50,3,B03,US,10423
A000424,Account 000424,SAV,A,USD,False,4,2017-01-01T00:00:00Z,2018-12-22T00:00:00Z,62034.63,2,B04,US,10424
A000425,Account 000425,SAV,A,USD,False,5,2017-01-01T00:00:00Z,2018-12-22T00:00:00Z,85202.52,1,B00,US,10425
A000426,Account 000426,SAV,A,USD,False,6,2017-01-01T00:00:00Z,2018-12-22T00:00:00Z,64638.66,2,B01,US,10426
A000427,Account 000427,SAV,A,USD,False,7,2017-01-01T00:00:00Z,2018-12-22T00:00:00Z,89830.65,2,B02,US,10427
A000428,Account 000428,SAV,A,USD,False,8,2017-01-01T00:00:00Z,2018-12-22T00:00:00Z,73320.76,4,B03,US,10428
A000429,Account 000429,SAV,A,USD,False,9,2017-01-01T00:00:00Z,2018-12-22T00:00:00Z,99552.81,4,B04,US,10429
A000430,Account 000430,SAV,A,USD,False,10,2017-01-01T00:00:00Z,2018-12-22T00:00:00Z,97284.80,5,B00,US,10430
A000431,Account 000431,SAV,A,USD,False,11,2017-01-01T00:00:00Z,2018-12-22T00:00:00Z,94580.17,4,B01,US,10431
A000432,Account 000432,SAV,A,USD,False,12,2017-01-01T00:00:00Z,2018-12-22T00:00:00Z,80773.13,3,B02,US,10432
A000433,Account 000433,SAV,A,USD,False,13,2017-01-01T00:00:00Z,2018-12-22T00:00:00Z,97500.12,5,B03,US,10433
A000434,Account 000434,SAV,A,USD,False,14,2017-01-01T00:00:00Z,2018-12-22T00:00:00Z,96049.48,1,B04,US,10434
A000435,Account 000435,SAV,A,USD,False,15,2017-01-01T00:00:00Z,2018-12-22T00:00:00Z,68758.10,0,B00,US,10435
A000436,Account 000436,SAV,A,USD,False,16,2017-01-01T00:00:00Z,2018-12-22T00:00:00Z,86781.15,3,B01,US,10436
A000437,Account 000437,SAV,A,USD,False,17,2017-01-01T00:00:00Z,2018-12-22T00:00:00Z,78977.18,4,B02,US,10437
A000438,Account 000438,SAV,A,USD,False,18,2017-01-01T00:00:00Z,2018-12-22T00:00:00Z,68968.86,2,B03,US,10438
A000439,Account 000439,SAV,A,USD,False,19,2017-01-01T00:00:00Z,2018-12-22T00:00:00Z,53287.70,4,B04,US,10439
A000440,Account 000440,SAV,A,USD,False,0,2017-01-01T00:00:00Z,2018-12-22T00:00:00Z,50664.70,4,B00,US,10440
A000441,Account 000441,SAV,A,USD,False,1,2017-01-01T00:00:00Z,2018-12-22T00:00:00Z,70026.94,5,B01,US,10441
A000442,Account 000442,SAV,A,USD,False,2,2017-01-01T00:00:00Z,2018-12-22T00:00:00Z,78719.28,3,B02,US,10442
A000443,Account 000443,SAV,A,USD,False,3,2017-01-01T00:00:00Z,2018-12-22T00:00:00Z,73922.00,1,B03,US,10443
A000444,Account 000444,SAV,A,USD,False,4,2017-01-01T00:00:00Z,2018-12-22T00:00:00Z,67401.02,1,B04,US,10444
A000445,Account 000445,SAV,A,USD,False,5,2017-01-01T00:00:00Z,2018-12-22T00:00:00Z,65812.18,2,B00,US,10445
A000446,Account 000446,SAV,A,USD,False,6,2017-01-01T00:00:00Z,2018-12-22T00:00:00Z,99044.15,1,B01,US,10446
A000447,Account 000447,SAV,A,USD,False,7,2017-01-01T00:00:00Z,2018-12-22T00:00:00Z,79730.91,5,B02,US,10447
A000448,Account 000448,SAV,A,USD,False,8,2017-01-01T00:00:00Z,2018-12-22T00:00:00Z,69243.73,0,B03,US,10448
A000449,Account 000449,SAV,A,USD,False,9,2017-01-01T00:00:00Z,2018-12-22T00:00:00Z,81386.10,1,B04,US,10449
A000450,Account 000450,SAV,A,USD,False,10,2017-01-01T00:00:00Z,2018-12-22T00:00:00Z,80038.67,5,B00,US,10450
A000451,Account 000451,SAV,A,USD,False,11,2017-01-01T00:00:00Z,2018-12-22T00:00:00Z,71206.31,4,B01,US,10451
A000452,Account 000452,SAV,A,USD,False,12,2017-01-01T00:00:00Z,2018-12-22T00:00:00Z,55316.04,0,B02,US,10452
A000453,Account 000453,SAV,A,USD,False,13,2017-01-01T00:00:00Z,2018-12-22T00:00:00Z,76126.39,1,B03,US,10453
A000454,Account 000454,SAV,A,USD,False,14,2017-01-01T00:00:00Z,2018-12-22T00:00:00Z,95005.65,3,B04,US,10454
A000455,Account 000455,SAV,A,USD,False,15,2017-01-01T00:00:00Z,2018-12-22T00:00:00Z,93590.13,2,B00,US,10455
A000456,Account 000456,SAV,A,USD,False,16,2017-01-01T00:00:00Z,2018-12-22T00:00:00Z,77282.00,3,B01,US,10456
A000457,Account 000457,SAV,A,USD,False,17,2017-01-01T00:00:00Z,2018-12-22T00:00:00Z,73711.18,1,B02,US,10457
A000458,Account 000458,SAV,A,USD,False,18,2017-01-01T00:00:00Z,2018-12-22T00:00:00Z,95676.51,1,B03,US,10458
A000459,Account 000459,SAV,A,USD,False,19,2017-01-01T00:00:00Z,2018-12-22T00:00:00Z,61154.08,2,B04,US,10459
A000460,Account 000460,SAV,A,USD,False,0,2017-01-01T00:00:00Z,2018-12-22T00:00:00Z,90326.86,5,B00,US,10460
A000461,Account 000461,SAV,A,USD,False,1,2017-01-01T00:00:00Z,2018-12-22T00:00:00Z,75566.24,0,B01,US,10461
A000462,Account 000462,SAV,A,USD,False,2,2017-01-01T00:00:00Z,2018-12-22T00:00:00Z,59747.95,4,B02,US,10462
A000463,Account 000463,SAV,A,USD,False,3,2017-01-01T00:00:00Z,2018-12-22T00:00:00Z,90734.91,1,B03,US,10463
A000464,Account 000464,SAV,A,USD,False,4,2017-01-01T00:00:00Z,2018-12-22T00:00:00Z,65543.35,2,B04,US,10464
A000465,Account 000465,SAV,A,USD,False,5,2017-01-01T00:00:00Z,2018-12-22T00:00:00Z,59621.56,2,B00,US,10465
A000466,Account 000466,SAV,A,USD,False,6,2017-01-01T00:00:00Z,2018-12-22T00:00:00Z,76376.45,5,B01,US,10466
A000467,Account 000467,SAV,A,USD,False,7,2017-01-01T00:00:00Z,2018-12-22T00:00:00Z,82630.11,2,B02,US,10467
A000468,Account 000468,SAV,A,USD,False,8,2017-01-01T00:00:00Z,2018-12-22T00:00:00Z,59598.81,4,B03,US,10468
A000469,Account 000469,SAV,A,USD,False,9,2017-01-01T00:00:00Z,2018-12-22T00:00:00Z,88020.81,2,B04,US,10469
A000470,Account 000470,SAV,A,USD,False,10,2017-01-01T00:00:00Z,2018-12-22T00:00:00Z,92541.07,1,B00,US,10470
A000471,Account 000471,SAV,A,USD,False,11,2017-01-01T00:00:00Z,2018-12-22T00:00:00Z,98694.06,3,B01,US,10471
A000472,Account 000472,SAV,A,USD,False,12,2017-01-01T00:00:00Z,2018-12-22T00:00:00Z,66465.06,5,B02,US,10472
A000473,Account 000473,SAV,A,USD,False,13,2017-01-01T00:00:00Z,2018-12-22T00:00:00Z,57649.95,3,B03,US,10473
A000474,Account 000474,SAV,A,USD,False,14,2017-01-01T00:00:00Z,2018-12-22T00:00:00Z,53795.21,1,B04,US,10474
A000475,Account 000475,SAV,A,USD,False,15,2017-01-01T00:00:00Z,2018-12-22T00:00:00Z,90904.62,0,B00,US,10475
A000476,Account 000476,SAV,A,USD,False,16,2017-01-01T00:00:00Z,2018-12-22T00:00:00Z,89230.24,4,B01,US,10476
A000477,Account 000477,SAV,A,USD,False,17,2017-01-01T00:00:00Z,2018-12-22T00:00:00Z,80771.67,4,B02,US,10477
A000478,Account 000478,SAV,A,USD,False,18,2017-01-01T00:00:00Z,2018-12-22T00:00:00Z,54552.82,3,B03,US,10478
A000479,Account 000479,SAV,A,USD,False,19,2017-01-01T00:00:00Z,2018-12-22T00:00:00Z,79667.57,4,B04,US,10479
A000480,Account 000480,SAV,A,USD,False,0,2017-01-01T00:00:00Z,2018-12-22T00:00:00Z,66314.65,2,B00,US,10480
A000481,Account 000481,SAV,A,USD,False,1,2017-01-01T00:00:00Z,2018-12-22T00:00:00Z,78004.69,5,B01,US,10481
A000482,Account 000482,SAV,A,USD,False,2,2017-01-01T00:00:00Z,2018-12-22T00:00:00Z,78392.33,3,B02,US,10482
A000483,Account 000483,SAV,A,USD,False,3,2017-01-01T00:00:00Z,2018-12-22T00:00:00Z,67603.28,3,B03,US,10483
A000484,Account 000484,SAV,A,USD,False,4,2017-01-01T00:00:00Z,2018-12-22T00:00:00Z,65217.88,5,B04,US,10484
A000485,Account 000485,SAV,A,USD,False,5,2017-01-01T00:00:00Z,2018-12-22T00:00:00Z,52530.75,4,B00,US,10485
A000486,Account 000486,SAV,A,USD,False,6,2017-01-01T00:00:00Z,2018-12-22T00:00:00Z,95299.57,5,B01,US,10486
A000487,Account 000487,SAV,A,USD,False,7,2017-01-01T00:00:00Z,2018-12-22T00:00:00Z,52511.74,0,B02,US,10487
A000488,Account 000488,SAV,A,USD,False,8,2017-01-01T00:00:00Z,2018-12-22T00:00:00Z,72197.93,5,B03,US,10488
A000489,Account 000489,SAV,A,USD,False,9,2017-01-01T00:00:00Z,2018-12-22T00:00:00Z,97960.37,1,B04,US,10489
A000490,Account 000490,SAV,A,USD,False,10,2017-01-01T00:00:00Z,2018-12-22T00:00:00Z,80191.62,5,B00,US,10490
A000491,Account 000491,SAV,A,USD,False,11,2017-01-01T00:00:00Z,2018-12-22T00:00:00Z,94321.15,3,B01,US,10491
A000492,Account 000492,SAV,A,USD,False,12,2017-01-01T00:00:00Z,2018-12-22T00:00:00Z,83270.26,2,B02,US,10492
A000493,Account 000493,SAV,A,USD,False,13,2017-01-01T00:00:00Z,2018-12-22T00:00:00Z,64122.62,2,B03,US,10493
A000494,Account 000494,SAV,A,USD,False,14,2017-01-01T00:00:00Z,2018-12-22T00:00:00Z,83006.63,0,B04,US,10494
A000495,Account 000495,SAV,A,USD,False,15,2017-01-01T00:00:00Z,2018-12-22T00:00:00Z,63826.25,1,B00,US,10495
A000496,Account 000496,SAV,A,USD,False,16,2017-01-01T00:00:00Z,2018-12-22T00:00:00Z,77022.88,0,B01,US,10496
A000497,Account 000497,SAV,A,USD,False,17,2017-01-01T00:00:00Z,2018-12-22T00:00:00Z,87494.24,0,B02,US,10497
A000498,Account 000498,SAV,A,USD,False,18,2017-01-01T00:00:00Z,2018-12-22T00:00:00Z,51188.11,4,B03,US,10498
A000499,Account 000499,SAV,A,USD,False,19,2017-01-01T00:00:00Z,2018-12-22T00:00:00Z,66609.61,5,B04,US,10499
A000500,Account 000500,SAV,A,USD,False,0,2017-01-01T00:00:00Z,2018-12-22T00:00:00Z,85701.21,5,B00,US,10500
A000501,Account 000501,SAV,A,USD,False,1,2017-01-01T00:00:00Z,2018-12-22T00:00:00Z,56715.66,2,B01,US,10501
A000502,Account 000502,SAV,A,USD,False,2,2017-01-01T00:00:00Z,2018-12-22T00:00:00Z,80796.65,5,B02,US,10502
A000503,Account 000503,SAV,A,USD,False,3,2017-01-01T00:00:00Z,2018-12-22T00:00:00Z,56760.46,5,B03,US,10503
A000504,Account 000504,SAV,A,USD,False,4,2017-01-01T00:00:00Z,2018-12-22T00:00:00Z,89702.88,3,B04,US,10504
A000505,Account 000505,SAV,A,USD,False,5,2017-01-01T00:00:00Z,2018-12-22T00:00:00Z,77064.55,0,B00,US,10505
A000506,Account 000506,SAV,A,USD,False,6,2017-01-01T00:00:00Z,2018-12-22T00:00:00Z,50965.42,0,B01,US,10506
A000507,Account 000507,SAV,A,USD,False,7,2017-01-01T00:00:00Z,2018-12-22T00:00:00Z,83129.99,2,B02,US,10507
A000508,Account 000508,SAV,A,USD,False,8,2017-01-01T00:00:00Z,2018-12-22T00:00:00Z,89909.12,2,B03,US,10508
A000509,Account 000509,SAV,A,USD,False,9,2017-01-01T00:00:00Z,2018-12-22T00:00:00Z,71623.77,5,B04,US,10509
A000510,Account 000510,SAV,A,USD,False,10,2017-01-01T00:00:00Z,2018-12-22T00:00:00Z,90002.04,2,B00,US,10510
A000511,Account 000511,SAV,A,USD,False,11,2017-01-01T00:00:00Z,2018-12-22T00:00:00Z,71639.14,3,B01,US,10511
A000512,Account 000512,SAV,A,USD,False,12,2017-01-01T00:00:00Z,2018-12-22T00:00:00Z,86830.99,4,B02,US,10512
A000513,Account 000513,SAV,A,USD,False,13,2017-01-01T00:00:00Z,2018-12-22T00:00:00Z,61844.40,0,B03,US,10513
A000514,Account 000514,SAV,A,USD,False,14,2017-01-01T00:00:00Z,2018-12-22T00:00:00Z,85937.67,2,B04,US,10514
A000515,Account 000515,SAV,A,USD,False,15,2017-01-01T00:00:00Z,2018-12-22T00:00:00Z,65316.21,5,B00,US,10515
A000516,Account 000516,SAV,A,USD,False,16,2017-01-01T00:00:00Z,2018-12-22T00:00:00Z,74453.42,5,B01,US,10516
A000517,Account 000517,SAV,A,USD,False,17,2017-01-01T00:00:00Z,2018-12-22T00:00:00Z,64418.56,2,B02,US,10517
A000518,Account 000518,SAV,A,USD,False,18,2017-01-01T00:00:00Z,2018-12-22T00:00:00Z,50654.98,1,B03,US,10518
A000519,Account 000519,SAV,A,USD,False,19,2017-01-01T00:00:00Z,2018-12-22T00:00:00Z,96143.04,5,B04,US,10519
A000520,Account 000520,SAV,A,USD,False,0,2017-01-01T00:00:00Z,2018-12-22T00:00:00Z,56290.09,1,B00,US,10520
A000521,Account 000521,SAV,A,USD,False,1,2017-01-01T00:00:00Z,2018-12-22T00:00:00Z,53172.62,5,B01,US,10521
A000522,Account 000522,SAV,A,USD,False,2,2017-01-01T00:00:00Z,2018-12-22T00:00:00Z,62881.09,1,B02,US,10522
A000523,Account 000523,SAV,A,USD,False,3,2017-01-01T00:00:00Z,2018-12-22T00:00:00Z,90060.60,5,B03,US,10523
A000524,Account 000524,SAV,A,USD,False,4,2017-01-01T00:00:00Z,2018-12-22T00:00:00Z,78632.78,0,B04,US,10524
A000525,Account 000525,SAV,A,USD,False,5,2017-01-01T00:00:00Z,2018-12-22T00:00:00Z,58018.11,0,B00,US,10525
A000526,Account 000526,SAV,A,USD,False,6,2017-01-01T00:00:00Z,2018-12-22T00:00:00Z,84758.41,0,B01,US,10526
A000527,Account 000527,SAV,A,USD,False,7,2017-01-01T00:00:00Z,2018-12-22T00:00:00Z,55489.57,1,B02,US,10527
A000528,Account 000528,SAV,A,USD,False,8,2017-01-01T00:00:00Z,2018-12-22T00:00:00Z,57964.59,4,B03,US,10528
A000529,Account 000529,SAV,A,USD,False,9,2017-01-01T00:00:00Z,2018-12-22T00:00:00Z,50231.51,4,B04,US,10529
A000530,Account 000530,SAV,A,USD,False,10,2017-01-01T00:00:00Z,2018-12-22T00:00:00Z,83298.81,1,B00,US,10530
A000531,Account 000531,SAV,A,USD,False,11,2017-01-01T00:00:00Z,2018-12-22T00:00:00Z,89153.72,2,B01,US,10531
A000532,Account 000532,SAV,A,USD,False,12,2017-01-01T00:00:00Z,2018-12-22T00:00:00Z,83204.95,3,B02,US,10532
A000533,Account 000533,SAV,A,USD,False,13,2017-01-01T00:00:00Z,2018-12-22T00:00:00Z,72435.18,0,B03,US,10533
A000534,Account 000534,SAV,A,USD,False,14,2017-01-01T00:00:00Z,2018-12-22T00:00:00Z,71313.76,3,B04,US,10534
A000535,Account 000535,SAV,A,USD,False,15,2017-01-01T00:00:00Z,2018-12-22T00:00:00Z,77067.55,5,B00,US,10535
A000536,Account 000536,SAV,A,USD,False,16,2017-01-01T00:00:00Z,2018-12-22T00:00:00Z,62872.47,5,B01,US,10536
A000537,Account 000537,SAV,A,USD,False,17,2017-01-01T00:00:00Z,2018-12-22T00:00:00Z,98776.15,1,B02,US,10537
A000538,Account 000538,SAV,A,USD,False,18,2017-01-01T00:00:00Z,2018-12-22T00:00:00Z,55898.43,2,B03,US,10538
A000539,Account 000539,SAV,A,USD,False,19,2017-01-01T00:00:00Z,2018-12-22T00:00:00Z,91833.45,5,B04,US,10539
A000540,Account 000540,SAV,A,USD,False,0,2017-01-01T00:00:00Z,2018-12-22T00:00:00Z,65471.50,4,B00,US,10540
A000541,Account 000541,SAV,A,USD,False,1,2017-01-01T00:00:00Z,2018-12-22T00:00:00Z,63828.62,4,B01,US,10541
A000542,Account 000542,SAV,A,USD,False,2,2017-01-01T00:00:00Z,2018-12-22T00:00:00Z,61314.61,1,B02,US,10542
A000543,Account 000543,SAV,A,USD,False,3,2017-01-01T00:00:00Z,2018-12-22T00:00:00Z,63208.86,2,B03,US,10543
A000544,Account 000544,SAV,A,USD,False,4,2017-01-01T00:00:00Z,2018-12-22T00:00:00Z,84055.59,4,B04,US,10544
A000545,Account 000545,SAV,A,USD,False,5,2017-01-01T00:00:00Z,2018-12-22T00:00:00Z,65505.67,1,B00,US,10545
A000546,Account 000546,SAV,A,USD,False,6,2017-01-01T00:00:00Z,2018-12-22T00:00:00Z,71366.61,0,B01,US,10546
A000547,Account 000547,SAV,A,USD,False,7,2017-01-01T00:00:00Z,2018-12-22T00:00:00Z,78470.73,1,B02,US,10547
A000548,Account 000548,SAV,A,USD,False,8,2017-01-01T00:00:00Z,2018-12-22T00:00:00Z,73744.19,1,B03,US,10548
A000549,Account 000549,SAV,A,USD,False,9,2017-01-01T00:00:00Z,2018-12-22T00:00:00Z,96400.68,5,B04,US,10549
A000550,Account 000550,SAV,A,USD,False,10,2017-01-01T00:00:00Z,2018-12-22T00:00:00Z,55623.60,2,B00,US,10550
A000551,Account 000551,SAV,A,USD,False,11,2017-01-01T00:00:00Z,2018-12-22T00:00:00Z,90764.71,2,B01,US,10551
A000552,Account 000552,SAV,A,USD,False,12,2017-01-01T00:00:00Z,2018-12-22T00:00:00Z,70452.32,3,B02,US,10552
A000553,Account 000553,SAV,A,USD,False,13,2017-01-01T00:00:00Z,2018-12-22T00:00:00Z,95606.79,0,B03,US,10553
A000554,Account 000554,SAV,A,USD,False,14,2017-01-01T00:00:00Z,2018-12-22T00:00:00Z,96405.80,5,B04,US,10554
A000555,Account 000555,SAV,A,USD,False,15,2017-01-01T00:00:00Z,2018-12-22T00:00:00Z,93671.89,0,B00,US,10555
A000556,Account 000556,SAV,A,USD,False,16,2017-01-01T00:00:00Z,2018-12-22T00:00:00Z,53944.16,1,B01,US,10556
A000557,Account 000557,SAV,A,USD,False,17,2017-01-01T00:00:00Z,2018-12-22T00:00:00Z,78478.23,2,B02,US,10557
A000558,Account 000558,SAV,A,USD,False,18,2017-01-01T00:00:00Z,2018-12-22T00:00:00Z,75593.57,3,B03,US,10558
A000559,Account 000559,SAV,A,USD,False,19,2017-01-01T00:00:00Z,2018-12-22T00:00:00Z,52988.67,5,B04,US,10559
A000560,Account 000560,SAV,A,USD,False,0,2017-01-01T00:00:00Z,2018-12-22T00:00:00Z,88240.37,1,B00,US,10560
A000561,Account 000561,SAV,A,USD,False,1,2017-01-01T00:00:00Z,2018-12-22T00:00:00Z,82880.00,2,B01,US,10561
A000562,Account 000562,SAV,A,USD,False,2,2017-01-01T00:00:00Z,2018-12-22T00:00:00Z,63640.93,0,B02,US,10562
A000563,Account 000563,SAV,A,USD,False,3,2017-01-01T00:00:00Z,2018-12-22T00:00:00Z,50916.31,0,B03,US,10563
A000564,Account 000564,SAV,A,USD,False,4,2017-01-01T00:00:00Z,2018-12-22T00:00:00Z,77244.78,1,B04,US,10564
A000565,Account 000565,SAV,A,USD,False,5,2017-01-01T00:00:00Z,2018-12-22T00:00:00Z,68851.35,5,B00,US,10565
A000566,Account 000566,SAV,A,USD,False,6,2017-01-01T00:00:00Z,2018-12-22T00:00:00Z,86608.12,3,B01,US,10566
A000567,Account 000567,SAV,A,USD,False,7,2017-01-01T00:00:00Z,2018-12-22T00:00:00Z,76442.28,2,B02,US,10567
A000568,Account 000568,SAV,A,USD,False,8,2017-01-01T00:00:00Z,2018-12-22T00:00:00Z,68344.55,3,B03,US,10568
A000569,Account 000569,SAV,A,USD,False,9,2017-01-01T00:00:00Z,2018-12-22T00:00:00Z,87355.41,4,B04,US,10569
A000570,Account 000570,SAV,A,USD,False,10,2017-01-01T00:00:00Z,2018-12-22T00:00:00Z,55009.99,2,B00,US,10570
A000571,Account 000571,SAV,A,USD,False,11,2017-01-01T00:00:00Z,2018-12-22T00:00:00Z,96133.01,3,B01,US,10571
A000572,Account 000572,SAV,A,USD,False,12,2017-01-01T00:00:00Z,2018-12-22T00:00:00Z,90555.49,3,B02,US,10572
A000573,Account 000573,SAV,A,USD,False,13,2017-01-01T00:00:00Z,2018-12-22T00:00:00Z,68118.92,3,B03,US,10573
A000574,Account 000574,SAV,A,USD,False,14,2017-01-01T00:00:00Z,2018-12-22T00:00:00Z,80831.27,5,B04,US,10574
A000575,Account 000575,SAV,A,USD,False,15,2017-01-01T00:00:00Z,2018-12-22T00:00:00Z,69993.74,3,B00,US,10575
A000576,Account 000576,SAV,A,USD,False,16,2017-01-01T00:00:00Z,2018-12-22T00:00:00Z,94413.33,1,B01,US,10576
A000577,Account 000577,SAV,A,USD,False,17,2017-01-01T00:00:00Z,2018-12-22T00:00:00Z,87401.04,4,B02,US,10577
A000578,Account 000578,SAV,A,USD,False,18,2017-01-01T00:00:00Z,2018-12-22T00:00:00Z,70682.54,2,B03,US,10578
A000579,Account 000579,SAV,A,USD,False,19,2017-01-01T00:00:00Z,2018-12-22T00:00:00Z,93485.32,2,B04,US,10579
A000580,Account 000580,SAV,A,USD,False,0,2017-01-01T00:00:00Z,2018-12-22T00:00:00Z,50055.09,5,B00,US,10580
A000581,Account 000581,SAV,A,USD,False,1,2017-01-01T00:00:00Z,2018-12-22T00:00:00Z,52475.04,3,B01,US,10581
A000582,Account 000582,SAV,A,USD,False,2,2017-01-01T00:00:00Z,2018-12-22T00:00:00Z,65513.30,3,B02,US,10582
A000583,Account 000583,SAV,A,USD,False,3,2017-01-01T00:00:00Z,2018-12-22T00:00:00Z,76566.86,3,B03,US,10583
A000584,Account 000584,SAV,A,USD,False,4,2017-01-01T00:00:00Z,2018-12-22T00:00:00Z,73397.44,3,B04,US,10584
A000585,Account 000585,SAV,A,USD,False,5,2017-01-01T00:00:00Z,2018-12-22T00:00:00Z,94011.95,1,B00,US,10585
A000586,Account 000586,SAV,A,USD,False,6,2017-01-01T00:00:00Z,2018-12-22T00:00:00Z,92262.46,1,B01,US,10586
A000587,Account 000587,SAV,A,USD,False,7,2017-01-01T00:00:00Z,2018-12-22T00:00:00Z,88120.75,4,B02,US,10587
A000588,Account 000588,SAV,A,USD,False,8,2017-01-01T00:00:00Z,2018-12-22T00:00:00Z,99659.40,1,B03,US,10588
A000589,Account 000589,SAV,A,USD,False,9,2017-01-01T00:00:00Z,2018-12-22T00:00:00Z,68670.86,5,B04,US,10589
A000590,Account 000590,SAV,A,USD,False,10,2017-01-01T00:00:00Z,2018-12-22T00:00:00Z,55548.79,0,B00,US,10590
A000591,Account 000591,SAV,A,USD,False,11,2017-01-01T00:00:00Z,2018-12-22T00:00:00Z,90137.40,3,B01,US,10591
A000592,Account 000592,SAV,A,USD,False,12,2017-01-01T00:00:00Z,2018-12-22T00:00:00Z,93198.27,1,B02,US,10592
A000593,Account 000593,SAV,A,USD,False,13,2017-01-01T00:00:00Z,2018-12-22T00:00:00Z,70248.81,1,B03,US,10593
A000594,Account 000594,SAV,A,USD,False,14,2017-01-01T00:00:00Z,2018-12-22T00:00:00Z,61571.59,3,B04,US,10594
A000595,Account 000595,SAV,A,USD,False,15,2017-01-01T00:00:00Z,2018-12-22T00:00:00Z,68553.77,4,B00,US,10595
A000596,Account 000596,SAV,A,USD,False,16,2017-01-01T00:00:00Z,2018-12-22T00:00:00Z,99734.28,5,B01,US,10596
A000597,Account 000597,SAV,A,USD,False,17,2017-01-01T00:00:00Z,2018-12-22T00:00:00Z,77392.93,5,B02,US,10597
A000598,Account 000598,SAV,A,USD,False,18,2017-01-01T00:00:00Z,2018-12-22T00:00:00Z,91320.85,1,B03,US,10598
A000599,Account 000599,SAV,A,USD,False,19,2017-01-01T00:00:00Z,2018-12-22T00:00:00Z,74962.21,2,B04,US,10599
A000600,Account 000600,SAV,A,USD,False,0,2017-01-01T00:00:00Z,2018-12-22T00:00:00Z,56013.61,4,B00,US,10600
A000601,Account 000601,SAV,A,USD,False,1,2017-01-01T00:00:00Z,2018-12-22T00:00:00Z,59672.87,4,B01,US,10601
A000602,Account 000602,SAV,A,USD,False,2,2017-01-01T00:00:00Z,2018-12-22T00:00:00Z,54000.05,1,B02,US,10602
A000603,Account 000603,SAV,A,USD,False,3,2017-01-01T00:00:00Z,2018-12-22T00:00:00Z,65310.12,2,B03,US,10603
A000604,Account 000604,SAV,A,USD,False,4,2017-01-01T00:00:00Z,2018-12-22T00:00:00Z,60231.98,5,B04,US,10604
A000605,Account 000605,SAV,A,USD,False,5,2017-01-01T00:00:00Z,2018-12-22T00:00:00Z,76909.05,4,B00,US,10605
A000606,Account 000606,SAV,A,USD,False,6,2017-01-01T00:00:00Z,2018-12-22T00:00:00Z,67877.78,3,B01,US,10606
A000607,Account 000607,SAV,A,USD,False,7,2017-01-01T00:00:00Z,2018-12-22T00:00:00Z,69904.72,1,B02,US,10607
A000608,Account 000608,SAV,A,USD,False,8,2017-01-01T00:00:00Z,2018-12-22T00:00:00Z,98050.82,1,B03,US,10608
A000609,Account 000609,SAV,A,USD,False,9,2017-01-01T00:00:00Z,2018-12-22T00:00:00Z,57178.18,2,B04,US,10609
A000610,Account 000610,SAV,A,USD,False,10,2017-01-01T00:00:00Z,2018-12-22T00:00:00Z,97585.56,3,B00,US,10610
A000611,Account 000611,SAV,A,USD,False,11,2017-01-01T00:00:00Z,2018-12-22T00:00:00Z,61094.46,4,B01,US,10611
A000612,Account 000612,SAV,A,USD,False,12,2017-01-01T00:00:00Z,2018-12-22T00:00:00Z,74686.86,1,B02,US,10612
A000613,Account 000613,SAV,A,USD,False,13,2017-01-01T00:00:00Z,2018-12-22T00:00:00Z,84437.68,0,B03,US,10613
A000614,Account 000614,SAV,A,USD,False,14,2017-01-01T00:00:00Z,2018-12-22T00:00:00Z,80317.89,3,B04,US,10614
A000615,Account 000615,SAV,A,USD,False,15,2017-01-01T00:00:00Z,2018-12-22T00:00:00Z,89135.23,3,B00,US,10615
A000616,Account 000616,SAV,A,USD,False,16,2017-01-01T00:00:00Z,2018-12-22T00:00:00Z,78308.21,0,B01,US,10616
A000617,Account 000617,SAV,A,USD,False,17,2017-01-01T00:00:00Z,2018-12-22T00:00:00Z,86350.21,2,B02,US,10617
A000618,Account 000618,SAV,A,USD,False,18,2017-01-01T00:00:00Z,2018-12-22T00:00:00Z,62218.99,1,B03,US,10618
A000619,Account 000619,SAV,A,USD,False,19,2017-01-01T00:00:00Z,2018-12-22T00:00:00Z,65155.74,2,B04,US,10619
A000620,Account 000620,SAV,A,USD,False,0,2017-01-01T00:00:00Z,2018-12-22T00:00:00Z,61400.58,2,B00,US,10620
A000621,Account 000621,SAV,A,USD,False,1,2017-01-01T00:00:00Z,2018-12-22T00:00:00Z,69228.88,2,B01,US,10621
A000622,Account 000622,SAV,A,USD,False,2,2017-01-01T00:00:00Z,2018-12-22T00:00:00Z,87711.84,1,B02,US,10622
A000623,Account 000623,SAV,A,USD,False,3,2017-01-01T00:00:00Z,2018-12-22T00:00:00Z,89054.23,2,B03,US,10623
A000624,Account 000624,SAV,A,USD,False,4,2017-01-01T00:00:00Z,2018-12-22T00:00:00Z,95474.09,4,B04,US,10624
A000625,Account 000625,SAV,A,USD,False,5,2017-01-01T00:00:00Z,2018-12-22T00:00:00Z,68942.15,3,B00,US,10625
A000626,Account 000626,SAV,A,USD,False,6,2017-01-01T00:00:00Z,2018-12-22T00:00:00Z,95992.75,2,B01,US,10626
A000627,Account 000627,SAV,A,USD,False,7,2017-01-01T00:00:00Z,2018-12-22T00:00:00Z,82648.72,2,B02,US,10627
A000628,Account 000628,SAV,A,USD,False,8,2017-01-01T00:00:00Z,2018-12-22T00:00:00Z,93830.25,1,B03,US,10628
A000629,Account 000629,SAV,A,USD,False,9,2017-01-01T00:00:00Z,2018-12-22T00:00:00Z,79744.25,0,B04,US,10629
A000630,Account 000630,SAV,A,USD,False,10,2017-01-01T00:00:00Z,2018-12-22T00:00:00Z,94489.60,3,B00,US,10630
A000631,Account 000631,SAV,A,USD,False,11,2017-01-01T00:00:00Z,2018-12-22T00:00:00Z,55650.45,0,B01,US,10631
A000632,Account 000632,SAV,A,USD,False,12,2017-01-01T00:00:00Z,2018-12-22T00:00:00Z,97177.30,0,B02,US,10632
A000633,Account 000633,SAV,A,USD,False,13,2017-01-01T00:00:00Z,2018-12-22T00:00:00Z,94595.65,5,B03,US,10633
A000634,Account 000634,SAV,A,USD,False,14,2017-01-01T00:00:00Z,2018-12-22T00:00:00Z,90666.99,2,B04,US,10634
A000635,Account 000635,SAV,A,USD,False,15,2017-01-01T00:00:00Z,2018-12-22T00:00:00Z,55498.60,2,B00,US,10635
A000636,Account 000636,SAV,A,USD,False,16,2017-01-01T00:00:00Z,2018-12-22T00:00:00Z,87944.78,1,B01,US,10636
A000637,Account 000637,SAV,A,USD,False,17,2017-01-01T00:00:00Z,2018-12-22T00:00:00Z,78247.04,1,B02,US,10637
A000638,Account 000638,SAV,A,USD,False,18,2017-01-01T00:00:00Z,2018-12-22T00:00:00Z,82335.12,1,B03,US,10638
A000639,Account 000639,SAV,A,USD,False,19,2017-01-01T00:00:00Z,2018-12-22T00:00:00Z,51481.62,3,B04,US,10639
A000640,Account 000640,SAV,A,USD,False,0,2017-01-01T00:00:00Z,2018-12-22T00:00:00Z,66987.33,5,B00,US,10640
A000641,Account 000641,SAV,A,USD,False,1,2017-01-01T00:00:00Z,2018-12-22T00:00:00Z,68502.84,4,B01,US,10641
A000642,Account 000642,SAV,A,USD,False,2,2017-01-01T00:00:00Z,2018-12-22T00:00:00Z,52537.68,5,B02,US,10642
A000643,Account 000643,SAV,A,USD,False,3,2017-01-01T00:00:00Z,2018-12-22T00:00:00Z,56766.13,0,B03,US,10643
A000644,Account 000644,SAV,A,USD,False,4,2017-01-01T00:00:00Z,2018-12-22T00:00:00Z,89297.33,2,B04,US,10644
A000645,Account 000645,SAV,A,USD,False,5,2017-01-01T00:00:00Z,2018-12-22T00:00:00Z,59797.20,4,B00,US,10645
A000646,Account 000646,SAV,A,USD,False,6,2017-01-01T00:00:00Z,2018-12-22T00:00:00Z,78963.27,5,B01,US,10646
A000647,Account 000647,SAV,A,USD,False,7,2017-01-01T00:00:00Z,2018-12-22T00:00:00Z,68099.88,4,B02,US,10647
A000648,Account 000648,SAV,A,USD,False,8,2017-01-01T00:00:00Z,2018-12-22T00:00:00Z,96070.49,5,B03,US,10648
A000649,Account 000649,SAV,A,USD,False,9,2017-01-01T00:00:00Z,2018-12-22T00:00:00Z,94817.60,4,B04,US,10649
A000650,Account 000650,SAV,A,USD,False,10,2017-01-01T00:00:00Z,2018-12-22T00:00:00Z,58315.62,5,B00,US,10650
A000651,Account 000651,SAV,A,USD,False,11,2017-01-01T00:00:00Z,2018-12-22T00:00:00Z,77298.97,0,B01,US,10651
A000652,Account 000652,SAV,A,USD,False,12,2017-01-01T00:00:00Z,2018-12-22T00:00:00Z,51354.75,3,B02,US,10652
A000653,Account 000653,SAV,A,USD,False,13,2017-01-01T00:00:00Z,2018-12-22T00:00:00Z,80877.60,5,B03,US,10653
A000654,Account 000654,SAV,A,USD,False,14,2017-01-01T00:00:00Z,2018-12-22T00:00:00Z,80139.78,3,B04,US,10654
A000655,Account 000655,SAV,A,USD,False,15,2017-01-01T00:00:00Z,2018-12-22T00:00:00Z,58078.64,1,B00,US,10655
A000656,Account 000656,SAV,A,USD,False,16,2017-01-01T00:00:00Z,2018-12-22T00:00:00Z,56877.76,3,B01,US,10656
A000657,Account 000657,SAV,A,USD,False,17,2017-01-01T00:00:00Z,2018-12-22T00:00:00Z,66811.91,5,B02,US,10657
A000658,Account 000658,SAV,A,USD,False,18,2017-01-01T00:00:00Z,2018-12-22T00:00:00Z,88804.79,1,B03,US,10658
A000659,Account 000659,SAV,A,USD,False,19,2017-01-01T00:00:00Z,2018-12-22T00:00:00Z,63051.23,4,B04,US,10659
A000660,Account 000660,SAV,A,USD,False,0,2017-01-01T00:00:00Z,2018-12-22T00:00:00Z,94934.87,1,B00,US,10660
A000661,Account 000661,SAV,A,USD,False,1,2017-01-01T00:00:00Z,2018-12-22T00:00:00Z,69247.17,1,B01,US,10661
A000662,Account 000662,SAV,A,USD,False,2,2017-01-01T00:00:00Z,2018-12-22T00:00:00Z,86414.67,2,B02,US,10662
A000663,Account 000663,SAV,A,USD,False,3,2017-01-01T00:00:00Z,2018-12-22T00:00:00Z,94073.85,0,B03,US,10663
A000664,Account 000664,SAV,A,USD,False,4,2017-01-01T00:00:00Z,2018-12-22T00:00:00Z,78644.51,4,B04,US,10664
A000665,Account 000665,SAV,A,USD,False,5,2017-01-01T00:00:00Z,2018-12-22T00:00:00Z,92495.39,1,B00,US,10665
A000666,Account 000666,SAV,A,USD,False,6,2017-01-01T00:00:00Z,2018-12-22T00:00:00Z,71132.97,2,B01,US,10666
A000667,Account 000667,SAV,A,USD,False,7,2017-01-01T00:00:00Z,2018-12-22T00:00:00Z,87783.39,3,B02,US,10667
A000668,Account 000668,SAV,A,USD,False,8,2017-01-01T00:00:00Z,2018-12-22T00:00:00Z,75492.18,0,B03,US,10668
A000669,Account 000669,SAV,A,USD,False,9,2017-01-01T00:00:00Z,2018-12-22T00:00:00Z,78951.25,3,B04,US,10669
A000670,Account 000670,SAV,A,USD,False,10,2017-01-01T00:00:00Z,2018-12-22T00:00:00Z,67087.44,3,B00,US,10670
A000671,Account 000671,SAV,A,USD,False,11,2017-01-01T00:00:00Z,2018-12-22T00:00:00Z,98985.77,5,B01,US,10671
A000672,Account 000672,SAV,A,USD,False,12,2017-01-01T00:00:00Z,2018-12-22T00:00:00Z,62010.76,4,B02,US,10672
A000673,Account 000673,SAV,A,USD,False,13,2017-01-01T00:00:00Z,2018-12-22T00:00:00Z,98251.79,1,B03,US,10673
A000674,Account 000674,SAV,A,USD,False,14,2017-01-01T00:00:00Z,2018-12-22T00:00:00Z,64722.11,5,B04,US,10674
A000675,Account 000675,SAV,A,USD,False,15,2017-01-01T00:00:00Z,2018-12-22T00:00:00Z,97727.82,4,B00,US,10675
A000676,Account 000676,SAV,A,USD,False,16,2017-01-01T00:00:00Z,2018-12-22T00:00:00Z,79582.28,2,B01,US,10676
A000677,Account 000677,SAV,A,USD,False,17,2017-01-01T00:00:00Z,2018-12-22T00:00:00Z,63073.26,4,B02,US,10677
A000678,Account 000678,SAV,A,USD,False,18,2017-01-01T00:00:00Z,2018-12-22T00:00:00Z,52348.99,3,B03,US,10678
A000679,Account 000679,SAV,A,USD,False,19,2017-01-01T00:00:00Z,2018-12-22T00:00:00Z,80129.61,1,B04,US,10679
A000680,Account 000680,SAV,A,USD,False,0,2017-01-01T00:00:00Z,2018-12-22T00:00:00Z,70639.86,3,B00,US,10680
A000681,Account 000681,SAV,A,USD,False,1,2017-01-01T00:00:00Z,2018-12-22T00:00:00Z,86675.61,4,B01,US,10681
A000682,Account 000682,SAV,A,USD,False,2,2017-01-01T00:00:00Z,2018-12-22T00:00:00Z,85760.04,1,B02,US,10682
A000683,Account 000683,SAV,A,USD,False,3,2017-01-01T00:00:00Z,2018-12-22T00:00:00Z,70039.62,2,B03,US,10683
A000684,Account 000684,SAV,A,USD,False,4,2017-01-01T00:00:00Z,2018-12-22T00:00:00Z,58170.27,2,B04,US,10684
A000685,Account 000685,SAV,A,USD,False,5,2017-01-01T00:00:00Z,2018-12-22T00:00:00Z,95003.00,5,B00,US,10685
A000686,Account 000686,SAV,A,USD,False,6,2017-01-01T00:00:00Z,2018-12-22T00:00:00Z,55001.59,1,B01,US,10686
A000687,Account 000687,SAV,A,USD,False,7,2017-01-01T00:00:00Z,2018-12-22T00:00:00Z,60783.41,3,B02,US,10687
A000688,Account 000688,SAV,A,USD,False,8,2017-01-01T00:00:00Z,2018-12-22T00:00:00Z,79207.12,5,B03,US,10688
A000689,Account 000689,SAV,A,USD,False,9,2017-01-01T00:00:00Z,2018-12-22T00:00:00Z,97942.35,3,B04,US,10689
A000690,Account 000690,SAV,A,USD,False,10,2017-01-01T00:00:00Z,2018-12-22T00:00:00Z,92280.73,0,B00,US,10690
A000691,Account 000691,SAV,A,USD,False,11,2017-01-01T00:00:00Z,2018-12-22T00:00:00Z,64901.38,4,B01,US,10691
A000692,Account 000692,SAV,A,USD,False,12,2017-01-01T00:00:00Z,2018-12-22T00:00:00Z,50380.88,4,B02,US,10692
A000693,Account 000693,SAV,A,USD,False,13,2017-01-01T00:00:00Z,2018-12-22T00:00:00Z,87321.42,3,B03,US,10693
A000694,Account 000694,SAV,A,USD,False,14,2017-01-01T00:00:00Z,2018-12-22T00:00:00Z,90571.46,1,B04,US,10694
A000695,Account 000695,SAV,A,USD,False,15,2017-01-01T00:00:00Z,2018-12-22T00:00:00Z,98680.97,0,B00,US,10695
A000696,Account 000696,SAV,A,USD,False,16,2017-01-01T00:00:00Z,2018-12-22T00:00:00Z,98340.43,4,B01,US,10696
A000697,Account 000697,SAV,A,USD,False,17,2017-01-01T00:00:00Z,2018-12-22T00:00:00Z,70162.41,1,B02,US,10697
A000698,Account 000698,SAV,A,USD,False,18,2017-01-01T00:00:00Z,2018-12-22T00:00:00Z,92954.24,3,B03,US,10698
A000699,Account 000699,SAV,A,USD,False,19,2017-01-01T00:00:00Z,2018-12-22T00:00:00Z,75789.43,5,B04,US,10699
A000700,Account 000700,SAV,A,USD,False,0,2017-01-01T00:00:00Z,2018-12-22T00:00:00Z,74511.19,4,B00,US,10700
A000701,Account 000701,SAV,A,USD,False,1,2017-01-01T00:00:00Z,2018-12-22T00:00:00Z,72262.18,1,B01,US,10701
A000702,Account 000702,SAV,A,USD,False,2,2017-01-01T00:00:00Z,2018-12-22T00:00:00Z,75784.88,5,B02,US,10702
A000703,Account 000703,SAV,A,USD,False,3,2017-01-01T00:00:00Z,2018-12-22T00:00:00Z,59308.28,5,B03,US,10703
A000704,Account 000704,SAV,A,USD,False,4,2017-01-01T00:00:00Z,2018-12-22T00:00:00Z,68692.60,0,B04,US,10704
A000705,Account 000705,SAV,A,USD,False,5,2017-01-01T00:00:00Z,2018-12-22T00:00:00Z,64327.19,0,B00,US,10705
A000706,Account 000706,SAV,A,USD,False,6,2017-01-01T00:00:00Z,2018-12-22T00:00:00Z,78818.98,4,B01,US,10706
A000707,Account 000707,SAV,A,USD,False,7,2017-01-01T00:00:00Z,2018-12-22T00:00:00Z,91127.44,2,B02,US,10707
A000708,Account 000708,SAV,A,USD,False,8,2017-01-01T00:00:00Z,2018-12-22T00:00:00Z,59654.20,5,B03,US,10708
A000709,Account 000709,SAV,A,USD,False,9,2017-01-01T00:00:00Z,2018-12-22T00:00:00Z,75956.86,2,B04,US,10709
A000710,Account 000710,SAV,A,USD,False,10,2017-01-01T00:00:00Z,2018-12-22T00:00:00Z,73618.97,4,B00,US,10710
A000711,Account 000711,SAV,A,USD,False,11,2017-01-01T00:00:00Z,2018-12-22T00:00:00Z,81105.35,3,B01,US,10711
A000712,Account 000712,SAV,A,USD,False,12,2017-01-01T00:00:00Z,2018-12-22T00:00:00Z,74452.91,5,B02,US,10712
A000713,Account 000713,SAV,A,USD,False,13,2017-01-01T00:00:00Z,2018-12-22T00:00:00Z,84588.12,1,B03,US,10713
A000714,Account 000714,SAV,A,USD,False,14,2017-01-01T00:00:00Z,2018-12-22T00:00:00Z,52389.64,3,B04,US,10714
A000715,Account 000715,SAV,A,USD,False,15,2017-01-01T00:00:00Z,2018-12-22T00:00:00Z,62640.30,3,B00,US,10715
A000716,Account 000716,SAV,A,USD,False,16,2017-01-01T00:00:00Z,2018-12-22T00:00:00Z,97417.94,5,B01,US,10716
A000717,Account 000717,SAV,A,USD,False,17,2017-01-01T00:00:00Z,2018-12-22T00:00:00Z,72801.39,1,B02,US,10717
A000718,Account 000718,SAV,A,USD,False,18,2017-01-01T00:00:00Z,2018-12-22T00:00:00Z,62466.37,2,B03,US,10718
A000719,Account 000719,SAV,A,USD,False,19,2017-01-01T00:00:00Z,2018-12-22T00:00:00Z,70953.41,2,B04,US,10719
A000720,Account 000720,SAV,A,USD,False,0,2017-01-01T00:00:00Z,2018-12-22T00:00:00Z,92471.47,0,B00,US,10720
A000721,Account 000721,SAV,A,USD,False,1,2017-01-01T00:00:00Z,2018-12-22T00:00:00Z,77614.38,5,B01,US,10721
A000722,Account 000722,SAV,A,USD,False,2,2017-01-01T00:00:00Z,2018-12-22T00:00:00Z,99426.45,5,B02,US,10722
A000723,Account 000723,SAV,A,USD,False,3,2017-01-01T00:00:00Z,2018-12-22T00:00:00Z,99557.14,3,B03,US,10723
A000724,Account 000724,SAV,A,USD,False,4,2017-01-01T00:00:00Z,2018-12-22T00:00:00Z,78508.48,3,B04,US,10724
A000725,Account 000725,SAV,A,USD,False,5,2017-01-01T00:00:00Z,2018-12-22T00:00:00Z,82256.19,0,B00,US,10725
A000726,Account 000726,SAV,A,USD,False,6,2017-01-01T00:00:00Z,2018-12-22T00:00:00Z,50481.23,2,B01,US,10726
A000727,Account 000727,SAV,A,USD,False,7,2017-01-01T00:00:00Z,2018-12-22T00:00:00Z,64876.00,5,B02,US,10727
A000728,Account 000728,SAV,A,USD,False,8,2017-01-01T00:00:00Z,2018-12-22T00:00:00Z,67237.09,4,B03,US,10728
A000729,Account 000729,SAV,A,USD,False,9,2017-01-01T00:00:00Z,2018-12-22T00:00:00Z,95707.02,2,B04,US,10729
A000730,Account 000730,SAV,A,USD,False,10,2017-01-01T00:00:00Z,2018-12-22T00:00:00Z,99965.03,1,B00,US,10730
A000731,Account 000731,SAV,A,USD,False,11,2017-01-01T00:00:00Z,2018-12-22T00:00:00Z,78110.46,2,B01,US,10731
A000732,Account 000732,SAV,A,USD,False,12,2017-01-01T00:00:00Z,2018-12-22T00:00:00Z,87056.18,0,B02,US,10732
A000733,Account 000733,SAV,A,USD,False,13,2017-01-01T00:00:00Z,2018-12-22T00:00:00Z,76350.64,3,B03,US,10733
A000734,Account 000734,SAV,A,USD,False,14,2017-01-01T00:00:00Z,2018-12-22T00:00:00Z,59245.64,2,B04,US,10734
A000735,Account 000735,SAV,A,USD,False,15,2017-01-01T00:00:00Z,2018-12-22T00:00:00Z,61558.81,1,B00,US,10735
A000736,Account 000736,SAV,A,USD,False,16,2017-01-01T00:00:00Z,2018-12-22T00:00:00Z,80923.11,5,B01,US,10736
A000737,Account 000737,SAV,A,USD,False,17,2017-01-01T00:00:00Z,2018-12-22T00:00:00Z,94553.73,0,B02,US,10737
A000738,Account 000738,SAV,A,USD,False,18,2017-01-01T00:00:00Z,2018-12-22T00:00:00Z,52874.14,4,B03,US,10738
A000739,Account 000739,SAV,A,USD,False,19,2017-01-01T00:00:00Z,2018-12-22T00:00:00Z,53856.11,5,B04,US,10739
A000740,Account 000740,SAV,A,USD,False,0,2017-01-01T00:00:00Z,2018-12-22T00:00:00Z,67409.45,5,B00,US,10740
A000741,Account 000741,SAV,A,USD,False,1,2017-01-01T00:00:00Z,2018-12-22T00:00:00Z,66170.96,4,B01,US,10741
A000742,Account 000742,SAV,A,USD,False,2,2017-01-01T00:00:00Z,2018-12-22T00:00:00Z,78999.57,1,B02,US,10742
A000743,Account 000743,SAV,A,USD,False,3,2017-01-01T00:00:00Z,2018-12-22T00:00:00Z,86198.29,3,B03,US,10743
A000744,Account 000744,SAV,A,USD,False,4,2017-01-01T00:00:00Z,2018-12-22T00:00:00Z,90201.98,4,B04,US,10744
A000745,Account 000745,SAV,A,USD,False,5,2017-01-01T00:00:00Z,2018-12-22T00:00:00Z,55310.77,1,B00,US,10745
A000746,Account 000746,SAV,A,USD,False,6,2017-01-01T00:00:00Z,2018-12-22T00:00:00Z,83977.20,3,B01,US,10746
A000747,Account 000747,SAV,A,USD,False,7,2017-01-01T00:00:00Z,2018-12-22T00:00:00Z,61841.85,4,B02,US,10747
A000748,Account 000748,SAV,A,USD,False,8,2017-01-01T00:00:00Z,2018-12-22T00:00:00Z,93473.22,1,B03,US,10748
A000749,Account 000749,SAV,A,USD,False,9,2017-01-01T00:00:00Z,2018-12-22T00:00:00Z,70037.08,2,B04,US,10749
A000750,Account 000750,SAV,A,USD,False,10,2017-01-01T00:00:00Z,2018-12-22T00:00:00Z,63014.10,4,B00,US,10750
A000751,Account 000751,SAV,A,USD,False,11,2017-01-01T00:00:00Z,2018-12-22T00:00:00Z,86223.82,1,B01,US,10751
A000752,Account 000752,SAV,A,USD,False,12,2017-01-01T00:00:00Z,2018-12-22T00:00:00Z,58234.48,0,B02,US,10752
A000753,Account 000753,SAV,A,USD,False,13,2017-01-01T00:00:00Z,2018-12-22T00:00:00Z,60112.75,1,B03,US,10753
A000754,Account 000754,SAV,A,USD,False,14,2017-01-01T00:00:00Z,2018-12-22T00:00:00Z,52384.86,4,B04,US,10754
A000755,Account 000755,SAV,A,USD,False,15,2017-01-01T00:00:00Z,2018-12-22T00:00:00Z,61200.47,0,B00,US,10755
A000756,Account 000756,SAV,A,USD,False,16,2017-01-01T00:00:00Z,2018-12-22T00:00:00Z,83433.71,5,B01,US,10756
A000757,Account 000757,SAV,A,USD,False,17,2017-01-01T00:00:00Z,2018-12-22T00:00:00Z,53329.37,1,B02,US,10757
A000758,Account 000758,SAV,A,USD,False,18,2017-01-01T00:00:00Z,2018-12-22T00:00:00Z,98932.66,1,B03,US,10758
A000759,Account 000759,SAV,A,USD,False,19,2017-01-01T00:00:00Z,2018-12-22T00:00:00Z,83007.63,3,B04,US,10759
A000760,Account 000760,SAV,A,USD,False,0,2017-01-01T00:00:00Z,2018-12-22T00:00:00Z,93520.70,3,B00,US,10760
A000761,Account 000761,SAV,A,USD,False,1,2017-01-01T00:00:00Z,2018-12-22T00:00:00Z,91341.65,3,B01,US,10761
A000762,Account 000762,SAV,A,USD,False,2,2017-01-01T00:00:00Z,2018-12-22T00:00:00Z,99209.26,4,B02,US,10762
A000763,Account 000763,SAV,A,USD,False,3,2017-01-01T00:00:00Z,2018-12-22T00:00:00Z,60072.51,0,B03,US,10763
A000764,Account 000764,SAV,A,USD,False,4,2017-01-01T00:00:00Z,2018-12-22T00:00:00Z,70037.42,3,B04,US,10764
A000765,Account 000765,SAV,A,USD,False,5,2017-01-01T00:00:00Z,2018-12-22T00:00:00Z,64768.49,5,B00,US,10765
A000766,Account 000766,SAV,A,USD,False,6,2017-01-01T00:00:00Z,2018-12-22T00:00:00Z,53236.87,5,B01,US,10766
A000767,Account 000767,SAV,A,USD,False,7,2017-01-01T00:00:00Z,2018-12-22T00:00:00Z,54752.02,2,B02,US,10767
A000768,Account 000768,SAV,A,USD,False,8,2017-01-01T00:00:00Z,2018-12-22T00:00:00Z,95250.84,4,B03,US,10768
A000769,Account 000769,SAV,A,USD,False,9,2017-01-01T00:00:00Z,2018-12-22T00:00:00Z,84303.01,5,B04,US,10769
A000770,Account 000770,SAV,A,USD,False,10,2017-01-01T00:00:00Z,2018-12-22T00:00:00Z,75452.26,0,B00,US,10770
A000771,Account 000771,SAV,A,USD,False,11,2017-01-01T00:00:00Z,2018-12-22T00:00:00Z,60375.44,5,B01,US,10771
A000772,Account 000772,SAV,A,USD,False,12,2017-01-01T00:00:00Z,2018-12-22T00:00:00Z,86706.56,4,B02,US,10772
A000773,Account 000773,SAV,A,USD,False,13,2017-01-01T00:00:00Z,2018-12-22T00:00:00Z,59056.82,3,B03,US,10773
A000774,Account 000774,SAV,A,USD,False,14,2017-01-01T00:00:00Z,2018-12-22T00:00:00Z,96058.15,1,B04,US,10774
A000775,Account 000775,SAV,A,USD,False,15,2017-01-01T00:00:00Z,2018-12-22T00:00:00Z,99806.60,4,B00,US,10775
A000776,Account 000776,SAV,A,USD,False,16,2017-01-01T00:00:00Z,2018-12-22T00:00:00Z,53974.51,2,B01,US,10776
A000777,Account 000777,SAV,A,USD,False,17,2017-01-01T00:00:00Z,2018-12-22T00:00:00Z,79117.82,4,B02,US,10777
A000778,Account 000778,SAV,A,USD,False,18,2017-01-01T00:00:00Z,2018-12-22T00:00:00Z,88131.51,5,B03,US,10778
A000779,Account 000779,SAV,A,USD,False,19,2017-01-01T00:00:00Z,2018-12-22T00:00:00Z,78882.86,1,B04,US,10779
A000780,Account 000780,SAV,A,USD,False,0,2017-01-01T00:00:00Z,2018-12-22T00:00:00Z,72935.83,0,B00,US,10780
A000781,Account 000781,SAV,A,USD,False,1,2017-01-01T00:00:00Z,2018-12-22T00:00:00Z,99475.98,5,B01,US,10781
A000782,Account 000782,SAV,A,USD,False,2,2017-01-01T00:00:00Z,2018-12-22T00:00:00Z,54871.37,3,B02,US,10782
A000783,Account 000783,SAV,A,USD,False,3,2017-01-01T00:00:00Z,2018-12-22T00:00:00Z,89786.96,3,B03,US,10783
A000784,Account 000784,SAV,A,USD,False,4,2017-01-01T00:00:00Z,2018-12-22T00:00:00Z,67859.81,4,B04,US,10784
A000785,Account 000785,SAV,A,USD,False,5,2017-01-01T00:00:00Z,2018-12-22T00:00:00Z,83397.30,0,B00,US,10785
A000786,Account 000786,SAV,A,USD,False,6,2017-01-01T00:00:00Z,2018-12-22T00:00:00Z,64977.65,2,B01,US,10786
A000787,Account 000787,SAV,A,USD,False,7,2017-01-01T00:00:00Z,2018-12-22T00:00:00Z,83423.75,0,B02,US,10787
A000788,Account 000788,SAV,A,USD,False,8,2017-01-01T00:00:00Z,2018-12-22T00:00:00Z,60694.33,1,B03,US,10788
A000789,Account 000789,SAV,A,USD,False,9,2017-01-01T00:00:00Z,2018-12-22T00:00:00Z,67544.29,3,B04,US,10789
A000790,Account 000790,SAV,A,USD,False,10,2017-01-01T00:00:00Z,2018-12-22T00:00:00Z,79270.24,0,B00,US,10790
A000791,Account 000791,SAV,A,USD,False,11,2017-01-01T00:00:00Z,2018-12-22T00:00:00Z,95244.88,1,B01,US,10791
A000792,Account 000792,SAV,A,USD,False,12,2017-01-01T00:00:00Z,2018-12-22T00:00:00Z,67092.19,5,B02,US,10792
A000793,Account 000793,SAV,A,USD,False,13,2017-01-01T00:00:00Z,2018-12-22T00:00:00Z,61449.01,4,B03,US,10793
A000794,Account 000794,SAV,A,USD,False,14,2017-01-01T00:00:00Z,2018-12-22T00:00:00Z,98014.25,4,B04,US,10794
A000795,Account 000795,SAV,A,USD,False,15,2017-01-01T00:00:00Z,2018-12-22T00:00:00Z,86442.40,2,B00,US,10795
A000796,Account 000796,SAV,A,USD,False,16,2017-01-01T00:00:00Z,2018-12-22T00:00:00Z,73547.51,4,B01,US,10796
A000797,Account 000797,SAV,A,USD,False,17,2017-01-01T00:00:00Z,2018-12-22T00:00:00Z,89200.31,4,B02,US,10797
A000798,Account 000798,SAV,A,USD,False,18,2017-01-01T00:00:00Z,2018-12-22T00:00:00Z,84346.16,2,B03,US,10798
A000799,Account 000799,SAV,A,USD,False,19,2017-01-01T00:00:00Z,2018-12-22T00:00:00Z,97999.01,0,B04,US,10799
A000800,Account 000800,SAV,A,USD,False,0,2017-01-01T00:00:00Z,2018-12-22T00:00:00Z,52911.84,0,B00,US,10800
A000801,Account 000801,SAV,A,USD,False,1,2017-01-01T00:00:00Z,2018-12-22T00:00:00Z,99829.02,1,B01,US,10801
A000802,Account 000802,SAV,A,USD,False,2,2017-01-01T00:00:00Z,2018-12-22T00:00:00Z,61019.43,4,B02,US,10802
A000803,Account 000803,SAV,A,USD,False,3,2017-01-01T00:00:00Z,2018-12-22T00:00:00Z,97902.92,4,B03,US,10803
A000804,Account 000804,SAV,A,USD,False,4,2017-01-01T00:00:00Z,2018-12-22T00:00:00Z,59605.22,0,B04,US,10804
A000805,Account 000805,SAV,A,USD,False,5,2017-01-01T00:00:00Z,2018-12-22T00:00:00Z,51253.17,0,B00,US,10805
A000806,Account 000806,SAV,A,USD,False,6,2017-01-01T00:00:00Z,2018-12-22T00:00:00Z,70281.03,0,B01,US,10806
A000807,Account 000807,SAV,A,USD,False,7,2017-01-01T00:00:00Z,2018-12-22T00:00:00Z,59165.14,1,B02,US,10807
A000808,Account 000808,SAV,A,USD,False,8,2017-01-01T00:00:00Z,2018-12-22T00:00:00Z,88411.94,0,B03,US,10808
A000809,Account 000809,SAV,A,USD,False,9,2017-01-01T00:00:00Z,2018-12-22T00:00:00Z,87917.32,4,B04,US,10809
A000810,Account 000810,SAV,A,USD,False,10,2017-01-01T00:00:00Z,2018-12-22T00:00:00Z,56400.44,0,B00,US,10810
A000811,Account 000811,SAV,A,USD,False,11,2017-01-01T00:00:00Z,2018-12-22T00:00:00Z,87166.32,3,B01,US,10811
A000812,Account 000812,SAV,A,USD,False,12,2017-01-01T00:00:00Z,2018-12-22T00:00:00Z,88037.97,3,B02,US,10812
A000813,Account 000813,SAV,A,USD,False,13,2017-01-01T00:00:00Z,2018-12-22T00:00:00Z,96606.81,0,B03,US,10813
A000814,Account 000814,SAV,A,USD,False,14,2017-01-01T00:00:00Z,2018-12-22T00:00:00Z,90386.43,4,B04,US,10814
A000815,Account 000815,SAV,A,USD,False,15,2017-01-01T00:00:00Z,2018-12-22T00:00:00Z,95262.40,0,B00,US,10815
A000816,Account 000816,SAV,A,USD,False,16,2017-01-01T00:00:00Z,2018-12-22T00:00:00Z,62885.54,2,B01,US,10816
A000817,Account 000817,SAV,A,USD,False,17,2017-01-01T00:00:00Z,2018-12-22T00:00:00Z,73886.46,2,B02,US,10817
A000818,Account 000818,SAV,A,USD,False,18,2017-01-01T00:00:00Z,2018-12-22T00:00:00Z,73929.73,0,B03,US,10818
A000819,Account 000819,SAV,A,USD,False,19,2017-01-01T00:00:00Z,2018-12-22T00:00:00Z,53172.49,2,B04,US,10819
A000820,Account 000820,SAV,A,USD,False,0,2017-01-01T00:00:00Z,2018-12-22T00:00:00Z,59697.58,4,B00,US,10820
A000821,Account 000821,SAV,A,USD,False,1,2017-01-01T00:00:00Z,2018-12-22T00:00:00Z,74556.66,5,B01,US,10821
A000822,Account 000822,SAV,A,USD,False,2,2017-01-01T00:00:00Z,2018-12-22T00:00:00Z,51535.20,3,B02,US,10822
A000823,Account 000823,SAV,A,USD,False,3,2017-01-01T00:00:00Z,2018-12-22T00:00:00Z,59939.88,3,B03,US,10823
A000824,Account 000824,SAV,A,USD,False,4,2017-01-01T00:00:00Z,2018-12-22T00:00:00Z,90964.90,0,B04,US,10824
A000825,Account 000825,SAV,A,USD,False,5,2017-01-01T00:00:00Z,2018-12-22T00:00:00Z,87058.71,4,B00,US,10825
A000826,Account 000826,SAV,A,USD,False,6,2017-01-01T00:00:00Z,2018-12-22T00:00:00Z,99241.14,1,B01,US,10826
A000827,Account 000827,SAV,A,USD,False,7,2017-01-01T00:00:00Z,2018-12-22T00:00:00Z,69144.06,3,B02,US,10827
A000828,Account 000828,SAV,A,USD,False,8,2017-01-01T00:00:00Z,2018-12-22T00:00:00Z,64737.68,0,B03,US,10828
A000829,Account 000829,SAV,A,USD,False,9,2017-01-01T00:00:00Z,2018-12-22T00:00:00Z,87634.85,0,B04,US,10829
A000830,Account 000830,SAV,A,USD,False,10,2017-01-01T00:00:00Z,2018-12-22T00:00:00Z,57558.55,1,B00,US,10830
A000831,Account 000831,SAV,A,USD,False,11,2017-01-01T00:00:00Z,2018-12-22T00:00:00Z,95569.98,1,B01,US,10831
A000832,Account 000832,SAV,A,USD,False,12,2017-01-01T00:00:00Z,2018-12-22T00:00:00Z,93761.00,3,B02,US,10832
A000833,Account 000833,SAV,A,USD,False,13,2017-01-01T00:00:00Z,2018-12-22T00:00:00Z,87139.50,0,B03,US,10833
A000834,Account 000834,SAV,A,USD,False,14,2017-01-01T00:00:00Z,2018-12-22T00:00:00Z,91475.09,1,B04,US,10834
A000835,Account 000835,SAV,A,USD,False,15,2017-01-01T00:00:00Z,2018-12-22T00:00:00Z,62260.02,5,B00,US,10835
A000836,Account 000836,SAV,A,USD,False,16,2017-01-01T00:00:00Z,2018-12-22T00:00:00Z,84160.50,4,B01,US,10836
A000837,Account 000837,SAV,A,USD,False,17,2017-01-01T00:00:00Z,2018-12-22T00:00:00Z,97214.57,3,B02,US,10837
A000838,Account 000838,SAV,A,USD,False,18,2017-01-01T00:00:00Z,2018-12-22T00:00:00Z,80611.31,1,B03,US,10838
A000839,Account 000839,SAV,A,USD,False,19,2017-01-01T00:00:00Z,2018-12-22T00:00:00Z,98587.83,4,B04,US,10839
A000840,Account 000840,SAV,A,USD,False,0,2017-01-01T00:00:00Z,2018-12-22T00:00:00Z,80646.46,3,B00,US,10840
A000841,Account 000841,SAV,A,USD,False,1,2017-01-01T00:00:00Z,2018-12-22T00:00:00Z,53448.80,1,B01,US,10841
A000842,Account 000842,SAV,A,USD,False,2,2017-01-01T00:00:00Z,2018-12-22T00:00:00Z,94638.74,2,B02,US,10842
A000843,Account 000843,SAV,A,USD,False,3,2017-01-01T00:00:00Z,2018-12-22T00:00:00Z,56021.32,0,B03,US,10843
A000844,Account 000844,SAV,A,USD,False,4,2017-01-01T00:00:00Z,2018-12-22T00:00:00Z,66452.63,0,B04,US,10844
A000845,Account 000845,SAV,A,USD,False,5,2017-01-01T00:00:00Z,2018-12-22T00:00:00Z,71988.26,1,B00,US,10845
A000846,Account 000846,SAV,A,USD,False,6,2017-01-01T00:00:00Z,2018-12-22T00:00:00Z,68309.66,5,B01,US,10846
A000847,Account 000847,SAV,A,USD,False,7,2017-01-01T00:00:00Z,2018-12-22T00:00:00Z,81424.10,0,B02,US,10847
A000848,Account 000848,SAV,A,USD,False,8,2017-01-01T00:00:00Z,2018-12-22T00:00:00Z,98418.81,4,B03,US,10848
A000849,Account 000849,SAV,A,USD,False,9,2017-01-01T00:00:00Z,2018-12-22T00:00:00Z,82883.01,5,B04,US,10849
A000850,Account 000850,SAV,A,USD,False,10,2017-01-01T00:00:00Z,2018-12-22T00:00:00Z,57765.73,1,B00,US,10850
A000851,Account 000851,SAV,A,USD,False,11,2017-01-01T00:00:00Z,2018-12-22T00:00:00Z,67141.21,2,B01,US,10851
A000852,Account 000852,SAV,A,USD,False,12,2017-01-01T00:00:00Z,2018-12-22T00:00:00Z,86812.71,0,B02,US,10852
A000853,Account 000853,SAV,A,USD,False,13,2017-01-01T00:00:00Z,2018-12-22T00:00:00Z,90181.64,1,B03,US,10853
A000854,Account 000854,SAV,A,USD,False,14,2017-01-01T00:00:00Z,2018-12-22T00:00:00Z,54315.01,1,B04,US,10854
A000855,Account 000855,SAV,A,USD,False,15,2017-01-01T00:00:00Z,2018-12-22T00:00:00Z,66446.32,0,B00,US,10855
A000856,Account 000856,SAV,A,USD,False,16,2017-01-01T00:00:00Z,2018-12-22T00:00:00Z,72684.20,5,B01,US,10856
A000857,Account 000857,SAV,A,USD,False,17,2017-01-01T00:00:00Z,2018-12-22T00:00:00Z,80393.86,4,B02,US,10857
A000858,Account 000858,SAV,A,USD,False,18,2017-01-01T00:00:00Z,2018-12-22T00:00:00Z,59398.41,4,B03,US,10858
A000859,Account 000859,SAV,A,USD,False,19,2017-01-01T00:00:00Z,2018-12-22T00:00:00Z,78192.45,0,B04,US,10859
A000860,Account 000860,SAV,A,USD,False,0,2017-01-01T00:00:00Z,2018-12-22T00:00:00Z,86066.22,3,B00,US,10860
A000861,Account 000861,SAV,A,USD,False,1,2017-01-01T00:00:00Z,2018-12-22T00:00:00Z,90163.42,1,B01,US,10861
A000862,Account 000862,SAV,A,USD,False,2,2017-01-01T00:00:00Z,2018-12-22T00:00:00Z,57051.36,0,B02,US,10862
A000863,Account 000863,SAV,A,USD,False,3,2017-01-01T00:00:00Z,2018-12-22T00:00:00Z,55246.69,4,B03,US,10863
A000864,Account 000864,SAV,A,USD,False,4,2017-01-01T00:00:00Z,2018-12-22T00:00:00Z,61556.00,0,B04,US,10864
A000865,Account 000865,SAV,A,USD,False,5,2017-01-01T00:00:00Z,2018-12-22T00:00:00Z,96863.72,0,B00,US,10865
A000866,Account 000866,SAV,A,USD,False,6,2017-01-01T00:00:00Z,2018-12-22T00:00:00Z,80361.91,0,B01,US,10866
A000867,Account 000867,SAV,A,USD,False,7,2017-01-01T00:00:00Z,2018-12-22T00:00:00Z,54331.35,4,B02,US,10867
A000868,Account 000868,SAV,A,USD,False,8,2017-01-01T00:00:00Z,2018-12-22T00:00:00Z,63951.56,1,B03,US,10868
A000869,Account 000869,SAV,A,USD,False,9,2017-01-01T00:00:00Z,2018-12-22T00:00:00Z,91607.64,0,B04,US,10869
A000870,Account 000870,SAV,A,USD,False,10,2017-01-01T00:00:00Z,2018-12-22T00:00:00Z,51789.83,0,B00,US,10870
A000871,Account 000871,SAV,A,USD,False,11,2017-01-01T00:00:00Z,2018-12-22T00:00:00Z,95265.12,2,B01,US,10871
A000872,Account 000872,SAV,A,USD,False,12,2017-01-01T00:00:00Z,2018-12-22T00:00:00Z,83165.65,1,B02,US,10872
A000873,Account 000873,SAV,A,USD,False,13,2017-01-01T00:00:00Z,2018-12-22T00:00:00Z,72021.82,4,B03,US,10873
A000874,Account 000874,SAV,A,USD,False,14,2017-01-01T00:00:00Z,2018-12-22T00:00:00Z,66449.25,0,B04,US,10874
A000875,Account 000875,SAV,A,USD,False,15,2017-01-01T00:00:00Z,2018-12-22T00:00:00Z,97173.02,2,B00,US,10875
A000876,Account 000876,SAV,A,USD,False,16,2017-01-01T00:00:00Z,2018-12-22T00:00:00Z,81528.55,4,B01,US,10876
A000877,Account 000877,SAV,A,USD,False,17,2017-01-01T00:00:00Z,2018-12-22T00:00:00Z,99099.42,1,B02,US,10877
A000878,Account 000878,SAV,A,USD,False,18,2017-01-01T00:00:00Z,2018-12-22T00:00:00Z,59848.48,3,B03,US,10878
A000879,Account 000879,SAV,A,USD,False,19,2017-01-01T00:00:00Z,2018-12-22T00:00:00Z,79612.95,5,B04,US,10879
A000880,Account 000880,SAV,A,USD,False,0,2017-01-01T00:00:00Z,2018-12-22T00:00:00Z,65160.93,3,B00,US,10880
A000881,Account 000881,SAV,A,USD,False,1,2017-01-01T00:00:00Z,2018-12-22T00:00:00Z,87756.76,4,B01,US,10881
A000882,Account 000882,SAV,A,USD,False,2,2017-01-01T00:00:00Z,2018-12-22T00:00:00Z,74012.85,5,B02,US,10882
A000883,Account 000883,SAV,A,USD,False,3,2017-01-01T00:00:00Z,2018-12-22T00:00:00Z,73209.07,2,B03,US,10883
A000884,Account 000884,SAV,A,USD,False,4,2017-01-01T00:00:00Z,2018-12-22T00:00:00Z,63722.10,2,B04,US,10884
A000885,Account 000885,SAV,A,USD,False,5,2017-01-01T00:00:00Z,2018-12-22T00:00:00Z,93440.51,2,B00,US,10885
A000886,Account 000886,SAV,A,USD,False,6,2017-01-01T00:00:00Z,2018-12-22T00:00:00Z,59983.62,2,B01,US,10886
A000887,Account 000887,SAV,A,USD,False,7,2017-01-01T00:00:00Z,2018-12-22T00:00:00Z,57488.87,4,B02,US,10887
A000888,Account 000888,SAV,A,USD,False,8,2017-01-01T00:00:00Z,2018-12-22T00:00:00Z,52443.78,3,B03,US,10888
A000889,Account 000889,SAV,A,USD,False,9,2017-01-01T00:00:00Z,2018-12-22T00:00:00Z,62164.47,1,B04,US,10889
A000890,Account 000890,SAV,A,USD,False,10,2017-01-01T00:00:00Z,2018-12-22T00:00:00Z,79230.35,4,B00,US,10890
A000891,Account 000891,SAV,A,USD,False,11,2017-01-01T00:00:00Z,2018-12-22T00:00:00Z,63318.61,2,B01,US,10891
A000892,Account 000892,SAV,A,USD,False,12,2017-01-01T00:00:00Z,2018-12-22T00:00:00Z,84674.23,1,B02,US,10892
A000893,Account 000893,SAV,A,USD,False,13,2017-01-01T00:00:00Z,2018-12-22T00:00:00Z,82449.64,1,B03,US,10893
A000894,Account 000894,SAV,A,USD,False,14,2017-01-01T00:00:00Z,2018-12-22T00:00:00Z,87892.19,4,B04,US,10894
A000895,Account 000895,SAV,A,USD,False,15,2017-01-01T00:00:00Z,2018-12-22T00:00:00Z,86083.28,2,B00,US,10895
A000896,Account 000896,SAV,A,USD,False,16,2017-01-01T00:00:00Z,2018-12-22T00:00:00Z,90399.83,0,B01,US,10896
A000897,Account 000897,SAV,A,USD,False,17,2017-01-01T00:00:00Z,2018-12-22T00:00:00Z,96139.45,0,B02,US,10897
A000898,Account 000898,SAV,A,USD,False,18,2017-01-01T00:00:00Z,2018-12-22T00:00:00Z,75266.59,1,B03,US,10898
A000899,Account 000899,SAV,A,USD,False,19,2017-01-01T00:00:00Z,2018-12-22T00:00:00Z,83909.64,1,B04,US,10899
A000900,Account 000900,SAV,A,USD,False,0,2017-01-01T00:00:00Z,2018-12-22T00:00:00Z,96794.83,4,B00,US,10900
A000901,Account 000901,SAV,A,USD,False,1,2017-01-01T00:00:00Z,2018-12-22T00:00:00Z,70658.76,0,B01,US,10901
A000902,Account 000902,SAV,A,USD,False,2,2017-01-01T00:00:00Z,2018-12-22T00:00:00Z,78589.02,0,B02,US,10902
A000903,Account 000903,SAV,A,USD,False,3,2017-01-01T00:00:00Z,2018-12-22T00:00:00Z,79356.02,4,B03,US,10903
A000904,Account 000904,SAV,A,USD,False,4,2017-01-01T00:00:00Z,2018-12-22T00:00:00Z,56927.53,0,B04,US,10904
A000905,Account 000905,SAV,A,USD,False,5,2017-01-01T00:00:00Z,2018-12-22T00:00:00Z,87965.36,5,B00,US,10905
A000906,Account 000906,SAV,A,USD,False,6,2017-01-01T00:00:00Z,2018-12-22T00:00:00Z,93570.12,4,B01,US,10906
A000907,Account 000907,SAV,A,USD,False,7,2017-01-01T00:00:00Z,2018-12-22T00:00:00Z,52262.57,5,B02,US,10907
A000908,Account 000908,SAV,A,USD,False,8,2017-01-01T00:00:00Z,2018-12-22T00:00:00Z,97787.31,2,B03,US,10908
A000909,Account 000909,SAV,A,USD,False,9,2017-01-01T00:00:00Z,2018-12-22T00:00:00Z,94975.12,4,B04,US,10909
A000910,Account 000910,SAV,A,USD,False,10,2017-01-01T00:00:00Z,2018-12-22T00:00:00Z,79547.53,0,B00,US,10910
A000911,Account 000911,SAV,A,USD,False,11,2017-01-01T00:00:00Z,2018-12-22T00:00:00Z,90843.35,4,B01,US,10911
A000912,Account 000912,SAV,A,USD,False,12,2017-01-01T00:00:00Z,2018-12-22T00:00:00Z,94332.35,4,B02,US,10912
A000913,Account 000913,SAV,A,USD,False,13,2017-01-01T00:00:00Z,2018-12-22T00:00:00Z,83506.98,0,B03,US,10913
A000914,Account 000914,SAV,A,USD,False,14,2017-01-01T00:00:00Z,2018-12-22T00:00:00Z,75498.11,3,B04,US,10914
A000915,Account 000915,SAV,A,USD,False,15,2017-01-01T00:00:00Z,2018-12-22T00:00:00Z,79517.64,5,B00,US,10915
A000916,Account 000916,SAV,A,USD,False,16,2017-01-01T00:00:00Z,2018-12-22T00:00:00Z,80683.04,5,B01,US,10916
A000917,Account 000917,SAV,A,USD,False,17,2017-01-01T00:00:00Z,2018-12-22T00:00:00Z,65182.31,5,B02,US,10917
A000918,Account 000918,SAV,A,USD,False,18,2017-01-01T00:00:00Z,2018-12-22T00:00:00Z,65533.26,0,B03,US,10918
A000919,Account 000919,SAV,A,USD,False,19,2017-01-01T00:00:00Z,2018-12-22T00:00:00Z,88994.00,4,B04,US,10919
A000920,Account 000920,SAV,A,USD,False,0,2017-01-01T00:00:00Z,2018-12-22T00:00:00Z,96058.96,3,B00,US,10920
A000921,Account 000921,SAV,A,USD,False,1,2017-01-01T00:00:00Z,2018-12-22T00:00:00Z,62961.79,2,B01,US,10921
A000922,Account 000922,SAV,A,USD,False,2,2017-01-01T00:00:00Z,2018-12-22T00:00:00Z,63495.55,3,B02,US,10922
A000923,Account 000923,SAV,A,USD,False,3,2017-01-01T00:00:00Z,2018-12-22T00:00:00Z,75418.52,1,B03,US,10923
A000924,Account 000924,SAV,A,USD,False,4,2017-01-01T00:00:00Z,2018-12-22T00:00:00Z,67636.35,2,B04,US,10924
A000925,Account 000925,SAV,A,USD,False,5,2017-01-01T00:00:00Z,2018-12-22T00:00:00Z,71773.14,5,B00,US,10925
A000926,Account 000926,SAV,A,USD,False,6,2017-01-01T00:00:00Z,2018-12-22T00:00:00Z,65832.12,5,B01,US,10926
A000927,Account 000927,SAV,A,USD,False,7,2017-01-01T00:00:00Z,2018-12-22T00:00:00Z,53795.62,5,B02,US,10927
A000928,Account 000928,SAV,A,USD,False,8,2017-01-01T00:00:00Z,2018-12-22T00:00:00Z,88903.33,2,B03,US,10928
A000929,Account 000929,SAV,A,USD,False,9,2017-01-01T00:00:00Z,2018-12-22T00:00:00Z,81908.17,3,B04,US,10929
A000930,Account 000930,SAV,A,USD,False,10,2017-01-01T00:00:00Z,2018-12-22T00:00:00Z,64083.09,5,B00,US,10930
A000931,Account 000931,SAV,A,USD,False,11,2017-01-01T00:00:00Z,2018-12-22T00:00:00Z,94213.89,1,B01,US,10931
A000932,Account 000932,SAV,A,USD,False,12,2017-01-01T00:00:00Z,2018-12-22T00:00:00Z,87712.83,1,B02,US,10932
A000933,Account 000933,SAV,A,USD,False,13,2017-01-01T00:00:00Z,2018-12-22T00:00:00Z,94808.78,4,B03,US,10933
A000934,Account 000934,SAV,A,USD,False,14,2017-01-01T00:00:00Z,2018-12-22T00:00:00Z,52828.84,0,B04,US,10934
A000935,Account 000935,SAV,A,USD,False,15,2017-01-01T00:00:00Z,2018-12-22T00:00:00Z,54658.42,2,B00,US,10935
A000936,Account 000936,SAV,A,USD,False,16,2017-01-01T00:00:00Z,2018-12-22T00:00:00Z,55911.43,4,B01,US,10936
A000937,Account 000937,SAV,A,USD,False,17,2017-01-01T00:00:00Z,2018-12-22T00:00:00Z,85244.08,4,B02,US,10937
A000938,Account 000938,SAV,A,USD,False,18,2017-01-01T00:00:00Z,2018-12-22T00:00:00Z,85671.64,2,B03,US,10938
A000939,Account 000939,SAV,A,USD,False,19,2017-01-01T00:00:00Z,2018-12-22T00:00:00Z,99407.63,3,B04,US,10939
A000940,Account 000940,SAV,A,USD,False,0,2017-01-01T00:00:00Z,2018-12-22T00:00:00Z,93518.47,5,B00,US,10940
A000941,Account 000941,SAV,A,USD,False,1,2017-01-01T00:00:00Z,2018-12-22T00:00:00Z,56221.29,0,B01,US,10941
A000942,Account 000942,SAV,A,USD,False,2,2017-01-01T00:00:00Z,2018-12-22T00:00:00Z,92246.80,4,B02,US,10942
A000943,Account 000943,SAV,A,USD,False,3,2017-01-01T00:00:00Z,2018-12-22T00:00:00Z,87441.11,5,B03,US,10943
A000944,Account 000944,SAV,A,USD,False,4,2017-01-01T00:00:00Z,2018-12-22T00:00:00Z,71177.02,4,B04,US,10944
A000945,Account 000945,SAV,A,USD,False,5,2017-01-01T00:00:00Z,2018-12-22T00:00:00Z,93105.50,3,B00,US,10945
A000946,Account 000946,SAV,A,USD,False,6,2017-01-01T00:00:00Z,2018-12-22T00:00:00Z,78639.44,2,B01,US,10946
A000947,Account 000947,SAV,A,USD,False,7,2017-01-01T00:00:00Z,2018-12-22T00:00:00Z,88284.62,3,B02,US,10947
A000948,Account 000948,SAV,A,USD,False,8,2017-01-01T00:00:00Z,2018-12-22T00:00:00Z,78855.08,5,B03,US,10948
A000949,Account 000949,SAV,A,USD,False,9,2017-01-01T00:00:00Z,2018-12-22T00:00:00Z,56733.61,4,B04,US,10949
A000950,Account 000950,SAV,A,USD,False,10,2017-01-01T00:00:00Z,2018-12-22T00:00:00Z,81408.36,2,B00,US,10950
A000951,Account 000951,SAV,A,USD,False,11,2017-01-01T00:00:00Z,2018-12-22T00:00:00Z,87396.63,2,B01,US,10951
A000952,Account 000952,SAV,A,USD,False,12,2017-01-01T00:00:00Z,2018-12-22T00:00:00Z,94056.08,5,B02,US,10952
A000953,Account 000953,SAV,A,USD,False,13,2017-01-01T00:00:00Z,2018-12-22T00:00:00Z,90647.94,0,B03,US,10953
A000954,Account 000954,SAV,A,USD,False,14,2017-01-01T00:00:00Z,2018-12-22T00:00:00Z,60780.28,2,B04,US,10954
A000955,Account 000955,SAV,A,USD,False,15,2017-01-01T00:00:00Z,2018-12-22T00:00:00Z,59505.63,4,B00,US,10955
A000956,Account 000956,SAV,A,USD,False,16,2017-01-01T00:00:00Z,2018-12-22T00:00:00Z,67495.13,1,B01,US,10956
A000957,Account 000957,SAV,A,USD,False,17,2017-01-01T00:00:00Z,2018-12-22T00:00:00Z,51744.93,1,B02,US,10957
A000958,Account 000958,SAV,A,USD,False,18,2017-01-01T00:00:00Z,2018-12-22T00:00:00Z,68539.36,0,B03,US,10958
A000959,Account 000959,SAV,A,USD,False,19,2017-01-01T00:00:00Z,2018-12-22T00:00:00Z,57613.67,0,B04,US,10959
A000960,Account 000960,SAV,A,USD,False,0,2017-01-01T00:00:00Z,2018-12-22T00:00:00Z,78766.80,3,B00,US,10960
A000961,Account 000961,SAV,A,USD,False,1,2017-01-01T00:00:00Z,2018-12-22T00:00:00Z,61450.29,4,B01,US,10961
A000962,Account 000962,SAV,A,USD,False,2,2017-01-01T00:00:00Z,2018-12-22T00:00:00Z,52358.00,3,B02,US,10962
A000963,Account 000963,SAV,A,USD,False,3,2017-01-01T00:00:00Z,2018-12-22T00:00:00Z,75505.48,5,B03,US,10963
A000964,Account 000964,SAV,A,USD,False,4,2017-01-01T00:00:00Z,2018-12-22T00:00:00Z,94139.76,4,B04,US,10964
A000965,Account 000965,SAV,A,USD,False,5,2017-01-01T00:00:00Z,2018-12-22T00:00:00Z,62685.34,0,B00,US,10965
A000966,Account 000966,SAV,A,USD,False,6,2017-01-01T00:00:00Z,2018-12-22T00:00:00Z,93828.76,1,B01,US,10966
A000967,Account 000967,SAV,A,USD,False,7,2017-01-01T00:00:00Z,2018-12-22T00:00:00Z,72628.67,0,B02,US,10967
A000968,Account 000968,SAV,A,USD,False,8,2017-01-01T00:00:00Z,2018-12-22T00:00:00Z,82093.22,1,B03,US,10968
A000969,Account 000969,SAV,A,USD,False,9,2017-01-01T00:00:00Z,2018-12-22T00:00:00Z,61513.79,3,B04,US,10969
A000970,Account 000970,SAV,A,USD,False,10,2017-01-01T00:00:00Z,2018-12-22T00:00:00Z,62569.63,2,B00,US,10970
A000971,Account 000971,SAV,A,USD,False,11,2017-01-01T00:00:00Z,2018-12-22T00:00:00Z,94125.15,5,B01,US,10971
A000972,Account 000972,SAV,A,USD,False,12,2017-01-01T00:00:00Z,2018-12-22T00:00:00Z,78843.00,2,B02,US,10972
A000973,Account 000973,SAV,A,USD,False,13,2017-01-01T00:00:00Z,2018-12-22T00:00:00Z,82732.53,4,B03,US,10973
A000974,Account 000974,SAV,A,USD,False,14,2017-01-01T00:00:00Z,2018-12-22T00:00:00Z,89223.08,1,B04,US,10974
A000975,Account 000975,SAV,A,USD,False,15,2017-01-01T00:00:00Z,2018-12-22T00:00:00Z,54595.83,0,B00,US,10975
A000976,Account 000976,SAV,A,USD,False,16,2017-01-01T00:00:00Z,2018-12-22T00:00:00Z,75363.77,2,B01,US,10976
A000977,Account 000977,SAV,A,USD,False,17,2017-01-01T00:00:00Z,2018-12-22T00:00:00Z,83002.36,2,B02,US,10977
A000978,Account 000978,SAV,A,USD,False,18,2017-01-01T00:00:00Z,2018-12-22T00:00:00Z,67068.04,5,B03,US,10978
A000979,Account 000979,SAV,A,USD,False,19,2017-01-01T00:00:00Z,2018-12-22T00:00:00Z,73285.13,3,B04,US,10979
A000980,Account 000980,SAV,A,USD,False,0,2017-01-01T00:00:00Z,2018-12-22T00:00:00Z,92272.23,0,B00,US,10980
A000981,Account 000981,SAV,A,USD,False,1,2017-01-01T00:00:00Z,2018-12-22T00:00:00Z,96976.75,2,B01,US,10981
A000982,Account 000982,SAV,A,USD,False,2,2017-01-01T00:00:00Z,2018-12-22T00:00:00Z,77689.38,4,B02,US,10982
A000983,Account 000983,SAV,A,USD,False,3,2017-01-01T00:00:00Z,2018-12-22T00:00:00Z,51603.88,2,B03,US,10983
A000984,Account 000984,SAV,A,USD,False,4,2017-01-01T00:00:00Z,2018-12-22T00:00:00Z,56800.49,3,B04,US,10984
A000985,Account 000985,SAV,A,USD,False,5,2017-01-01T00:00:00Z,2018-12-22T00:00:00Z,63250.83,2,B00,US,10985
A000986,Account 000986,SAV,A,USD,False,6,2017-01-01T00:00:00Z,2018-12-22T00:00:00Z,80509.48,5,B01,US,10986
A000987,Account 000987,SAV,A,USD,False,7,2017-01-01T00:00:00Z,2018-12-22T00:00:00Z,76502.25,3,B02,US,10987
A000988,Account 000988,SAV,A,USD,False,8,2017-01-01T00:00:00Z,2018-12-22T00:00:00Z,75948.72,3,B03,US,10988
A000989,Account 000989,SAV,A,USD,False,9,2017-01-01T00:00:00Z,2018-12-22T00:00:00Z,51283.97,2,B04,US,10989
A000990,Account 000990,SAV,A,USD,False,10,2017-01-01T00:00:00Z,2018-12-22T00:00:00Z,55064.78,2,B00,US,10990
A000991,Account 000991,SAV,A,USD,False,11,2017-01-01T00:00:00Z,2018-12-22T00:00:00Z,87652.12,1,B01,US,10991
A000992,Account 000992,SAV,A,USD,False,12,2017-01-01T00:00:00Z,2018-12-22T00:00:00Z,82607.44,3,B02,US,10992
A000993,Account 000993,SAV,A,USD,False,13,2017-01-01T00:00:00Z,2018-12-22T00:00:00Z,73252.39,5,B03,US,10993
A000994,Account 000994,SAV,A,USD,False,14,2017-01-01T00:00:00Z,2018-12-22T00:00:00Z,55530.17,5,B04,US,10994
A000995,Account 000995,SAV,A,USD,False,15,2017-01-01T00:00:00Z,2018-12-22T00:00:00Z,65834.23,3,B00,US,10995
A000996,Account 000996,SAV,A,USD,False,16,2017-01-01T00:00:00Z,2018-12-22T00:00:00Z,56778.73,4,B01,US,10996
A000997,Account 000997,SAV,A,USD,False,17,2017-01-01T00:00:00Z,2018-12-22T00:00:00Z,87813.88,1,B02,US,10997
A000998,Account 000998,SAV,A,USD,False,18,2017-01-01T00:00:00Z,2018-12-22T00:00:00Z,87147.48,0,B03,US,10998
A000999,Account 000999,SAV,A,USD,False,19,2017-01-01T00:00:00Z,2018-12-22T00:00:00Z,81908.12,2,B04,US,10999
