account_id,customer_name,balance,risk_score,creation_date
acc_0,Customer_0,84457.74,0.758,2023-01-01
acc_1,Customer_1,42115.1,0.2589,2023-01-01
acc_2,Customer_2,51176.34,0.4049,2023-01-01
acc_3,Customer_3,78401.48,0.3033,2023-01-01
acc_4,Customer_4,47712.04,0.5834,2023-01-01
acc_5,Customer_5,90820.48,0.5047,2023-01-01
acc_6,Customer_6,28255.6,0.7558,2023-01-01
acc_7,Customer_7,61875.06,0.2505,2023-01-01
acc_8,Customer_8,90983.65,0.9828,2023-01-01
acc_9,Customer_9,81040.7,0.9022,2023-01-01
acc_10,Customer_10,31083.74,0.7298,2023-01-01
acc_11,Customer_11,89893.94,0.684,2023-01-01
acc_12,Customer_12,47267.06,0.1007,2023-01-01
acc_13,Customer_13,43473.77,0.6109,2023-01-01
acc_14,Customer_14,91309.8,0.9666,2023-01-01
acc_15,Customer_15,47753.28,0.8653,2023-01-01
acc_16,Customer_16,26123.18,0.805,2023-01-01
acc_17,Customer_17,54915.06,0.014,2023-01-01
acc_18,Customer_18,71998.5,0.3988,2023-01-01
acc_19,Customer_19,82502.01,0.6682,2023-01-01
acc_20,Customer_20,214.17,0.4936,2023-01-01
acc_21,Customer_21,86773.52,0.2439,2023-01-01
acc_22,Customer_22,32587.92,0.8705,2023-01-01
acc_23,Customer_23,19187.6,0.5675,2023-01-01
acc_24,Customer_24,23937.73,0.9675,2023-01-01
acc_25,Customer_25,80337.63,0.448,2023-01-01
acc_26,Customer_26,8136.54,0.3201,2023-01-01
acc_27,Customer_27,50843.27,0.9328,2023-01-01
acc_28,Customer_28,10994.88,0.5513,2023-01-01
acc_29,Customer_29,70685.48,0.5474,2023-01-01
acc_30,Customer_30,81465.24,0.5403,2023-01-01
acc_31,Customer_31,96387.47,0.6032,2023-01-01
acc_32,Customer_32,58802.94,0.445,2023-01-01
acc_33,Customer_33,59669.06,0.3849,2023-01-01
acc_34,Customer_34,57607.54,0.2903,2023-01-01
acc_35,Customer_35,19020.19,0.1867,2023-01-01
acc_36,Customer_36,61316.04,0.6567,2023-01-01
acc_37,Customer_37,47705.45,0.0898,2023-01-01
acc_38,Customer_38,75784.63,0.8768,2023-01-01
acc_39,Customer_39,92345.76,0.8425,2023-01-01
acc_40,Customer_40,89827.49,0.9231,2023-01-01
acc_41,Customer_41,54105.93,0.3913,2023-01-01
acc_42,Customer_42,70557.81,0.2756,2023-01-01
acc_43,Customer_43,81181.71,0.8495,2023-01-01
acc_44,Customer_44,89514.39,0.5898,2023-01-01
acc_45,Customer_45,94981.51,0.5797,2023-01-01
acc_46,Customer_46,45111.25,0.6602,2023-01-01
acc_47,Customer_47,99626.16,0.9169,2023-01-01
acc_48,Customer_48,79353.18,0.0824,2023-01-01
acc_49,Customer_49,61317.03,0.4864,2023-01-01
acc_50,Customer_50,63051.72,0.8451,2023-01-01
acc_51,Customer_51,24379.26,0.7315,2023-01-01
acc_52,Customer_52,11801.72,0.2205,2023-01-01
acc_53,Customer_53,79478.84,0.3325,2023-01-01
acc_54,Customer_54,81609.72,0.1006,2023-01-01
acc_55,Customer_55,14721.21,0.6977,2023-01-01
acc_56,Customer_56,4618.88,0.5739,2023-01-01
acc_57,Customer_57,91010.6,0.5342,2023-01-01
acc_58,Customer_58,68090.85,0.0267,2023-01-01
acc_59,Customer_59,63536.49,0.6063,2023-01-01
acc_60,Customer_60,57637.7,0.3912,2023-01-01
acc_61,Customer_61,37076.98,0.9805,2023-01-01
acc_62,Customer_62,3735.56,0.0216,2023-01-01
acc_63,Customer_63,96107.02,0.185,2023-01-01
acc_64,Customer_64,12477.13,0.2106,2023-01-01
acc_65,Customer_65,80094.58,0.937,2023-01-01
acc_66,Customer_66,2375.98,0.4256,2023-01-01
acc_67,Customer_67,10239.87,0.2599,2023-01-01
acc_68,Customer_68,22160.84,0.6469,2023-01-01
acc_69,Customer_69,35094.37,0.1803,2023-01-01
acc_70,Customer_70,50413.29,0.0394,2023-01-01
acc_71,Customer_71,10182.03,0.9882,2023-01-01
acc_72,Customer_72,20015.64,0.3586,2023-01-01
acc_73,Customer_73,73186.67,0.8383,2023-01-01
acc_74,Customer_74,91856.36,0.1694,2023-01-01
acc_75,Customer_75,67296.79,0.9665,2023-01-01
acc_76,Customer_76,5899.29,0.6762,2023-01-01
acc_77,Customer_77,84557.92,0.3423,2023-01-01
acc_78,Customer_78,25143.67,0.5968,2023-01-01
acc_79,Customer_79,44287.17,0.1748,2023-01-01
acc_80,Customer_80,47215.38,0.4099,2023-01-01
acc_81,Customer_81,56954.36,0.5086,2023-01-01
acc_82,Customer_82,31213.46,0.3572,2023-01-01
acc_83,Customer_83,83782.35,0.2509,2023-01-01
acc_84,Customer_84,56103.96,0.0124,2023-01-01
acc_85,Customer_85,74183.28,0.3359,2023-01-01
acc_86,Customer_86,4665.08,0.2809,2023-01-01
acc_87,Customer_87,24089.03,0.9531,2023-01-01
acc_88,Customer_88,35287.33,0.2879,2023-01-01
acc_89,Customer_89,35984.2,0.9469,2023-01-01
acc_90,Customer_90,63411.41,0.6211,2023-01-01
acc_91,Customer_91,71590.37,0.388,2023-01-01
acc_92,Customer_92,41500.36,0.6508,2023-01-01
acc_93,Customer_93,252.27,0.1923,2023-01-01
acc_94,Customer_94,33506.73,0.2394,2023-01-01
acc_95,Customer_95,63776.2,0.3786,2023-01-01
acc_96,Customer_96,87554.8,0.5682,2023-01-01
acc_97,Customer_97,41499.2,0.4023,2023-01-01
acc_98,Customer_98,70212.78,0.4182,2023-01-01
acc_99,Customer_99,66253.37,0.0468,2023-01-01
acc_100,Customer_100,44590.68,0.2592,2023-01-01
acc_101,Customer_101,15852.89,0.5276,2023-01-01
acc_102,Customer_102,48777.83,0.5614,2023-01-01
acc_103,Customer_103,75572.93,0.8839,2023-01-01
acc_104,Customer_104,49508.81,0.3121,2023-01-01
acc_105,Customer_105,46742.53,0.809,2023-01-01
acc_106,Customer_106,87514.13,0.8124,2023-01-01
acc_107,Customer_107,18881.33,0.9994,2023-01-01
acc_108,Customer_108,63345.57,0.0835,2023-01-01
acc_109,Customer_109,72582.88,0.9868,2023-01-01
acc_110,Customer_110,40241.5,0.6785,2023-01-01
acc_111,Customer_111,31686.1,0.2135,2023-01-01
acc_112,Customer_112,71760.68,0.0024,2023-01-01
acc_113,Customer_113,82290.87,0.5283,2023-01-01
acc_114,Customer_114,9868.66,0.1189,2023-01-01
acc_115,Customer_115,64961.62,0.8737,2023-01-01
acc_116,Customer_116,28070.28,0.9785,2023-01-01
acc_117,Customer_117,10108.05,0.8539,2023-01-01
acc_118,Customer_118,39729.95,0.0813,2023-01-01
acc_119,Customer_119,27543.91,0.453,2023-01-01
acc_120,Customer_120,79254.92,0.8614,2023-01-01
acc_121,Customer_121,13428.71,0.5209,2023-01-01
acc_122,Customer_122,65113.25,0.3471,2023-01-01
acc_123,Customer_123,87199.2,0.2784,2023-01-01
acc_124,Customer_124,1955.58,0.0407,2023-01-01
acc_125,Customer_125,68131.58,0.5584,2023-01-01
acc_126,Customer_126,94655.61,0.9384,2023-01-01
acc_127,Customer_127,90994.13,0.042,2023-01-01
acc_128,Customer_128,74938.57,0.7013,2023-01-01
acc_129,Customer_129,65570.65,0.7124,2023-01-01
acc_130,Customer_130,90280.74,0.6401,2023-01-01
acc_131,Customer_131,37307.68,0.5379,2023-01-01
acc_132,Customer_132,20863.63,0.5871,2023-01-01
acc_133,Customer_133,988.82,0.151,2023-01-01
acc_134,Customer_134,33407.5,0.7896,2023-01-01
acc_135,Customer_135,71878.09,0.3383,2023-01-01
acc_136,Customer_136,62091.76,0.0412,2023-01-01
acc_137,Customer_137,16469.67,0.9819,2023-01-01
acc_138,Customer_138,29024.13,0.3948,2023-01-01
acc_139,Customer_139,54893.58,0.2934,2023-01-01
acc_140,Customer_140,47858.66,0.2397,2023-01-01
acc_141,Customer_141,4920.81,0.1796,2023-01-01
acc_142,Customer_142,52352.72,0.0709,2023-01-01
acc_143,Customer_143,40376.6,0.3285,2023-01-01
acc_144,Customer_144,41530.69,0.0994,2023-01-01
acc_145,Customer_145,90874.89,0.474,2023-01-01
acc_146,Customer_146,84100.75,0.9762,2023-01-01
acc_147,Customer_147,34430.79,0.4791,2023-01-01
acc_148,Customer_148,69989.57,0.4265,2023-01-01
acc_149,Customer_149,30260.12,0.7348,2023-01-01
acc_150,Customer_150,89450.54,0.9197,2023-01-01
acc_151,Customer_151,62711.53,0.3756,2023-01-01
acc_152,Customer_152,97458.6,0.6389,2023-01-01
acc_153,Customer_153,6676.88,0.0847,2023-01-01
acc_154,Customer_154,75011.97,0.0612,2023-01-01
acc_155,Customer_155,884.32,0.3938,2023-01-01
acc_156,Customer_156,51948.47,0.4485,2023-01-01
acc_157,Customer_157,48913.02,0.5849,2023-01-01
acc_158,Customer_158,67962.33,0.423,2023-01-01
acc_159,Customer_159,36896.31,0.9885,2023-01-01
acc_160,Customer_160,26165.56,0.7771,2023-01-01
acc_161,Customer_161,43178.98,0.3585,2023-01-01
acc_162,Customer_162,6479.41,0.8636,2023-01-01
acc_163,Customer_163,70230.21,0.903,2023-01-01
acc_164,Customer_164,45216.02,0.6769,2023-01-01
acc_165,Customer_165,11979.14,0.398,2023-01-01
acc_166,Customer_166,20802.47,0.0421,2023-01-01
acc_167,Customer_167,94801.34,0.2159,2023-01-01
acc_168,Customer_168,14720.81,0.198,2023-01-01
acc_169,Customer_169,37865.39,0.5464,2023-01-01
acc_170,Customer_170,15218.3,0.9887,2023-01-01
acc_171,Customer_171,98300.62,0.1484,2023-01-01
acc_172,Customer_172,40650.1,0.6799,2023-01-01
acc_173,Customer_173,87777.89,0.4954,2023-01-01
acc_174,Customer_174,91712.96,0.3225,2023-01-01
acc_175,Customer_175,49894.25,0.4986,2023-01-01
acc_176,Customer_176,67039.81,0.202,2023-01-01
acc_177,Customer_177,61016.08,0.2188,2023-01-01
acc_178,Customer_178,34088.01,0.9626,2023-01-01
acc_179,Customer_179,89910.9,0.8181,2023-01-01
acc_180,Customer_180,3643.28,0.1484,2023-01-01
acc_181,Customer_181,25762.5,0.7842,2023-01-01
acc_182,Customer_182,84249.1,0.5829,2023-01-01
acc_183,Customer_183,71841.35,0.8071,2023-01-01
acc_184,Customer_184,6729.28,0.0846,2023-01-01
acc_185,Customer_185,86902.64,0.0394,2023-01-01
acc_186,Customer_186,22586.56,0.0406,2023-01-01
acc_187,Customer_187,1626.99,0.844,2023-01-01
acc_188,Customer_188,33126.38,0.1607,2023-01-01
acc_189,Customer_189,14967.07,0.6561,2023-01-01
acc_190,Customer_190,96862.97,0.505,2023-01-01
acc_191,Customer_191,90118.94,0.5024,2023-01-01
acc_192,Customer_192,57429.86,0.6786,2023-01-01
acc_193,Customer_193,80530.49,0.7578,2023-01-01
acc_194,Customer_194,99054.2,0.747,2023-01-01
acc_195,Customer_195,90587.49,0.2061,2023-01-01
acc_196,Customer_196,53588.09,0.5986,2023-01-01
acc_197,Customer_197,82587.09,0.4822,2023-01-01
acc_198,Customer_198,79124.92,0.3886,2023-01-01
acc_199,Customer_199,58680.21,0.8513,2023-01-01
acc_200,Customer_200,79826.14,0.657,2023-01-01
acc_201,Customer_201,124.05,0.182,2023-01-01
acc_202,Customer_202,50735.09,0.2545,2023-01-01
acc_203,Customer_203,6655.52,0.8599,2023-01-01
acc_204,Customer_204,94300.41,0.3028,2023-01-01
acc_205,Customer_205,40866.51,0.81,2023-01-01
acc_206,Customer_206,6319.65,0.641,2023-01-01
acc_207,Customer_207,12819.35,0.2871,2023-01-01
acc_208,Customer_208,83011.07,0.0555,2023-01-01
acc_209,Customer_209,3689.79,0.4179,2023-01-01
acc_210,Customer_210,49233.91,0.8633,2023-01-01
acc_211,Customer_211,71747.16,0.6735,2023-01-01
acc_212,Customer_212,15222.24,0.9867,2023-01-01
acc_213,Customer_213,41172.91,0.6118,2023-01-01
acc_214,Customer_214,38729.63,0.047,2023-01-01
acc_215,Customer_215,47141.83,0.1514,2023-01-01
acc_216,Customer_216,3343.3,0.6174,2023-01-01
acc_217,Customer_217,63033.63,0.1053,2023-01-01
acc_218,Customer_218,54959.46,0.3467,2023-01-01
acc_219,Customer_219,38403.07,0.7764,2023-01-01
acc_220,Customer_220,49082.94,0.8813,2023-01-01
acc_221,Customer_221,61050.96,0.4672,2023-01-01
acc_222,Customer_222,63268.03,0.3379,2023-01-01
acc_223,Customer_223,12519.95,0.6825,2023-01-01
acc_224,Customer_224,62241.54,0.7886,2023-01-01
acc_225,Customer_225,12798.2,0.9118,2023-01-01
acc_226,Customer_226,79954.19,0.9169,2023-01-01
acc_227,Customer_227,87266.22,0.681,2023-01-01
acc_228,Customer_228,81044.06,0.519,2023-01-01
acc_229,Customer_229,78570.37,0.1891,2023-01-01
acc_230,Customer_230,78233.2,0.4446,2023-01-01
acc_231,Customer_231,75685.96,0.4555,2023-01-01
acc_232,Customer_232,78976.92,0.0753,2023-01-01
acc_233,Customer_233,4559.63,0.9343,2023-01-01
acc_234,Customer_234,48667.89,0.9011,2023-01-01
acc_235,Customer_235,94483.85,0.6665,2023-01-01
acc_236,Customer_236,57222.5,0.216,2023-01-01
acc_237,Customer_237,9438.27,0.8194,2023-01-01
acc_238,Customer_238,88888.33,0.7794,2023-01-01
acc_239,Customer_239,69880.39,0.4201,2023-01-01
acc_240,Customer_240,30600.63,0.1134,2023-01-01
acc_241,Customer_241,42654.43,0.566,2023-01-01
acc_242,Customer_242,92295.77,0.9358,2023-01-01
acc_243,Customer_243,41622.56,0.0992,2023-01-01
acc_244,Customer_244,77404.49,0.7343,2023-01-01
acc_245,Customer_245,3167.01,0.4467,2023-01-01
acc_246,Customer_246,68673.17,0.0301,2023-01-01
acc_247,Customer_247,91936.31,0.9622,2023-01-01
acc_248,Customer_248,72282.02,0.0785,2023-01-01
acc_249,Customer_249,7125.91,0.3593,2023-01-01
acc_250,Customer_250,3034.81,0.3479,2023-01-01
acc_251,Customer_251,1095.43,0.9743,2023-01-01
acc_252,Customer_252,81918.77,0.0705,2023-01-01
acc_253,Customer_253,89354.17,0.208,2023-01-01
acc_254,Customer_254,20558.6,0.6738,2023-01-01
acc_255,Customer_255,93832.4,0.1232,2023-01-01
acc_256,Customer_256,817.74,0.3691,2023-01-01
acc_257,Customer_257,2562.54,0.6048,2023-01-01
acc_258,Customer_258,85931.64,0.187,2023-01-01
acc_259,Customer_259,11327.86,0.3444,2023-01-01
acc_260,Customer_260,95921.23,0.1302,2023-01-01
acc_261,Customer_261,96655.27,0.3622,2023-01-01
acc_262,Customer_262,47389.7,0.2926,2023-01-01
acc_263,Customer_263,93718.97,0.9581,2023-01-01
acc_264,Customer_264,63627.98,0.184,2023-01-01
acc_265,Customer_265,99295.88,0.1026,2023-01-01
acc_266,Customer_266,58126.85,0.1564,2023-01-01
acc_267,Customer_267,89777.76,0.9457,2023-01-01
acc_268,Customer_268,80458.59,0.3159,2023-01-01
acc_269,Customer_269,24359.59,0.7549,2023-01-01
acc_270,Customer_270,29176.85,0.4198,2023-01-01
acc_271,Customer_271,4720.94,0.1322,2023-01-01
acc_272,Customer_272,2152.91,0.0779,2023-01-01
acc_273,Customer_273,7413.79,0.4202,2023-01-01
acc_274,Customer_274,55122.64,0.7409,2023-01-01
acc_275,Customer_275,14314.12,0.4222,2023-01-01
acc_276,Customer_276,63732.91,0.0846,2023-01-01
acc_277,Customer_277,44536.63,0.3693,2023-01-01
acc_278,Customer_278,94898.3,0.0579,2023-01-01
acc_279,Customer_279,40921.76,0.4172,2023-01-01
acc_280,Customer_280,72845.23,0.3207,2023-01-01
acc_281,Customer_281,20478.63,0.2933,2023-01-01
acc_282,Customer_282,47141.67,0.9503,2023-01-01
acc_283,Customer_283,79672.05,0.277,2023-01-01
acc_284,Customer_284,55862.34,0.6882,2023-01-01
acc_285,Customer_285,79586.15,0.4462,2023-01-01
acc_286,Customer_286,39937.81,0.7676,2023-01-01
acc_287,Customer_287,43228.48,0.248,2023-01-01
acc_288,Customer_288,45399.36,0.9371,2023-01-01
acc_289,Customer_289,14342.49,0.4624,2023-01-01
acc_290,Customer_290,63766.62,0.4833,2023-01-01
acc_291,Customer_291,20443.63,0.0018,2023-01-01
acc_292,Customer_292,69929.27,0.6187,2023-01-01
acc_293,Customer_293,876.89,0.2986,2023-01-01
acc_294,Customer_294,76886.56,0.6289,2023-01-01
acc_295,Customer_295,54566.29,0.1562,2023-01-01
acc_296,Customer_296,70658.77,0.4714,2023-01-01
acc_297,Customer_297,67850.06,0.7601,2023-01-01
acc_298,Customer_298,23313.04,0.762,2023-01-01
acc_299,Customer_299,28080.83,0.984,2023-01-01
acc_300,Customer_300,12171.08,0.8837,2023-01-01
acc_301,Customer_301,4150.66,0.2566,2023-01-01
acc_302,Customer_302,52657.58,0.5816,2023-01-01
acc_303,Customer_303,39683.88,0.102,2023-01-01
acc_304,Customer_304,25335.55,0.2834,2023-01-01
acc_305,Customer_305,75546.76,0.9088,2023-01-01
acc_306,Customer_306,59581.45,0.0355,2023-01-01
acc_307,Customer_307,79244.42,0.3056,2023-01-01
acc_308,Customer_308,34055.05,0.5302,2023-01-01
acc_309,Customer_309,24979.8,0.92,2023-01-01
acc_310,Customer_310,16439.12,0.4148,2023-01-01
acc_311,Customer_311,29040.23,0.5198,2023-01-01
acc_312,Customer_312,57440.78,0.6271,2023-01-01
acc_313,Customer_313,53184.44,0.4108,2023-01-01
acc_314,Customer_314,63495.94,0.4034,2023-01-01
acc_315,Customer_315,77877.17,0.7882,2023-01-01
acc_316,Customer_316,29296.19,0.3718,2023-01-01
acc_317,Customer_317,62918.21,0.1571,2023-01-01
acc_318,Customer_318,69733.49,0.3814,2023-01-01
acc_319,Customer_319,59147.14,0.1395,2023-01-01
acc_320,Customer_320,66859.01,0.3541,2023-01-01
acc_321,Customer_321,47319.29,0.4151,2023-01-01
acc_322,Customer_322,47723.85,0.6947,2023-01-01
acc_323,Customer_323,31892.19,0.6521,2023-01-01
acc_324,Customer_324,6116.19,0.3002,2023-01-01
acc_325,Customer_325,74546.45,0.0524,2023-01-01
acc_326,Customer_326,62152.11,0.0255,2023-01-01
acc_327,Customer_327,47205.73,0.8885,2023-01-01
acc_328,Customer_328,1110.0,0.5268,2023-01-01
acc_329,Customer_329,6739.04,0.8671,2023-01-01
acc_330,Customer_330,68661.02,0.742,2023-01-01
acc_331,Customer_331,66933.86,0.0064,2023-01-01
acc_332,Customer_332,4213.67,0.6209,2023-01-01
acc_333,Customer_333,99968.54,0.8731,2023-01-01
acc_334,Customer_334,69998.61,0.7271,2023-01-01
acc_335,Customer_335,22746.03,0.7516,2023-01-01
acc_336,Customer_336,28863.62,0.1055,2023-01-01
acc_337,Customer_337,46143.4,0.3302,2023-01-01
acc_338,Customer_338,16908.71,0.4217,2023-01-01
acc_339,Customer_339,89730.38,0.4353,2023-01-01
acc_340,Customer_340,44784.46,0.7088,2023-01-01
acc_341,Customer_341,52463.77,0.1292,2023-01-01
acc_342,Customer_342,91048.2,0.4441,2023-01-01
acc_343,Customer_343,78954.84,0.3889,2023-01-01
acc_344,Customer_344,80703.92,0.3895,2023-01-01
acc_345,Customer_345,22093.94,0.1962,2023-01-01
acc_346,Customer_346,94009.46,0.5865,2023-01-01
acc_347,Customer_347,5074.35,0.3883,2023-01-01
acc_348,Customer_348,23479.52,0.0847,2023-01-01
acc_349,Customer_349,18756.91,0.057,2023-01-01
acc_350,Customer_350,63843.56,0.1734,2023-01-01
acc_351,Customer_351,61116.91,0.6125,2023-01-01
acc_352,Customer_352,70521.88,0.5121,2023-01-01
acc_353,Customer_353,28513.96,0.8775,2023-01-01
acc_354,Customer_354,35371.8,0.4583,2023-01-01
acc_355,Customer_355,63224.76,0.5161,2023-01-01
acc_356,Customer_356,95651.19,0.9547,2023-01-01
acc_357,Customer_357,92983.01,0.9341,2023-01-01
acc_358,Customer_358,58137.92,0.4902,2023-01-01
acc_359,Customer_359,70441.27,0.2154,2023-01-01
acc_360,Customer_360,26660.62,0.0438,2023-01-01
acc_361,Customer_361,16369.47,0.0039,2023-01-01
acc_362,Customer_362,65497.29,0.1404,2023-01-01
acc_363,Customer_363,78689.27,0.6805,2023-01-01
acc_364,Customer_364,97070.51,0.3965,2023-01-01
acc_365,Customer_365,92147.05,0.4537,2023-01-01
acc_366,Customer_366,34016.42,0.1023,2023-01-01
acc_367,Customer_367,88294.94,0.7948,2023-01-01
acc_368,Customer_368,32360.6,0.4557,2023-01-01
acc_369,Customer_369,32581.83,0.0288,2023-01-01
acc_370,Customer_370,4530.82,0.3687,2023-01-01
acc_371,Customer_371,21038.17,0.5245,2023-01-01
acc_372,Customer_372,18859.73,0.2016,2023-01-01
acc_373,Customer_373,67299.52,0.7356,2023-01-01
acc_374,Customer_374,31291.99,0.86,2023-01-01
acc_375,Customer_375,25538.45,0.3439,2023-01-01
acc_376,Customer_376,71276.79,0.0445,2023-01-01
acc_377,Customer_377,93424.93,0.0723,2023-01-01
acc_378,Customer_378,46147.01,0.7246,2023-01-01
acc_379,Customer_379,4842.11,0.809,2023-01-01
acc_380,Customer_380,97891.44,0.4605,2023-01-01
acc_381,Customer_381,11900.55,0.0815,2023-01-01
acc_382,Customer_382,9963.17,0.7654,2023-01-01
acc_383,Customer_383,41459.88,0.9192,2023-01-01
acc_384,Customer_384,44119.91,0.0771,2023-01-01
acc_385,Customer_385,42750.87,0.7548,2023-01-01
acc_386,Customer_386,82950.91,0.0394,2023-01-01
acc_387,Customer_387,18120.9,0.49,2023-01-01
acc_388,Customer_388,12895.74,0.8711,2023-01-01
acc_389,Customer_389,93452.64,0.3196,2023-01-01
acc_390,Customer_390,43540.88,0.5571,2023-01-01
acc_391,Customer_391,28622.03,0.5411,2023-01-01
acc_392,Customer_392,20198.39,0.2966,2023-01-01
acc_393,Customer_393,44234.18,0.6047,2023-01-01
acc_394,Customer_394,53662.89,0.261,2023-01-01
acc_395,Customer_395,23255.61,0.1187,2023-01-01
acc_396,Customer_396,78371.01,0.0989,2023-01-01
acc_397,Customer_397,73315.21,0.2488,2023-01-01
acc_398,Customer_398,28527.24,0.7361,2023-01-01
acc_399,Customer_399,65996.12,0.7419,2023-01-01
acc_400,Customer_400,51576.78,0.8591,2023-01-01
acc_401,Customer_401,12267.21,0.6452,2023-01-01
acc_402,Customer_402,11912.61,0.7373,2023-01-01
acc_403,Customer_403,35954.58,0.6749,2023-01-01
acc_404,Customer_404,70378.04,0.6606,2023-01-01
acc_405,Customer_405,22233.64,0.8318,2023-01-01
acc_406,Customer_406,24089.6,0.5182,2023-01-01
acc_407,Customer_407,67497.11,0.2336,2023-01-01
acc_408,Customer_408,62888.32,0.2868,2023-01-01
acc_409,Customer_409,17221.1,0.8097,2023-01-01
acc_410,Customer_410,55356.96,0.3279,2023-01-01
acc_411,Customer_411,58584.55,0.0253,2023-01-01
acc_412,Customer_412,13069.3,0.3956,2023-01-01
acc_413,Customer_413,97578.08,0.5105,2023-01-01
acc_414,Customer_414,7737.97,0.765,2023-01-01
acc_415,Customer_415,78166.24,0.7748,2023-01-01
acc_416,Customer_416,56992.85,0.6957,2023-01-01
acc_417,Customer_417,21424.45,0.7326,2023-01-01
acc_418,Customer_418,81635.78,0.76,2023-01-01
acc_419,Customer_419,35410.89,0.591,2023-01-01
acc_420,Customer_420,62936.04,0.9008,2023-01-01
acc_421,Customer_421,10890.59,0.8339,2023-01-01
acc_422,Customer_422,52690.91,0.3586,2023-01-01
acc_423,Customer_423,45614.73,0.0126,2023-01-01
acc_424,Customer_424,22085.35,0.6528,2023-01-01
acc_425,Customer_425,66118.84,0.4947,2023-01-01
acc_426,Customer_426,95337.26,0.4809,2023-01-01
acc_427,Customer_427,31462.97,0.8478,2023-01-01
acc_428,Customer_428,25989.91,0.6043,2023-01-01
acc_429,Customer_429,70371.54,0.8217,2023-01-01
acc_430,Customer_430,78558.34,0.3841,2023-01-01
acc_431,Customer_431,6012.11,0.0383,2023-01-01
acc_432,Customer_432,72673.39,0.9617,2023-01-01
acc_433,Customer_433,34382.22,0.4412,2023-01-01
acc_434,Customer_434,72607.22,0.6578,2023-01-01
acc_435,Customer_435,26084.65,0.6716,2023-01-01
acc_436,Customer_436,30559.75,0.3564,2023-01-01
acc_437,Customer_437,53997.38,0.7323,2023-01-01
acc_438,Customer_438,15206.5,0.022,2023-01-01
acc_439,Customer_439,62820.21,0.0246,2023-01-01
acc_440,Customer_440,4591.83,0.2258,2023-01-01
acc_441,Customer_441,65422.3,0.0665,2023-01-01
acc_442,Customer_442,6334.34,0.9721,2023-01-01
acc_443,Customer_443,42323.02,0.8924,2023-01-01
acc_444,Customer_444,21730.78,0.4352,2023-01-01
acc_445,Customer_445,35867.71,0.1769,2023-01-01
acc_446,Customer_446,32948.44,0.9868,2023-01-01
acc_447,Customer_447,74756.17,0.3827,2023-01-01
acc_448,Customer_448,40987.51,0.2637,2023-01-01
acc_449,Customer_449,53180.53,0.7356,2023-01-01
acc_450,Customer_450,68696.0,0.4626,2023-01-01
acc_451,Customer_451,4289.71,0.9215,2023-01-01
acc_452,Customer_452,40952.49,0.3903,2023-01-01
acc_453,Customer_453,410.7,0.1382,2023-01-01
acc_454,Customer_454,86898.46,0.5139,2023-01-01
acc_455,Customer_455,73270.24,0.1482,2023-01-01
acc_456,Customer_456,33072.1,0.8401,2023-01-01
acc_457,Customer_457,82083.79,0.2468,2023-01-01
acc_458,Customer_458,2295.33,0.8065,2023-01-01
acc_459,Customer_459,16967.52,0.7877,2023-01-01
acc_460,Customer_460,68397.56,0.1683,2023-01-01
acc_461,Customer_461,7941.02,0.9276,2023-01-01
acc_462,Customer_462,59828.05,0.6205,2023-01-01
acc_463,Customer_463,45805.43,0.1501,2023-01-01
acc_464,Customer_464,60236.79,0.2525,2023-01-01
acc_465,Customer_465,80608.88,0.7327,2023-01-01
acc_466,Customer_466,2823.99,0.9324,2023-01-01
acc_467,Customer_467,3727.97,0.0896,2023-01-01
acc_468,Customer_468,29344.18,0.1508,2023-01-01
acc_469,Customer_469,23690.89,0.3558,2023-01-01
acc_470,Customer_470,73576.42,0.4047,2023-01-01
acc_471,Customer_471,27056.99,0.4923,2023-01-01
acc_472,Customer_472,39320.07,0.3108,2023-01-01
acc_473,Customer_473,90064.11,0.5504,2023-01-01
acc_474,Customer_474,97735.02,0.7729,2023-01-01
acc_475,Customer_475,57092.88,0.2624,2023-01-01
acc_476,Customer_476,68715.68,0.4559,2023-01-01
acc_477,Customer_477,72166.63,0.4038,2023-01-01
acc_478,Customer_478,49650.9,0.0207,2023-01-01
acc_479,Customer_479,74021.85,0.0343,2023-01-01
acc_480,Customer_480,68104.47,0.582,2023-01-01
acc_481,Customer_481,77614.17,0.2898,2023-01-01
acc_482,Customer_482,68642.47,0.2071,2023-01-01
acc_483,Customer_483,52974.27,0.3403,2023-01-01
acc_484,Customer_484,97847.61,0.9719,2023-01-01
acc_485,Customer_485,20976.08,0.566,2023-01-01
acc_486,Customer_486,33011.32,0.9685,2023-01-01
acc_487,Customer_487,92460.14,0.5861,2023-01-01
acc_488,Customer_488,72036.44,0.6813,2023-01-01
acc_489,Customer_489,35400.23,0.9164,2023-01-01
acc_490,Customer_490,89955.41,0.3307,2023-01-01
acc_491,Customer_491,74764.75,0.0091,2023-01-01
acc_492,Customer_492,81654.28,0.5649,2023-01-01
acc_493,Customer_493,95235.44,0.3632,2023-01-01
acc_494,Customer_494,62608.74,0.323,2023-01-01
acc_495,Customer_495,78300.26,0.6007,2023-01-01
acc_496,Customer_496,98748.36,0.001,2023-01-01
acc_497,Customer_497,14161.8,0.0436,2023-01-01
acc_498,Customer_498,12672.2,0.9294,2023-01-01
acc_499,Customer_499,94865.97,0.4804,2023-01-01
acc_500,Customer_500,94674.27,0.8184,2023-01-01
acc_501,Customer_501,77883.91,0.7473,2023-01-01
acc_502,Customer_502,18846.69,0.5489,2023-01-01
acc_503,Customer_503,42445.54,0.9498,2023-01-01
acc_504,Customer_504,17465.97,0.1699,2023-01-01
acc_505,Customer_505,65920.29,0.1574,2023-01-01
acc_506,Customer_506,11094.36,0.5039,2023-01-01
acc_507,Customer_507,79686.43,0.605,2023-01-01
acc_508,Customer_508,75499.92,0.2658,2023-01-01
acc_509,Customer_509,28567.79,0.4287,2023-01-01
acc_510,Customer_510,99085.7,0.7179,2023-01-01
acc_511,Customer_511,94630.77,0.5379,2023-01-01
acc_512,Customer_512,55500.53,0.9901,2023-01-01
acc_513,Customer_513,19079.83,0.7826,2023-01-01
acc_514,Customer_514,79172.23,0.8447,2023-01-01
acc_515,Customer_515,75030.27,0.1553,2023-01-01
acc_516,Customer_516,66146.65,0.9237,2023-01-01
acc_517,Customer_517,56372.19,0.3609,2023-01-01
acc_518,Customer_518,94957.06,0.5616,2023-01-01
acc_519,Customer_519,41222.48,0.6141,2023-01-01
acc_520,Customer_520,80432.09,0.2283,2023-01-01
acc_521,Customer_521,1667.64,0.5291,2023-01-01
acc_522,Customer_522,94141.61,0.6803,2023-01-01
acc_523,Customer_523,63127.71,0.6278,2023-01-01
acc_524,Customer_524,49749.27,0.7309,2023-01-01
acc_525,Customer_525,24994.52,0.8918,2023-01-01
acc_526,Customer_526,27519.82,0.9449,2023-01-01
acc_527,Customer_527,92657.02,0.0779,2023-01-01
acc_528,Customer_528,44873.15,0.744,2023-01-01
acc_529,Customer_529,45020.44,0.5089,2023-01-01
acc_530,Customer_530,80701.71,0.705,2023-01-01
acc_531,Customer_531,95804.62,0.1645,2023-01-01
acc_532,Customer_532,92363.57,0.928,2023-01-01
acc_533,Customer_533,63511.42,0.9404,2023-01-01
acc_534,Customer_534,25343.29,0.8818,2023-01-01
acc_535,Customer_535,77370.58,0.6097,2023-01-01
acc_536,Customer_536,9153.86,0.0301,2023-01-01
acc_537,Customer_537,1195.85,0.2506,2023-01-01
acc_538,Customer_538,76259.01,0.3866,2023-01-01
acc_539,Customer_539,77567.13,0.6256,2023-01-01
acc_540,Customer_540,38987.26,0.8801,2023-01-01
acc_541,Customer_541,3937.88,0.4653,2023-01-01
acc_542,Customer_542,83002.25,0.1268,2023-01-01
acc_543,Customer_543,71077.71,0.3281,2023-01-01
acc_544,Customer_544,2527.7,0.4737,2023-01-01
acc_545,Customer_545,52217.1,0.0416,2023-01-01
acc_546,Customer_546,56635.34,0.3474,2023-01-01
acc_547,Customer_547,548.87,0.1908,2023-01-01
acc_548,Customer_548,11169.99,0.5406,2023-01-01
acc_549,Customer_549,4407.7,0.9281,2023-01-01
acc_550,Customer_550,84521.69,0.9453,2023-01-01
acc_551,Customer_551,31548.62,0.9053,2023-01-01
acc_552,Customer_552,98432.81,0.7647,2023-01-01
acc_553,Customer_553,27580.75,0.6709,2023-01-01
acc_554,Customer_554,59606.75,0.4042,2023-01-01
acc_555,Customer_555,30679.18,0.0598,2023-01-01
acc_556,Customer_556,12625.71,0.134,2023-01-01
acc_557,Customer_557,48141.2,0.6419,2023-01-01
acc_558,Customer_558,76430.44,0.0467,2023-01-01
acc_559,Customer_559,82393.61,0.0435,2023-01-01
acc_560,Customer_560,55539.19,0.7441,2023-01-01
acc_561,Customer_561,63159.02,0.9497,2023-01-01
acc_562,Customer_562,34535.37,0.5859,2023-01-01
acc_563,Customer_563,8371.63,0.5598,2023-01-01
acc_564,Customer_564,81348.55,0.2016,2023-01-01
acc_565,Customer_565,26170.35,0.7004,2023-01-01
acc_566,Customer_566,25462.81,0.2592,2023-01-01
acc_567,Customer_567,93557.98,0.9985,2023-01-01
acc_568,Customer_568,15604.32,0.9002,2023-01-01
acc_569,Customer_569,55317.38,0.0386,2023-01-01
acc_570,Customer_570,58591.72,0.6415,2023-01-01
acc_571,Customer_571,3476.19,0.7577,2023-01-01
acc_572,Customer_572,81798.23,0.0716,2023-01-01
acc_573,Customer_573,64875.15,0.4565,2023-01-01
acc_574,Customer_574,23948.26,0.4587,2023-01-01
acc_575,Customer_575,16023.03,0.3337,2023-01-01
acc_576,Customer_576,65555.21,0.4765,2023-01-01
acc_577,Customer_577,55636.42,0.5434,2023-01-01
acc_578,Customer_578,82077.36,0.3434,2023-01-01
acc_579,Customer_579,81314.91,0.08,2023-01-01
acc_580,Customer_580,42830.53,0.3523,2023-01-01
acc_581,Customer_581,45212.91,0.8335,2023-01-01
acc_582,Customer_582,51288.7,0.9872,2023-01-01
acc_583,Customer_583,86159.93,0.1188,2023-01-01
acc_584,Customer_584,31757.46,0.0227,2023-01-01
acc_585,Customer_585,73401.97,0.0192,2023-01-01
acc_586,Customer_586,88605.26,0.1933,2023-01-01
acc_587,Customer_587,41442.25,0.062,2023-01-01
acc_588,Customer_588,31194.36,0.3895,2023-01-01
acc_589,Customer_589,5317.87,0.7676,2023-01-01
acc_590,Customer_590,71163.84,0.3579,2023-01-01
acc_591,Customer_591,83535.74,0.0774,2023-01-01
acc_592,Customer_592,5495.24,0.355,2023-01-01
acc_593,Customer_593,90193.95,0.7565,2023-01-01
acc_594,Customer_594,67264.54,0.5627,2023-01-01
acc_595,Customer_595,80396.18,0.4122,2023-01-01
acc_596,Customer_596,3165.79,0.8024,2023-01-01
acc_597,Customer_597,19130.29,0.3877,2023-01-01
acc_598,Customer_598,35825.17,0.1234,2023-01-01
acc_599,Customer_599,35143.36,0.1771,2023-01-01
acc_600,Customer_600,61639.78,0.6534,2023-01-01
acc_601,Customer_601,1463.29,0.4565,2023-01-01
acc_602,Customer_602,55449.86,0.8717,2023-01-01
acc_603,Customer_603,49653.53,0.0805,2023-01-01
acc_604,Customer_604,5267.22,0.8621,2023-01-01
acc_605,Customer_605,79093.87,0.8584,2023-01-01
acc_606,Customer_606,26298.04,0.648,2023-01-01
acc_607,Customer_607,9662.23,0.8266,2023-01-01
acc_608,Customer_608,33427.93,0.9551,2023-01-01
acc_609,Customer_609,47191.12,0.0331,2023-01-01
acc_610,Customer_610,90914.68,0.6255,2023-01-01
acc_611,Customer_611,28779.42,0.0368,2023-01-01
acc_612,Customer_612,37730.97,0.1569,2023-01-01
acc_613,Customer_613,54873.2,0.1469,2023-01-01
acc_614,Customer_614,17543.97,0.9209,2023-01-01
acc_615,Customer_615,64047.99,0.2426,2023-01-01
acc_616,Customer_616,87901.74,0.6247,2023-01-01
acc_617,Customer_617,94565.37,0.4829,2023-01-01
acc_618,Customer_618,88801.29,0.6784,2023-01-01
acc_619,Customer_619,4512.44,0.2403,2023-01-01
acc_620,Customer_620,28229.48,0.17,2023-01-01
acc_621,Customer_621,23894.88,0.226,2023-01-01
acc_622,Customer_622,87846.54,0.4629,2023-01-01
acc_623,Customer_623,87663.53,0.138,2023-01-01
acc_624,Customer_624,56535.36,0.0135,2023-01-01
acc_625,Customer_625,93037.11,0.0056,2023-01-01
acc_626,Customer_626,39051.77,0.8016,2023-01-01
acc_627,Customer_627,99988.17,0.0195,2023-01-01
acc_628,Customer_628,82426.14,0.5101,2023-01-01
acc_629,Customer_629,3914.38,0.7771,2023-01-01
acc_630,Customer_630,11279.05,0.6115,2023-01-01
acc_631,Customer_631,77854.69,0.6736,2023-01-01
acc_632,Customer_632,38049.45,0.0264,2023-01-01
acc_633,Customer_633,43682.77,0.9137,2023-01-01
acc_634,Customer_634,33359.04,0.248,2023-01-01
acc_635,Customer_635,13869.3,0.5103,2023-01-01
acc_636,Customer_636,53381.49,0.073,2023-01-01
acc_637,Customer_637,40835.07,0.6587,2023-01-01
acc_638,Customer_638,96608.46,0.4315,2023-01-01
acc_639,Customer_639,43659.93,0.4711,2023-01-01
acc_640,Customer_640,22580.85,0.3948,2023-01-01
acc_641,Customer_641,64561.95,0.3971,2023-01-01
acc_642,Customer_642,58179.44,0.8356,2023-01-01
acc_643,Customer_643,99796.96,0.885,2023-01-01
acc_644,Customer_644,37242.48,0.0217,2023-01-01
acc_645,Customer_645,61199.3,0.4746,2023-01-01
acc_646,Customer_646,23778.01,0.0403,2023-01-01
acc_647,Customer_647,32224.87,0.7981,2023-01-01
acc_648,Customer_648,96415.49,0.1067,2023-01-01
acc_649,Customer_649,87776.18,0.0487,2023-01-01
acc_650,Customer_650,71376.23,0.0268,2023-01-01
acc_651,Customer_651,42162.86,0.8702,2023-01-01
acc_652,Customer_652,39371.5,0.9246,2023-01-01
acc_653,Customer_653,71348.19,0.6042,2023-01-01
acc_654,Customer_654,16221.77,0.3405,2023-01-01
acc_655,Customer_655,41168.51,0.5902,2023-01-01
acc_656,Customer_656,99604.21,0.2837,2023-01-01
acc_657,Customer_657,50405.93,0.9334,2023-01-01
acc_658,Customer_658,34607.54,0.6286,2023-01-01
acc_659,Customer_659,76636.54,0.6303,2023-01-01
acc_660,Customer_660,75367.72,0.1957,2023-01-01
acc_661,Customer_661,95738.03,0.1769,2023-01-01
acc_662,Customer_662,58409.75,0.296,2023-01-01
acc_663,Customer_663,63478.86,0.2911,2023-01-01
acc_664,Customer_664,43178.21,0.6822,2023-01-01
acc_665,Customer_665,26979.97,0.7279,2023-01-01
acc_666,Customer_666,34753.08,0.1322,2023-01-01
acc_667,Customer_667,61351.56,0.1658,2023-01-01
acc_668,Customer_668,43114.69,0.3984,2023-01-01
acc_669,Customer_669,7709.27,0.7108,2023-01-01
acc_670,Customer_670,68114.27,0.7778,2023-01-01
acc_671,Customer_671,54536.82,0.5539,2023-01-01
acc_672,Customer_672,17006.38,0.2075,2023-01-01
acc_673,Customer_673,22902.12,0.5253,2023-01-01
acc_674,Customer_674,81916.36,0.357,2023-01-01
acc_675,Customer_675,88199.01,0.7359,2023-01-01
acc_676,Customer_676,71673.07,0.3352,2023-01-01
acc_677,Customer_677,11935.9,0.9628,2023-01-01
acc_678,Customer_678,85475.6,0.4089,2023-01-01
acc_679,Customer_679,86335.5,0.8992,2023-01-01
acc_680,Customer_680,34313.11,0.5016,2023-01-01
acc_681,Customer_681,33245.81,0.6952,2023-01-01
acc_682,Customer_682,91225.51,0.9845,2023-01-01
acc_683,Customer_683,74403.53,0.3052,2023-01-01
acc_684,Customer_684,88061.28,0.9926,2023-01-01
acc_685,Customer_685,34717.96,0.9487,2023-01-01
acc_686,Customer_686,51203.49,0.9646,2023-01-01
acc_687,Customer_687,99586.01,0.8129,2023-01-01
acc_688,Customer_688,68375.36,0.154,2023-01-01
acc_689,Customer_689,591.24,0.5955,2023-01-01
acc_690,Customer_690,70475.54,0.9355,2023-01-01
acc_691,Customer_691,51760.28,0.6968,2023-01-01
acc_692,Customer_692,64770.86,0.2049,2023-01-01
acc_693,Customer_693,64465.58,0.9817,2023-01-01
acc_694,Customer_694,11207.38,0.6885,2023-01-01
acc_695,Customer_695,61469.08,0.3759,2023-01-01
acc_696,Customer_696,79355.44,0.0105,2023-01-01
acc_697,Customer_697,89251.92,0.8174,2023-01-01
acc_698,Customer_698,48122.41,0.1081,2023-01-01
acc_699,Customer_699,45317.59,0.5843,2023-01-01
acc_700,Customer_700,25462.96,0.4865,2023-01-01
acc_701,Customer_701,77595.3,0.9227,2023-01-01
acc_702,Customer_702,56208.34,0.8272,2023-01-01
acc_703,Customer_703,7885.53,0.8564,2023-01-01
acc_704,Customer_704,92089.38,0.168,2023-01-01
acc_705,Customer_705,82765.99,0.8496,2023-01-01
acc_706,Customer_706,87878.02,0.5171,2023-01-01
acc_707,Customer_707,60864.6,0.2081,2023-01-01
acc_708,Customer_708,70842.34,0.405,2023-01-01
acc_709,Customer_709,2214.79,0.1343,2023-01-01
acc_710,Customer_710,38882.98,0.8852,2023-01-01
acc_711,Customer_711,56537.74,0.9163,2023-01-01
acc_712,Customer_712,92955.44,0.0868,2023-01-01
acc_713,Customer_713,58862.72,0.3345,2023-01-01
acc_714,Customer_714,50728.83,0.4555,2023-01-01
acc_715,Customer_715,48046.33,0.1018,2023-01-01
acc_716,Customer_716,83332.69,0.4903,2023-01-01
acc_717,Customer_717,64534.26,0.4727,2023-01-01
acc_718,Customer_718,18183.74,0.541,2023-01-01
acc_719,Customer_719,16038.02,0.8522,2023-01-01
acc_720,Customer_720,83177.24,0.1436,2023-01-01
acc_721,Customer_721,6977.51,0.0685,2023-01-01
acc_722,Customer_722,39385.08,0.953,2023-01-01
acc_723,Customer_723,55658.43,0.2655,2023-01-01
acc_724,Customer_724,23041.92,0.1109,2023-01-01
acc_725,Customer_725,14193.01,0.8119,2023-01-01
acc_726,Customer_726,13949.48,0.8641,2023-01-01
acc_727,Customer_727,82317.51,0.1368,2023-01-01
acc_728,Customer_728,55916.6,0.0071,2023-01-01
acc_729,Customer_729,86217.41,0.5583,2023-01-01
acc_730,Customer_730,75558.51,0.4903,2023-01-01
acc_731,Customer_731,69073.16,0.9312,2023-01-01
acc_732,Customer_732,55998.63,0.8747,2023-01-01
acc_733,Customer_733,34370.24,0.0975,2023-01-01
acc_734,Customer_734,613.95,0.2267,2023-01-01
acc_735,Customer_735,83874.83,0.3115,2023-01-01
acc_736,Customer_736,22539.15,0.4956,2023-01-01
acc_737,Customer_737,94695.72,0.509,2023-01-01
acc_738,Customer_738,34153.08,0.0775,2023-01-01
acc_739,Customer_739,57409.33,0.2263,2023-01-01
acc_740,Customer_740,36813.16,0.3812,2023-01-01
acc_741,Customer_741,75842.62,0.2316,2023-01-01
acc_742,Customer_742,93595.63,0.7424,2023-01-01
acc_743,Customer_743,48163.84,0.8805,2023-01-01
acc_744,Customer_744,35980.88,0.3843,2023-01-01
acc_745,Customer_745,13023.98,0.7786,2023-01-01
acc_746,Customer_746,40179.15,0.5003,2023-01-01
acc_747,Customer_747,47149.77,0.6562,2023-01-01
acc_748,Customer_748,37456.45,0.9159,2023-01-01
acc_749,Customer_749,43249.03,0.3592,2023-01-01
acc_750,Customer_750,40147.72,0.7663,2023-01-01
acc_751,Customer_751,99306.35,0.8665,2023-01-01
acc_752,Customer_752,48024.78,0.2914,2023-01-01
acc_753,Customer_753,44654.11,0.344,2023-01-01
acc_754,Customer_754,24428.85,0.1869,2023-01-01
acc_755,Customer_755,95591.99,0.4993,2023-01-01
acc_756,Customer_756,11086.49,0.3839,2023-01-01
acc_757,Customer_757,38932.82,0.5135,2023-01-01
acc_758,Customer_758,98006.13,0.9766,2023-01-01
acc_759,Customer_759,56632.82,0.6181,2023-01-01
acc_760,Customer_760,67595.34,0.5022,2023-01-01
acc_761,Customer_761,48719.14,0.3145,2023-01-01
acc_762,Customer_762,68423.78,0.0919,2023-01-01
acc_763,Customer_763,31782.81,0.891,2023-01-01
acc_764,Customer_764,22815.08,0.9676,2023-01-01
acc_765,Customer_765,98418.56,0.5754,2023-01-01
acc_766,Customer_766,4139.55,0.0935,2023-01-01
acc_767,Customer_767,20110.13,0.3268,2023-01-01
acc_768,Customer_768,11399.51,0.7972,2023-01-01
acc_769,Customer_769,36479.04,0.2337,2023-01-01
acc_770,Customer_770,4465.02,0.3827,2023-01-01
acc_771,Customer_771,550.22,0.1165,2023-01-01
acc_772,Customer_772,60504.09,0.9349,2023-01-01
acc_773,Customer_773,20016.66,0.7411,2023-01-01
acc_774,Customer_774,19850.78,0.0015,2023-01-01
acc_775,Customer_775,89664.15,0.8461,2023-01-01
acc_776,Customer_776,6771.19,0.1771,2023-01-01
acc_777,Customer_777,23506.66,0.9283,2023-01-01
acc_778,Customer_778,38254.72,0.8074,2023-01-01
acc_779,Customer_779,43637.77,0.3812,2023-01-01
acc_780,Customer_780,76558.27,0.6158,2023-01-01
acc_781,Customer_781,27004.84,0.5828,2023-01-01
acc_782,Customer_782,70414.9,0.8271,2023-01-01
acc_783,Customer_783,67750.19,0.6407,2023-01-01
acc_784,Customer_784,59630.64,0.0921,2023-01-01
acc_785,Customer_785,94524.39,0.7148,2023-01-01
acc_786,Customer_786,27359.83,0.6924,2023-01-01
acc_787,Customer_787,62119.66,0.6589,2023-01-01
acc_788,Customer_788,37953.01,0.5732,2023-01-01
acc_789,Customer_789,66036.72,0.2017,2023-01-01
acc_790,Customer_790,50850.42,0.1203,2023-01-01
acc_791,Customer_791,10642.5,0.9111,2023-01-01
acc_792,Customer_792,12542.27,0.8933,2023-01-01
acc_793,Customer_793,47032.94,0.4549,2023-01-01
acc_794,Customer_794,34047.55,0.4162,2023-01-01
acc_795,Customer_795,37785.51,0.565,2023-01-01
acc_796,Customer_796,33625.77,0.822,2023-01-01
acc_797,Customer_797,23432.82,0.2485,2023-01-01
acc_798,Customer_798,48107.1,0.9351,2023-01-01
acc_799,Customer_799,2489.18,0.7234,2023-01-01
acc_800,Customer_800,700.06,0.4049,2023-01-01
acc_801,Customer_801,76444.3,0.4461,2023-01-01
acc_802,Customer_802,43005.94,0.2532,2023-01-01
acc_803,Customer_803,47562.05,0.2283,2023-01-01
acc_804,Customer_804,28423.78,0.6533,2023-01-01
acc_805,Customer_805,59984.76,0.9295,2023-01-01
acc_806,Customer_806,96890.02,0.5224,2023-01-01
acc_807,Customer_807,8846.9,0.2999,2023-01-01
acc_808,Customer_808,51828.71,0.6732,2023-01-01
acc_809,Customer_809,94625.11,0.1551,2023-01-01
acc_810,Customer_810,3764.8,0.87,2023-01-01
acc_811,Customer_811,80535.92,0.7657,2023-01-01
acc_812,Customer_812,46913.22,0.6778,2023-01-01
acc_813,Customer_813,41205.78,0.1921,2023-01-01
acc_814,Customer_814,39150.29,0.787,2023-01-01
acc_815,Customer_815,80205.38,0.9611,2023-01-01
acc_816,Customer_816,88777.95,0.6821,2023-01-01
acc_817,Customer_817,52139.11,0.7239,2023-01-01
acc_818,Customer_818,18402.04,0.9231,2023-01-01
acc_819,Customer_819,71286.4,0.5945,2023-01-01
acc_820,Customer_820,43460.77,0.6335,2023-01-01
acc_821,Customer_821,61806.1,0.8989,2023-01-01
acc_822,Customer_822,57116.56,0.2134,2023-01-01
acc_823,Customer_823,44193.8,0.243,2023-01-01
acc_824,Customer_824,90504.52,0.8435,2023-01-01
acc_825,Customer_825,55626.33,0.1964,2023-01-01
acc_826,Customer_826,4449.85,0.1342,2023-01-01
acc_827,Customer_827,44377.61,0.6742,2023-01-01
acc_828,Customer_828,22477.41,0.6845,2023-01-01
acc_829,Customer_829,86208.74,0.7572,2023-01-01
acc_830,Customer_830,42610.19,0.6457,2023-01-01
acc_831,Customer_831,98837.91,0.8854,2023-01-01
acc_832,Customer_832,33881.14,0.6854,2023-01-01
acc_833,Customer_833,16404.81,0.5574,2023-01-01
acc_834,Customer_834,35717.74,0.4381,2023-01-01
acc_835,Customer_835,43946.0,0.6632,2023-01-01
acc_836,Customer_836,84615.0,0.4686,2023-01-01
acc_837,Customer_837,14743.82,0.7542,2023-01-01
acc_838,Customer_838,75189.14,0.9538,2023-01-01
acc_839,Customer_839,39466.2,0.4639,2023-01-01
acc_840,Customer_840,54105.51,0.8921,2023-01-01
acc_841,Customer_841,70451.23,0.0213,2023-01-01
acc_842,Customer_842,20811.54,0.8539,2023-01-01
acc_843,Customer_843,58588.83,0.8739,2023-01-01
acc_844,Customer_844,41198.77,0.2105,2023-01-01
acc_845,Customer_845,513.66,0.9961,2023-01-01
acc_846,Customer_846,13724.52,0.643,2023-01-01
acc_847,Customer_847,49021.92,0.3801,2023-01-01
acc_848,Customer_848,53766.49,0.0783,2023-01-01
acc_849,Customer_849,97006.42,0.4927,2023-01-01
acc_850,Customer_850,1627.42,0.4193,2023-01-01
acc_851,Customer_851,75744.47,0.3121,2023-01-01
acc_852,Customer_852,74527.74,0.7674,2023-01-01
acc_853,Customer_853,23988.16,0.968,2023-01-01
acc_854,Customer_854,2886.09,0.8636,2023-01-01
acc_855,Customer_855,51313.65,0.1534,2023-01-01
acc_856,Customer_856,25913.46,0.5935,2023-01-01
acc_857,Customer_857,27917.87,0.8384,2023-01-01
acc_858,Customer_858,22030.9,0.3841,2023-01-01
acc_859,Customer_859,50730.64,0.3398,2023-01-01
acc_860,Customer_860,82431.87,0.2639,2023-01-01
acc_861,Customer_861,8988.82,0.1548,2023-01-01
acc_862,Customer_862,62731.85,0.5636,2023-01-01
acc_863,Customer_863,6423.5,0.993,2023-01-01
acc_864,Customer_864,47996.12,0.3194,2023-01-01
acc_865,Customer_865,72943.32,0.0243,2023-01-01
acc_866,Customer_866,43481.49,0.6644,2023-01-01
acc_867,Customer_867,96217.41,0.7616,2023-01-01
acc_868,Customer_868,88527.41,0.1189,2023-01-01
acc_869,Customer_869,43034.08,0.0318,2023-01-01
acc_870,Customer_870,27272.22,0.3843,2023-01-01
acc_871,Customer_871,34447.73,0.3737,2023-01-01
acc_872,Customer_872,80327.69,0.1895,2023-01-01
acc_873,Customer_873,82467.11,0.5419,2023-01-01
acc_874,Customer_874,33940.64,0.5522,2023-01-01
acc_875,Customer_875,16226.19,0.4955,2023-01-01
acc_876,Customer_876,2293.13,0.863,2023-01-01
acc_877,Customer_877,33224.95,0.344,2023-01-01
acc_878,Customer_878,99515.68,0.6135,2023-01-01
acc_879,Customer_879,41823.6,0.7907,2023-01-01
acc_880,Customer_880,6859.7,0.5705,2023-01-01
acc_881,Customer_881,52118.03,0.8612,2023-01-01
acc_882,Customer_882,58661.41,0.4853,2023-01-01
acc_883,Customer_883,52070.56,0.7819,2023-01-01
acc_884,Customer_884,34797.35,0.5578,2023-01-01
acc_885,Customer_885,70768.29,0.9956,2023-01-01
acc_886,Customer_886,69399.05,0.9619,2023-01-01
acc_887,Customer_887,39963.36,0.6088,2023-01-01
acc_888,Customer_888,74554.96,0.3484,2023-01-01
acc_889,Customer_889,26990.58,0.9728,2023-01-01
acc_890,Customer_890,34918.54,0.9999,2023-01-01
acc_891,Customer_891,85241.87,0.2161,2023-01-01
acc_892,Customer_892,82839.1,0.9836,2023-01-01
acc_893,Customer_893,27754.34,0.6645,2023-01-01
acc_894,Customer_894,76981.96,0.0833,2023-01-01
acc_895,Customer_895,81951.25,0.3084,2023-01-01
acc_896,Customer_896,70667.54,0.9501,2023-01-01
acc_897,Customer_897,3607.39,0.6117,2023-01-01
acc_898,Customer_898,29311.22,0.1147,2023-01-01
acc_899,Customer_899,71214.29,0.979,2023-01-01
acc_900,Customer_900,51319.78,0.3463,2023-01-01
acc_901,Customer_901,44964.05,0.4146,2023-01-01
acc_902,Customer_902,53237.0,0.4092,2023-01-01
acc_903,Customer_903,8129.21,0.9794,2023-01-01
acc_904,Customer_904,99671.06,0.1741,2023-01-01
acc_905,Customer_905,24179.89,0.437,2023-01-01
acc_906,Customer_906,69903.42,0.0313,2023-01-01
acc_907,Customer_907,83566.21,0.6384,2023-01-01
acc_908,Customer_908,27002.43,0.8709,2023-01-01
acc_909,Customer_909,66154.8,0.3169,2023-01-01
acc_910,Customer_910,54829.81,0.9792,2023-01-01
acc_911,Customer_911,4938.45,0.7085,2023-01-01
acc_912,Customer_912,84956.42,0.6923,2023-01-01
acc_913,Customer_913,14087.84,0.5971,2023-01-01
acc_914,Customer_914,78616.93,0.4186,2023-01-01
acc_915,Customer_915,58284.58,0.2535,2023-01-01
acc_916,Customer_916,31343.58,0.8086,2023-01-01
acc_917,Customer_917,49000.86,0.4488,2023-01-01
acc_918,Customer_918,12376.1,0.3745,2023-01-01
acc_919,Customer_919,52120.03,0.231,2023-01-01
acc_920,Customer_920,80812.76,0.3837,2023-01-01
acc_921,Customer_921,23925.13,0.3083,2023-01-01
acc_922,Customer_922,82463.91,0.9041,2023-01-01
acc_923,Customer_923,96033.76,0.0152,2023-01-01
acc_924,Customer_924,75414.02,0.5255,2023-01-01
acc_925,Customer_925,12543.55,0.2465,2023-01-01
acc_926,Customer_926,28240.91,0.4042,2023-01-01
acc_927,Customer_927,47125.06,0.9368,2023-01-01
acc_928,Customer_928,5929.67,0.7092,2023-01-01
acc_929,Customer_929,85425.2,0.3573,2023-01-01
acc_930,Customer_930,24996.8,0.2213,2023-01-01
acc_931,Customer_931,30153.83,0.1453,2023-01-01
acc_932,Customer_932,55212.63,0.2504,2023-01-01
acc_933,Customer_933,2822.43,0.2326,2023-01-01
acc_934,Customer_934,82081.15,0.4174,2023-01-01
acc_935,Customer_935,88365.27,0.9436,2023-01-01
acc_936,Customer_936,24410.5,0.56,2023-01-01
acc_937,Customer_937,88118.58,0.5814,2023-01-01
acc_938,Customer_938,16883.23,0.248,2023-01-01
acc_939,Customer_939,98763.72,0.2994,2023-01-01
acc_940,Customer_940,86783.53,0.795,2023-01-01
acc_941,Customer_941,74224.27,0.7219,2023-01-01
acc_942,Customer_942,79019.19,0.8474,2023-01-01
acc_943,Customer_943,6330.41,0.1678,2023-01-01
acc_944,Customer_944,50602.38,0.2125,2023-01-01
acc_945,Customer_945,53368.48,0.4932,2023-01-01
acc_946,Customer_946,12764.47,0.086,2023-01-01
acc_947,Customer_947,1264.11,0.825,2023-01-01
acc_948,Customer_948,8265.99,0.9616,2023-01-01
acc_949,Customer_949,98384.8,0.7457,2023-01-01
acc_950,Customer_950,45093.29,0.2758,2023-01-01
acc_951,Customer_951,41304.0,0.3453,2023-01-01
acc_952,Customer_952,39689.88,0.7262,2023-01-01
acc_953,Customer_953,89263.37,0.1577,2023-01-01
acc_954,Customer_954,24342.79,0.2099,2023-01-01
acc_955,Customer_955,4630.06,0.8542,2023-01-01
acc_956,Customer_956,51176.43,0.067,2023-01-01
acc_957,Customer_957,44680.9,0.4506,2023-01-01
acc_958,Customer_958,77817.8,0.7614,2023-01-01
acc_959,Customer_959,13535.45,0.6269,2023-01-01
acc_960,Customer_960,51017.66,0.0135,2023-01-01
acc_961,Customer_961,14858.81,0.6668,2023-01-01
acc_962,Customer_962,36765.88,0.9637,2023-01-01
acc_963,Customer_963,50224.86,0.6883,2023-01-01
acc_964,Customer_964,13448.4,0.4794,2023-01-01
acc_965,Customer_965,73438.73,0.8335,2023-01-01
acc_966,Customer_966,20040.78,0.3969,2023-01-01
acc_967,Customer_967,47405.35,0.4404,2023-01-01
acc_968,Customer_968,47596.62,0.2959,2023-01-01
acc_969,Customer_969,80891.2,0.9131,2023-01-01
acc_970,Customer_970,34965.17,0.6379,2023-01-01
acc_971,Customer_971,38132.52,0.5788,2023-01-01
acc_972,Customer_972,69584.34,0.5015,2023-01-01
acc_973,Customer_973,67490.75,0.7571,2023-01-01
acc_974,Customer_974,84345.23,0.1888,2023-01-01
acc_975,Customer_975,21716.85,0.5144,2023-01-01
acc_976,Customer_976,51014.74,0.8077,2023-01-01
acc_977,Customer_977,51786.6,0.9001,2023-01-01
acc_978,Customer_978,77782.52,0.5063,2023-01-01
acc_979,Customer_979,82649.98,0.4759,2023-01-01
acc_980,Customer_980,34237.34,0.4334,2023-01-01
acc_981,Customer_981,45675.18,0.6505,2023-01-01
acc_982,Customer_982,5310.49,0.7295,2023-01-01
acc_983,Customer_983,96826.45,0.4588,2023-01-01
acc_984,Customer_984,6970.35,0.2013,2023-01-01
acc_985,Customer_985,10411.08,0.2564,2023-01-01
acc_986,Customer_986,79411.32,0.001,2023-01-01
acc_987,Customer_987,87370.58,0.9395,2023-01-01
acc_988,Customer_988,18581.81,0.1736,2023-01-01
acc_989,Customer_989,96579.72,0.3604,2023-01-01
acc_990,Customer_990,81196.45,0.009,2023-01-01
acc_991,Customer_991,99080.08,0.0165,2023-01-01
acc_992,Customer_992,60796.3,0.9285,2023-01-01
acc_993,Customer_993,83142.96,0.3104,2023-01-01
acc_994,Customer_994,82225.83,0.393,2023-01-01
acc_995,Customer_995,50030.66,0.3633,2023-01-01
acc_996,Customer_996,35536.33,0.5821,2023-01-01
acc_997,Customer_997,78228.59,0.6995,2023-01-01
acc_998,Customer_998,76830.99,0.0143,2023-01-01
acc_999,Customer_999,53216.17,0.3528,2023-01-01
acc_1000,Customer_1000,20940.62,0.9209,2023-01-01
acc_1001,Customer_1001,19761.12,0.1845,2023-01-01
acc_1002,Customer_1002,17963.53,0.6581,2023-01-01
acc_1003,Customer_1003,61212.82,0.5056,2023-01-01
acc_1004,Customer_1004,58721.5,0.9406,2023-01-01
acc_1005,Customer_1005,86134.89,0.9059,2023-01-01
acc_1006,Customer_1006,5510.37,0.8974,2023-01-01
acc_1007,Customer_1007,3231.93,0.6476,2023-01-01
acc_1008,Customer_1008,93090.13,0.5025,2023-01-01
acc_1009,Customer_1009,41990.13,0.3317,2023-01-01
acc_1010,Customer_1010,91620.75,0.926,2023-01-01
acc_1011,Customer_1011,61950.64,0.7144,2023-01-01
acc_1012,Customer_1012,33978.79,0.1382,2023-01-01
acc_1013,Customer_1013,97902.2,0.657,2023-01-01
acc_1014,Customer_1014,27511.32,0.9771,2023-01-01
acc_1015,Customer_1015,60936.1,0.3306,2023-01-01
acc_1016,Customer_1016,89591.72,0.0779,2023-01-01
acc_1017,Customer_1017,80434.95,0.1596,2023-01-01
acc_1018,Customer_1018,10856.68,0.2589,2023-01-01
acc_1019,Customer_1019,71511.07,0.608,2023-01-01
acc_1020,Customer_1020,42185.71,0.159,2023-01-01
acc_1021,Customer_1021,92382.81,0.7663,2023-01-01
acc_1022,Customer_1022,68658.04,0.8129,2023-01-01
acc_1023,Customer_1023,77447.1,0.1124,2023-01-01
acc_1024,Customer_1024,77358.09,0.8387,2023-01-01
acc_1025,Customer_1025,74700.91,0.4823,2023-01-01
acc_1026,Customer_1026,68675.92,0.1,2023-01-01
acc_1027,Customer_1027,76458.1,0.2622,2023-01-01
acc_1028,Customer_1028,78534.13,0.6353,2023-01-01
acc_1029,Customer_1029,50956.94,0.536,2023-01-01
acc_1030,Customer_1030,7565.61,0.0409,2023-01-01
acc_1031,Customer_1031,1581.0,0.7755,2023-01-01
acc_1032,Customer_1032,13935.68,0.1229,2023-01-01
acc_1033,Customer_1033,38567.77,0.9777,2023-01-01
acc_1034,Customer_1034,88603.84,0.3133,2023-01-01
acc_1035,Customer_1035,81997.86,0.0851,2023-01-01
acc_1036,Customer_1036,39264.83,0.5792,2023-01-01
acc_1037,Customer_1037,98626.07,0.0487,2023-01-01
acc_1038,Customer_1038,41300.86,0.9196,2023-01-01
acc_1039,Customer_1039,2858.31,0.5991,2023-01-01
acc_1040,Customer_1040,39999.44,0.5603,2023-01-01
acc_1041,Customer_1041,70364.61,0.4067,2023-01-01
acc_1042,Customer_1042,89216.02,0.9557,2023-01-01
acc_1043,Customer_1043,98507.41,0.0548,2023-01-01
acc_1044,Customer_1044,83699.26,0.8784,2023-01-01
acc_1045,Customer_1045,14625.99,0.9414,2023-01-01
acc_1046,Customer_1046,12798.67,0.2073,2023-01-01
acc_1047,Customer_1047,95559.12,0.8308,2023-01-01
acc_1048,Customer_1048,57697.46,0.2878,2023-01-01
acc_1049,Customer_1049,25346.28,0.4031,2023-01-01
acc_1050,Customer_1050,998.45,0.6364,2023-01-01
acc_1051,Customer_1051,5249.86,0.7739,2023-01-01
acc_1052,Customer_1052,7109.35,0.0103,2023-01-01
acc_1053,Customer_1053,28537.23,0.7727,2023-01-01
acc_1054,Customer_1054,83280.44,0.5073,2023-01-01
acc_1055,Customer_1055,93835.9,0.1145,2023-01-01
acc_1056,Customer_1056,33288.72,0.7403,2023-01-01
acc_1057,Customer_1057,32399.66,0.1454,2023-01-01
acc_1058,Customer_1058,57878.24,0.0626,2023-01-01
acc_1059,Customer_1059,37364.38,0.2539,2023-01-01
acc_1060,Customer_1060,33248.06,0.4852,2023-01-01
acc_1061,Customer_1061,53616.67,0.0844,2023-01-01
acc_1062,Customer_1062,31621.26,0.3837,2023-01-01
acc_1063,Customer_1063,40390.11,0.48,2023-01-01
acc_1064,Customer_1064,42644.62,0.074,2023-01-01
acc_1065,Customer_1065,22010.53,0.6443,2023-01-01
acc_1066,Customer_1066,82893.52,0.5114,2023-01-01
acc_1067,Customer_1067,14904.16,0.0705,2023-01-01
acc_1068,Customer_1068,15673.83,0.384,2023-01-01
acc_1069,Customer_1069,56564.12,0.6643,2023-01-01
acc_1070,Customer_1070,52483.5,0.5653,2023-01-01
acc_1071,Customer_1071,35288.12,0.6656,2023-01-01
acc_1072,Customer_1072,72713.34,0.4021,2023-01-01
acc_1073,Customer_1073,81509.76,0.7439,2023-01-01
acc_1074,Customer_1074,90483.92,0.4667,2023-01-01
acc_1075,Customer_1075,34587.67,0.7772,2023-01-01
acc_1076,Customer_1076,3855.58,0.3839,2023-01-01
acc_1077,Customer_1077,97721.6,0.3423,2023-01-01
acc_1078,Customer_1078,51281.01,0.2498,2023-01-01
acc_1079,Customer_1079,7787.0,0.111,2023-01-01
acc_1080,Customer_1080,43577.49,0.619,2023-01-01
acc_1081,Customer_1081,54620.27,0.5187,2023-01-01
acc_1082,Customer_1082,11253.93,0.0403,2023-01-01
acc_1083,Customer_1083,35933.75,0.9425,2023-01-01
acc_1084,Customer_1084,18063.77,0.2693,2023-01-01
acc_1085,Customer_1085,48365.78,0.9142,2023-01-01
acc_1086,Customer_1086,94702.74,0.0013,2023-01-01
acc_1087,Customer_1087,64824.77,0.2362,2023-01-01
acc_1088,Customer_1088,65482.72,0.7428,2023-01-01
acc_1089,Customer_1089,88725.23,0.6834,2023-01-01
acc_1090,Customer_1090,84736.24,0.7845,2023-01-01
acc_1091,Customer_1091,16155.54,0.0437,2023-01-01
acc_1092,Customer_1092,73903.99,0.5259,2023-01-01
acc_1093,Customer_1093,99786.76,0.1649,2023-01-01
acc_1094,Customer_1094,38588.47,0.2878,2023-01-01
acc_1095,Customer_1095,87881.86,0.4837,2023-01-01
acc_1096,Customer_1096,91373.59,0.7072,2023-01-01
acc_1097,Customer_1097,99880.74,0.5998,2023-01-01
acc_1098,Customer_1098,97618.3,0.1734,2023-01-01
acc_1099,Customer_1099,44223.84,0.5784,2023-01-01
acc_1100,Customer_1100,97831.76,0.5679,2023-01-01
acc_1101,Customer_1101,86539.97,0.6285,2023-01-01
acc_1102,Customer_1102,51288.86,0.3914,2023-01-01
acc_1103,Customer_1103,36926.54,0.2952,2023-01-01
acc_1104,Customer_1104,21215.86,0.9626,2023-01-01
acc_1105,Customer_1105,53692.48,0.8659,2023-01-01
acc_1106,Customer_1106,88507.88,0.9423,2023-01-01
acc_1107,Customer_1107,23892.86,0.3377,2023-01-01
acc_1108,Customer_1108,63350.67,0.3221,2023-01-01
acc_1109,Customer_1109,14478.42,0.7599,2023-01-01
acc_1110,Customer_1110,55084.15,0.5365,2023-01-01
acc_1111,Customer_1111,71076.06,0.1147,2023-01-01
acc_1112,Customer_1112,92198.71,0.4798,2023-01-01
acc_1113,Customer_1113,69213.71,0.6003,2023-01-01
acc_1114,Customer_1114,60562.77,0.7099,2023-01-01
acc_1115,Customer_1115,8970.68,0.4967,2023-01-01
acc_1116,Customer_1116,21107.91,0.3897,2023-01-01
acc_1117,Customer_1117,51223.4,0.3539,2023-01-01
acc_1118,Customer_1118,40730.62,0.7309,2023-01-01
acc_1119,Customer_1119,4428.39,0.9566,2023-01-01
acc_1120,Customer_1120,60431.36,0.1636,2023-01-01
acc_1121,Customer_1121,55766.15,0.0809,2023-01-01
acc_1122,Customer_1122,50197.22,0.6886,2023-01-01
acc_1123,Customer_1123,42035.82,0.3142,2023-01-01
acc_1124,Customer_1124,67404.04,0.9353,2023-01-01
acc_1125,Customer_1125,87376.22,0.3854,2023-01-01
acc_1126,Customer_1126,86353.88,0.115,2023-01-01
acc_1127,Customer_1127,5966.19,0.9832,2023-01-01
acc_1128,Customer_1128,76314.58,0.615,2023-01-01
acc_1129,Customer_1129,55922.2,0.3089,2023-01-01
acc_1130,Customer_1130,89918.31,0.8528,2023-01-01
acc_1131,Customer_1131,48223.33,0.2204,2023-01-01
acc_1132,Customer_1132,67671.88,0.7262,2023-01-01
acc_1133,Customer_1133,99551.08,0.7904,2023-01-01
acc_1134,Customer_1134,9215.56,0.9899,2023-01-01
acc_1135,Customer_1135,85465.83,0.5825,2023-01-01
acc_1136,Customer_1136,33160.02,0.7329,2023-01-01
acc_1137,Customer_1137,59702.47,0.0958,2023-01-01
acc_1138,Customer_1138,56394.91,0.0202,2023-01-01
acc_1139,Customer_1139,78890.8,0.8236,2023-01-01
acc_1140,Customer_1140,73038.54,0.0915,2023-01-01
acc_1141,Customer_1141,58850.56,0.3914,2023-01-01
acc_1142,Customer_1142,12926.47,0.8921,2023-01-01
acc_1143,Customer_1143,94235.18,0.9223,2023-01-01
acc_1144,Customer_1144,53168.66,0.8644,2023-01-01
acc_1145,Customer_1145,19863.84,0.2955,2023-01-01
acc_1146,Customer_1146,90880.25,0.5904,2023-01-01
acc_1147,Customer_1147,22678.98,0.1301,2023-01-01
acc_1148,Customer_1148,22908.36,0.496,2023-01-01
acc_1149,Customer_1149,30418.56,0.7344,2023-01-01
acc_1150,Customer_1150,27203.97,0.0784,2023-01-01
acc_1151,Customer_1151,89831.44,0.6638,2023-01-01
acc_1152,Customer_1152,97409.02,0.182,2023-01-01
acc_1153,Customer_1153,87051.72,0.0172,2023-01-01
acc_1154,Customer_1154,53828.43,0.4797,2023-01-01
acc_1155,Customer_1155,12707.02,0.8151,2023-01-01
acc_1156,Customer_1156,27158.11,0.8984,2023-01-01
acc_1157,Customer_1157,69971.4,0.8524,2023-01-01
acc_1158,Customer_1158,86661.45,0.7918,2023-01-01
acc_1159,Customer_1159,73675.19,0.0041,2023-01-01
acc_1160,Customer_1160,14428.66,0.2071,2023-01-01
acc_1161,Customer_1161,57790.49,0.0034,2023-01-01
acc_1162,Customer_1162,12802.94,0.485,2023-01-01
acc_1163,Customer_1163,4202.32,0.3187,2023-01-01
acc_1164,Customer_1164,22076.84,0.1744,2023-01-01
acc_1165,Customer_1165,31728.9,0.8812,2023-01-01
acc_1166,Customer_1166,23221.12,0.6492,2023-01-01
acc_1167,Customer_1167,73426.42,0.6753,2023-01-01
acc_1168,Customer_1168,18955.67,0.3498,2023-01-01
acc_1169,Customer_1169,27288.49,0.5386,2023-01-01
acc_1170,Customer_1170,96906.61,0.2179,2023-01-01
acc_1171,Customer_1171,55281.83,0.0655,2023-01-01
acc_1172,Customer_1172,37619.16,0.9542,2023-01-01
acc_1173,Customer_1173,90856.88,0.0952,2023-01-01
acc_1174,Customer_1174,85267.34,0.7157,2023-01-01
acc_1175,Customer_1175,91800.55,0.4608,2023-01-01
acc_1176,Customer_1176,42313.25,0.8962,2023-01-01
acc_1177,Customer_1177,53662.12,0.7614,2023-01-01
acc_1178,Customer_1178,17846.45,0.0684,2023-01-01
acc_1179,Customer_1179,44105.33,0.3271,2023-01-01
acc_1180,Customer_1180,51236.16,0.3443,2023-01-01
acc_1181,Customer_1181,86272.54,0.7356,2023-01-01
acc_1182,Customer_1182,38457.29,0.1259,2023-01-01
acc_1183,Customer_1183,71013.47,0.5411,2023-01-01
acc_1184,Customer_1184,15279.33,0.0348,2023-01-01
acc_1185,Customer_1185,61708.35,0.5162,2023-01-01
acc_1186,Customer_1186,57587.98,0.4159,2023-01-01
acc_1187,Customer_1187,46924.31,0.3914,2023-01-01
acc_1188,Customer_1188,8863.76,0.5353,2023-01-01
acc_1189,Customer_1189,12248.26,0.6735,2023-01-01
acc_1190,Customer_1190,74966.88,0.1679,2023-01-01
acc_1191,Customer_1191,20231.02,0.2407,2023-01-01
acc_1192,Customer_1192,59891.16,0.4065,2023-01-01
acc_1193,Customer_1193,88764.28,0.548,2023-01-01
acc_1194,Customer_1194,52611.06,0.2185,2023-01-01
acc_1195,Customer_1195,9176.64,0.9247,2023-01-01
acc_1196,Customer_1196,10053.93,0.1302,2023-01-01
acc_1197,Customer_1197,19611.31,0.5768,2023-01-01
acc_1198,Customer_1198,63939.44,0.4316,2023-01-01
acc_1199,Customer_1199,39550.27,0.641,2023-01-01
acc_1200,Customer_1200,26283.24,0.8005,2023-01-01
acc_1201,Customer_1201,64040.97,0.6029,2023-01-01
acc_1202,Customer_1202,2984.77,0.3454,2023-01-01
acc_1203,Customer_1203,76909.09,0.2059,2023-01-01
acc_1204,Customer_1204,64484.97,0.9747,2023-01-01
acc_1205,Customer_1205,44109.99,0.5179,2023-01-01
acc_1206,Customer_1206,21282.81,0.007,2023-01-01
acc_1207,Customer_1207,23736.45,0.4718,2023-01-01
acc_1208,Customer_1208,60466.71,0.8359,2023-01-01
acc_1209,Customer_1209,29072.88,0.329,2023-01-01
acc_1210,Customer_1210,72092.8,0.6643,2023-01-01
acc_1211,Customer_1211,71480.8,0.8773,2023-01-01
acc_1212,Customer_1212,8959.26,0.1245,2023-01-01
acc_1213,Customer_1213,49684.62,0.6126,2023-01-01
acc_1214,Customer_1214,65441.74,0.2301,2023-01-01
acc_1215,Customer_1215,13695.99,0.9214,2023-01-01
acc_1216,Customer_1216,24083.08,0.0178,2023-01-01
acc_1217,Customer_1217,28362.96,0.5172,2023-01-01
acc_1218,Customer_1218,63372.07,0.7392,2023-01-01
acc_1219,Customer_1219,14644.32,0.5079,2023-01-01
acc_1220,Customer_1220,32087.4,0.7247,2023-01-01
acc_1221,Customer_1221,36013.47,0.8111,2023-01-01
acc_1222,Customer_1222,19242.8,0.9947,2023-01-01
acc_1223,Customer_1223,52191.82,0.4238,2023-01-01
acc_1224,Customer_1224,72593.16,0.3788,2023-01-01
acc_1225,Customer_1225,3644.33,0.4409,2023-01-01
acc_1226,Customer_1226,28850.63,0.6612,2023-01-01
acc_1227,Customer_1227,52718.79,0.8301,2023-01-01
acc_1228,Customer_1228,48978.98,0.1553,2023-01-01
acc_1229,Customer_1229,14945.57,0.5726,2023-01-01
acc_1230,Customer_1230,26560.91,0.2116,2023-01-01
acc_1231,Customer_1231,94184.09,0.1393,2023-01-01
acc_1232,Customer_1232,91615.44,0.5362,2023-01-01
acc_1233,Customer_1233,93697.13,0.839,2023-01-01
acc_1234,Customer_1234,29957.94,0.4702,2023-01-01
acc_1235,Customer_1235,8619.77,0.3667,2023-01-01
acc_1236,Customer_1236,92680.06,0.101,2023-01-01
acc_1237,Customer_1237,24639.16,0.0427,2023-01-01
acc_1238,Customer_1238,86096.74,0.6836,2023-01-01
acc_1239,Customer_1239,58975.59,0.4657,2023-01-01
acc_1240,Customer_1240,26078.35,0.5858,2023-01-01
acc_1241,Customer_1241,70301.29,0.793,2023-01-01
acc_1242,Customer_1242,16331.17,0.6253,2023-01-01
acc_1243,Customer_1243,67914.7,0.5812,2023-01-01
acc_1244,Customer_1244,72802.65,0.5178,2023-01-01
acc_1245,Customer_1245,95468.54,0.6502,2023-01-01
acc_1246,Customer_1246,62841.96,0.0132,2023-01-01
acc_1247,Customer_1247,14439.82,0.6011,2023-01-01
acc_1248,Customer_1248,76714.47,0.1443,2023-01-01
acc_1249,Customer_1249,63719.18,0.1543,2023-01-01
acc_1250,Customer_1250,76344.08,0.8212,2023-01-01
acc_1251,Customer_1251,62099.34,0.0679,2023-01-01
acc_1252,Customer_1252,28015.9,0.2695,2023-01-01
acc_1253,Customer_1253,46836.57,0.7801,2023-01-01
acc_1254,Customer_1254,57873.95,0.992,2023-01-01
acc_1255,Customer_1255,70853.89,0.1414,2023-01-01
acc_1256,Customer_1256,97915.0,0.0586,2023-01-01
acc_1257,Customer_1257,33352.43,0.6373,2023-01-01
acc_1258,Customer_1258,39109.61,0.0222,2023-01-01
acc_1259,Customer_1259,29718.81,0.2419,2023-01-01
acc_1260,Customer_1260,77637.29,0.5926,2023-01-01
acc_1261,Customer_1261,14485.19,0.8726,2023-01-01
acc_1262,Customer_1262,21378.56,0.3197,2023-01-01
acc_1263,Customer_1263,87484.87,0.7652,2023-01-01
acc_1264,Customer_1264,42141.03,0.5193,2023-01-01
acc_1265,Customer_1265,97918.99,0.7108,2023-01-01
acc_1266,Customer_1266,71601.34,0.6558,2023-01-01
acc_1267,Customer_1267,98825.02,0.924,2023-01-01
acc_1268,Customer_1268,29894.11,0.4452,2023-01-01
acc_1269,Customer_1269,63605.04,0.2369,2023-01-01
acc_1270,Customer_1270,64763.67,0.9033,2023-01-01
acc_1271,Customer_1271,30696.94,0.3679,2023-01-01
acc_1272,Customer_1272,45048.97,0.3863,2023-01-01
acc_1273,Customer_1273,64367.91,0.052,2023-01-01
acc_1274,Customer_1274,77695.93,0.2853,2023-01-01
acc_1275,Customer_1275,62238.41,0.4239,2023-01-01
acc_1276,Customer_1276,61167.78,0.5689,2023-01-01
acc_1277,Customer_1277,51804.03,0.1603,2023-01-01
acc_1278,Customer_1278,851.52,0.107,2023-01-01
acc_1279,Customer_1279,38550.85,0.2571,2023-01-01
acc_1280,Customer_1280,48531.22,0.4708,2023-01-01
acc_1281,Customer_1281,51587.29,0.1327,2023-01-01
acc_1282,Customer_1282,49791.14,0.9505,2023-01-01
acc_1283,Customer_1283,17281.54,0.0155,2023-01-01
acc_1284,Customer_1284,33954.95,0.7085,2023-01-01
acc_1285,Customer_1285,86089.01,0.1093,2023-01-01
acc_1286,Customer_1286,3217.16,0.3101,2023-01-01
acc_1287,Customer_1287,62241.24,0.9204,2023-01-01
acc_1288,Customer_1288,33109.31,0.7794,2023-01-01
acc_1289,Customer_1289,12838.92,0.641,2023-01-01
acc_1290,Customer_1290,25071.36,0.7612,2023-01-01
acc_1291,Customer_1291,91221.37,0.4414,2023-01-01
acc_1292,Customer_1292,68753.11,0.354,2023-01-01
acc_1293,Customer_1293,84922.35,0.4101,2023-01-01
acc_1294,Customer_1294,58449.38,0.9865,2023-01-01
acc_1295,Customer_1295,55807.96,0.4528,2023-01-01
acc_1296,Customer_1296,9696.42,0.9496,2023-01-01
acc_1297,Customer_1297,52537.48,0.7008,2023-01-01
acc_1298,Customer_1298,65492.76,0.2374,2023-01-01
acc_1299,Customer_1299,63743.36,0.0966,2023-01-01
acc_1300,Customer_1300,5823.11,0.8409,2023-01-01
acc_1301,Customer_1301,60118.13,0.3014,2023-01-01
acc_1302,Customer_1302,52731.28,0.5579,2023-01-01
acc_1303,Customer_1303,67810.05,0.0001,2023-01-01
acc_1304,Customer_1304,14530.39,0.0932,2023-01-01
acc_1305,Customer_1305,75333.3,0.4523,2023-01-01
acc_1306,Customer_1306,19919.82,0.3745,2023-01-01
acc_1307,Customer_1307,66978.51,0.4612,2023-01-01
acc_1308,Customer_1308,54631.32,0.9375,2023-01-01
acc_1309,Customer_1309,40092.29,0.1033,2023-01-01
acc_1310,Customer_1310,10803.13,0.7247,2023-01-01
acc_1311,Customer_1311,31315.71,0.115,2023-01-01
acc_1312,Customer_1312,77840.3,0.8888,2023-01-01
acc_1313,Customer_1313,10325.45,0.6165,2023-01-01
acc_1314,Customer_1314,74074.79,0.2458,2023-01-01
acc_1315,Customer_1315,83683.22,0.684,2023-01-01
acc_1316,Customer_1316,44512.52,0.1657,2023-01-01
acc_1317,Customer_1317,25857.5,0.8295,2023-01-01
acc_1318,Customer_1318,16864.0,0.7046,2023-01-01
acc_1319,Customer_1319,57137.16,0.5607,2023-01-01
acc_1320,Customer_1320,1731.53,0.1227,2023-01-01
acc_1321,Customer_1321,31049.48,0.6303,2023-01-01
acc_1322,Customer_1322,38205.4,0.2565,2023-01-01
acc_1323,Customer_1323,38445.7,0.4631,2023-01-01
acc_1324,Customer_1324,59498.86,0.5597,2023-01-01
acc_1325,Customer_1325,36865.0,0.4255,2023-01-01
acc_1326,Customer_1326,80643.3,0.589,2023-01-01
acc_1327,Customer_1327,97051.42,0.6025,2023-01-01
acc_1328,Customer_1328,28400.73,0.5131,2023-01-01
acc_1329,Customer_1329,47342.89,0.8529,2023-01-01
acc_1330,Customer_1330,73776.2,0.8806,2023-01-01
acc_1331,Customer_1331,71811.15,0.2533,2023-01-01
acc_1332,Customer_1332,27354.25,0.1638,2023-01-01
acc_1333,Customer_1333,87916.3,0.9001,2023-01-01
acc_1334,Customer_1334,32424.08,0.0232,2023-01-01
acc_1335,Customer_1335,47479.33,0.7884,2023-01-01
acc_1336,Customer_1336,70325.36,0.6756,2023-01-01
acc_1337,Customer_1337,2199.39,0.1019,2023-01-01
acc_1338,Customer_1338,72948.67,0.8186,2023-01-01
acc_1339,Customer_1339,18303.53,0.8164,2023-01-01
acc_1340,Customer_1340,95132.91,0.6016,2023-01-01
acc_1341,Customer_1341,55216.84,0.0329,2023-01-01
acc_1342,Customer_1342,41452.91,0.467,2023-01-01
acc_1343,Customer_1343,95350.06,0.4409,2023-01-01
acc_1344,Customer_1344,1289.91,0.5671,2023-01-01
acc_1345,Customer_1345,6905.28,0.992,2023-01-01
acc_1346,Customer_1346,66003.28,0.7191,2023-01-01
acc_1347,Customer_1347,69379.37,0.941,2023-01-01
acc_1348,Customer_1348,40554.24,0.2789,2023-01-01
acc_1349,Customer_1349,7963.6,0.0228,2023-01-01
acc_1350,Customer_1350,47769.83,0.7437,2023-01-01
acc_1351,Customer_1351,73950.2,0.0029,2023-01-01
acc_1352,Customer_1352,61704.33,0.8318,2023-01-01
acc_1353,Customer_1353,86708.28,0.7696,2023-01-01
acc_1354,Customer_1354,41946.19,0.704,2023-01-01
acc_1355,Customer_1355,70183.2,0.0642,2023-01-01
acc_1356,Customer_1356,3984.95,0.3461,2023-01-01
acc_1357,Customer_1357,64371.24,0.381,2023-01-01
acc_1358,Customer_1358,64534.47,0.7615,2023-01-01
acc_1359,Customer_1359,77160.62,0.2832,2023-01-01
acc_1360,Customer_1360,97176.54,0.5538,2023-01-01
acc_1361,Customer_1361,62827.57,0.6352,2023-01-01
acc_1362,Customer_1362,67367.28,0.154,2023-01-01
acc_1363,Customer_1363,67490.52,0.4315,2023-01-01
acc_1364,Customer_1364,96872.1,0.7142,2023-01-01
acc_1365,Customer_1365,97401.61,0.9911,2023-01-01
acc_1366,Customer_1366,83416.6,0.5862,2023-01-01
acc_1367,Customer_1367,60107.53,0.4697,2023-01-01
acc_1368,Customer_1368,37030.49,0.4187,2023-01-01
acc_1369,Customer_1369,91357.92,0.6463,2023-01-01
acc_1370,Customer_1370,17075.73,0.0373,2023-01-01
acc_1371,Customer_1371,43971.2,0.4409,2023-01-01
acc_1372,Customer_1372,6675.89,0.2268,2023-01-01
acc_1373,Customer_1373,33206.91,0.3767,2023-01-01
acc_1374,Customer_1374,62527.88,0.156,2023-01-01
acc_1375,Customer_1375,82196.53,0.4971,2023-01-01
acc_1376,Customer_1376,7005.62,0.0996,2023-01-01
acc_1377,Customer_1377,94323.04,0.032,2023-01-01
acc_1378,Customer_1378,64933.42,0.179,2023-01-01
acc_1379,Customer_1379,65455.1,0.9876,2023-01-01
acc_1380,Customer_1380,91828.59,0.4373,2023-01-01
acc_1381,Customer_1381,43207.2,0.2894,2023-01-01
acc_1382,Customer_1382,44097.36,0.9579,2023-01-01
acc_1383,Customer_1383,3882.18,0.4788,2023-01-01
acc_1384,Customer_1384,89583.01,0.1066,2023-01-01
acc_1385,Customer_1385,11760.4,0.8148,2023-01-01
acc_1386,Customer_1386,28354.34,0.7979,2023-01-01
acc_1387,Customer_1387,30250.54,0.0323,2023-01-01
acc_1388,Customer_1388,82001.42,0.3318,2023-01-01
acc_1389,Customer_1389,46184.43,0.0599,2023-01-01
acc_1390,Customer_1390,65118.21,0.829,2023-01-01
acc_1391,Customer_1391,22053.62,0.9332,2023-01-01
acc_1392,Customer_1392,63396.15,0.5482,2023-01-01
acc_1393,Customer_1393,20664.52,0.8761,2023-01-01
acc_1394,Customer_1394,42452.51,0.0427,2023-01-01
acc_1395,Customer_1395,92585.27,0.3688,2023-01-01
acc_1396,Customer_1396,29529.54,0.058,2023-01-01
acc_1397,Customer_1397,3406.27,0.0431,2023-01-01
acc_1398,Customer_1398,87508.59,0.8679,2023-01-01
acc_1399,Customer_1399,47026.22,0.0812,2023-01-01
acc_1400,Customer_1400,14011.37,0.9475,2023-01-01
acc_1401,Customer_1401,56115.05,0.7956,2023-01-01
acc_1402,Customer_1402,7775.52,0.0653,2023-01-01
acc_1403,Customer_1403,77734.94,0.1158,2023-01-01
acc_1404,Customer_1404,82088.07,0.9344,2023-01-01
acc_1405,Customer_1405,43339.82,0.1151,2023-01-01
acc_1406,Customer_1406,71790.46,0.4457,2023-01-01
acc_1407,Customer_1407,50190.99,0.888,2023-01-01
acc_1408,Customer_1408,54031.65,0.1382,2023-01-01
acc_1409,Customer_1409,37313.88,0.8497,2023-01-01
acc_1410,Customer_1410,51193.44,0.0807,2023-01-01
acc_1411,Customer_1411,50703.69,0.0351,2023-01-01
acc_1412,Customer_1412,87942.75,0.2481,2023-01-01
acc_1413,Customer_1413,72944.89,0.9946,2023-01-01
acc_1414,Customer_1414,89646.84,0.5286,2023-01-01
acc_1415,Customer_1415,32482.31,0.6987,2023-01-01
acc_1416,Customer_1416,54706.47,0.9088,2023-01-01
acc_1417,Customer_1417,24293.31,0.6935,2023-01-01
acc_1418,Customer_1418,15333.29,0.4051,2023-01-01
acc_1419,Customer_1419,77761.33,0.3643,2023-01-01
acc_1420,Customer_1420,28434.07,0.3529,2023-01-01
acc_1421,Customer_1421,37428.04,0.008,2023-01-01
acc_1422,Customer_1422,14397.99,0.7406,2023-01-01
acc_1423,Customer_1423,69309.45,0.6525,2023-01-01
acc_1424,Customer_1424,13771.67,0.1158,2023-01-01
acc_1425,Customer_1425,49006.25,0.4839,2023-01-01
acc_1426,Customer_1426,12667.37,0.9658,2023-01-01
acc_1427,Customer_1427,81752.69,0.8722,2023-01-01
acc_1428,Customer_1428,17301.98,0.6565,2023-01-01
acc_1429,Customer_1429,81341.76,0.3235,2023-01-01
acc_1430,Customer_1430,98536.14,0.0951,2023-01-01
acc_1431,Customer_1431,79343.58,0.1446,2023-01-01
acc_1432,Customer_1432,25206.2,0.1895,2023-01-01
acc_1433,Customer_1433,11662.39,0.6709,2023-01-01
acc_1434,Customer_1434,24371.62,0.7993,2023-01-01
acc_1435,Customer_1435,76967.53,0.9574,2023-01-01
acc_1436,Customer_1436,77491.71,0.99,2023-01-01
acc_1437,Customer_1437,55776.85,0.032,2023-01-01
acc_1438,Customer_1438,33267.65,0.3941,2023-01-01
acc_1439,Customer_1439,96634.94,0.4211,2023-01-01
acc_1440,Customer_1440,27090.11,0.7997,2023-01-01
acc_1441,Customer_1441,91986.26,0.0467,2023-01-01
acc_1442,Customer_1442,98099.1,0.7227,2023-01-01
acc_1443,Customer_1443,99575.63,0.6486,2023-01-01
acc_1444,Customer_1444,877.7,0.6783,2023-01-01
acc_1445,Customer_1445,22750.36,0.9885,2023-01-01
acc_1446,Customer_1446,93215.19,0.8608,2023-01-01
acc_1447,Customer_1447,70895.19,0.2534,2023-01-01
acc_1448,Customer_1448,92671.39,0.8226,2023-01-01
acc_1449,Customer_1449,63429.45,0.171,2023-01-01
acc_1450,Customer_1450,20004.8,0.5669,2023-01-01
acc_1451,Customer_1451,59370.64,0.408,2023-01-01
acc_1452,Customer_1452,81370.51,0.6784,2023-01-01
acc_1453,Customer_1453,25879.75,0.03,2023-01-01
acc_1454,Customer_1454,60718.08,0.3294,2023-01-01
acc_1455,Customer_1455,88994.61,0.2342,2023-01-01
acc_1456,Customer_1456,54908.47,0.1979,2023-01-01
acc_1457,Customer_1457,96676.22,0.6429,2023-01-01
acc_1458,Customer_1458,75333.03,0.8909,2023-01-01
acc_1459,Customer_1459,45442.79,0.5467,2023-01-01
acc_1460,Customer_1460,45018.95,0.6191,2023-01-01
acc_1461,Customer_1461,33541.91,0.822,2023-01-01
acc_1462,Customer_1462,36585.24,0.7714,2023-01-01
acc_1463,Customer_1463,1768.21,0.3637,2023-01-01
acc_1464,Customer_1464,48041.44,0.9011,2023-01-01
acc_1465,Customer_1465,72264.39,0.7338,2023-01-01
acc_1466,Customer_1466,63700.79,0.9007,2023-01-01
acc_1467,Customer_1467,72519.48,0.6315,2023-01-01
acc_1468,Customer_1468,92093.52,0.7642,2023-01-01
acc_1469,Customer_1469,1577.38,0.8686,2023-01-01
acc_1470,Customer_1470,18900.43,0.7484,2023-01-01
acc_1471,Customer_1471,41396.88,0.3923,2023-01-01
acc_1472,Customer_1472,15470.03,0.4289,2023-01-01
acc_1473,Customer_1473,99944.45,0.8273,2023-01-01
acc_1474,Customer_1474,73700.47,0.6429,2023-01-01
acc_1475,Customer_1475,21546.1,0.0632,2023-01-01
acc_1476,Customer_1476,93278.8,0.9085,2023-01-01
acc_1477,Customer_1477,321.67,0.9111,2023-01-01
acc_1478,Customer_1478,74911.17,0.0987,2023-01-01
acc_1479,Customer_1479,15506.83,0.1764,2023-01-01
acc_1480,Customer_1480,25735.15,0.9028,2023-01-01
acc_1481,Customer_1481,42175.87,0.5385,2023-01-01
acc_1482,Customer_1482,42491.92,0.4641,2023-01-01
acc_1483,Customer_1483,25155.58,0.3151,2023-01-01
acc_1484,Customer_1484,25319.7,0.2849,2023-01-01
acc_1485,Customer_1485,60831.29,0.0233,2023-01-01
acc_1486,Customer_1486,93734.96,0.5137,2023-01-01
acc_1487,Customer_1487,50262.08,0.4219,2023-01-01
acc_1488,Customer_1488,73127.48,0.7613,2023-01-01
acc_1489,Customer_1489,72264.75,0.9654,2023-01-01
acc_1490,Customer_1490,41508.24,0.0856,2023-01-01
acc_1491,Customer_1491,79853.77,0.7125,2023-01-01
acc_1492,Customer_1492,2642.48,0.4928,2023-01-01
acc_1493,Customer_1493,80996.44,0.9483,2023-01-01
acc_1494,Customer_1494,35033.11,0.4717,2023-01-01
acc_1495,Customer_1495,44545.95,0.7441,2023-01-01
acc_1496,Customer_1496,70375.08,0.4749,2023-01-01
acc_1497,Customer_1497,18583.33,0.5871,2023-01-01
acc_1498,Customer_1498,2596.5,0.3557,2023-01-01
acc_1499,Customer_1499,30855.39,0.0667,2023-01-01
acc_1500,Customer_1500,9829.62,0.7883,2023-01-01
acc_1501,Customer_1501,45370.32,0.1287,2023-01-01
acc_1502,Customer_1502,93405.67,0.3156,2023-01-01
acc_1503,Customer_1503,44078.67,0.6948,2023-01-01
acc_1504,Customer_1504,15537.65,0.7825,2023-01-01
acc_1505,Customer_1505,84547.49,0.4913,2023-01-01
acc_1506,Customer_1506,70974.67,0.7234,2023-01-01
acc_1507,Customer_1507,99187.75,0.7752,2023-01-01
acc_1508,Customer_1508,36140.93,0.5107,2023-01-01
acc_1509,Customer_1509,39444.52,0.5351,2023-01-01
acc_1510,Customer_1510,89586.94,0.0962,2023-01-01
acc_1511,Customer_1511,89431.88,0.5039,2023-01-01
acc_1512,Customer_1512,14625.57,0.9339,2023-01-01
acc_1513,Customer_1513,19536.96,0.027,2023-01-01
acc_1514,Customer_1514,47139.97,0.5737,2023-01-01
acc_1515,Customer_1515,5149.04,0.6289,2023-01-01
acc_1516,Customer_1516,56355.76,0.5631,2023-01-01
acc_1517,Customer_1517,8186.97,0.3567,2023-01-01
acc_1518,Customer_1518,13144.81,0.4679,2023-01-01
acc_1519,Customer_1519,37125.03,0.3298,2023-01-01
acc_1520,Customer_1520,88191.67,0.6242,2023-01-01
acc_1521,Customer_1521,11094.61,0.6574,2023-01-01
acc_1522,Customer_1522,99625.0,0.3653,2023-01-01
acc_1523,Customer_1523,77075.26,0.6571,2023-01-01
acc_1524,Customer_1524,47557.7,0.4046,2023-01-01
acc_1525,Customer_1525,21473.51,0.4178,2023-01-01
acc_1526,Customer_1526,26754.6,0.4863,2023-01-01
acc_1527,Customer_1527,66970.61,0.8869,2023-01-01
acc_1528,Customer_1528,14627.99,0.8098,2023-01-01
acc_1529,Customer_1529,76219.91,0.6281,2023-01-01
acc_1530,Customer_1530,19288.25,0.0717,2023-01-01
acc_1531,Customer_1531,13771.48,0.3219,2023-01-01
acc_1532,Customer_1532,29208.14,0.8104,2023-01-01
acc_1533,Customer_1533,34424.77,0.1623,2023-01-01
acc_1534,Customer_1534,97574.52,0.7049,2023-01-01
acc_1535,Customer_1535,80350.52,0.4972,2023-01-01
acc_1536,Customer_1536,9780.21,0.5863,2023-01-01
acc_1537,Customer_1537,44529.83,0.318,2023-01-01
acc_1538,Customer_1538,8839.42,0.3161,2023-01-01
acc_1539,Customer_1539,27303.81,0.3563,2023-01-01
acc_1540,Customer_1540,71362.07,0.1166,2023-01-01
acc_1541,Customer_1541,37946.22,0.7589,2023-01-01
acc_1542,Customer_1542,31037.87,0.856,2023-01-01
acc_1543,Customer_1543,86419.6,0.1892,2023-01-01
acc_1544,Customer_1544,64993.82,0.6394,2023-01-01
acc_1545,Customer_1545,17058.55,0.5578,2023-01-01
acc_1546,Customer_1546,47576.68,0.2407,2023-01-01
acc_1547,Customer_1547,71328.53,0.8954,2023-01-01
acc_1548,Customer_1548,89658.79,0.1058,2023-01-01
acc_1549,Customer_1549,37947.33,0.0893,2023-01-01
acc_1550,Customer_1550,46439.82,0.6632,2023-01-01
acc_1551,Customer_1551,70717.89,0.0577,2023-01-01
acc_1552,Customer_1552,11392.93,0.6322,2023-01-01
acc_1553,Customer_1553,83509.65,0.6075,2023-01-01
acc_1554,Customer_1554,9481.86,0.0818,2023-01-01
acc_1555,Customer_1555,58103.02,0.2169,2023-01-01
acc_1556,Customer_1556,74788.39,0.3021,2023-01-01
acc_1557,Customer_1557,82611.31,0.9021,2023-01-01
acc_1558,Customer_1558,53153.07,0.7027,2023-01-01
acc_1559,Customer_1559,76430.23,0.6267,2023-01-01
acc_1560,Customer_1560,64714.87,0.4037,2023-01-01
acc_1561,Customer_1561,89291.95,0.1772,2023-01-01
acc_1562,Customer_1562,16268.0,0.7244,2023-01-01
acc_1563,Customer_1563,21221.03,0.5201,2023-01-01
acc_1564,Customer_1564,90156.23,0.3576,2023-01-01
acc_1565,Customer_1565,73587.67,0.8691,2023-01-01
acc_1566,Customer_1566,65899.48,0.0908,2023-01-01
acc_1567,Customer_1567,51683.51,0.797,2023-01-01
acc_1568,Customer_1568,99777.11,0.4587,2023-01-01
acc_1569,Customer_1569,5720.53,0.3491,2023-01-01
acc_1570,Customer_1570,49999.9,0.9294,2023-01-01
acc_1571,Customer_1571,6611.52,0.9158,2023-01-01
acc_1572,Customer_1572,44053.47,0.0995,2023-01-01
acc_1573,Customer_1573,75186.51,0.1211,2023-01-01
acc_1574,Customer_1574,13484.62,0.2369,2023-01-01
acc_1575,Customer_1575,54769.29,0.6603,2023-01-01
acc_1576,Customer_1576,86050.95,0.5897,2023-01-01
acc_1577,Customer_1577,63785.2,0.4812,2023-01-01
acc_1578,Customer_1578,50480.03,0.663,2023-01-01
acc_1579,Customer_1579,27067.5,0.296,2023-01-01
acc_1580,Customer_1580,62335.58,0.6217,2023-01-01
acc_1581,Customer_1581,18101.58,0.1957,2023-01-01
acc_1582,Customer_1582,54888.54,0.8332,2023-01-01
acc_1583,Customer_1583,31247.09,0.174,2023-01-01
acc_1584,Customer_1584,4949.85,0.5302,2023-01-01
acc_1585,Customer_1585,52892.63,0.6127,2023-01-01
acc_1586,Customer_1586,54701.93,0.659,2023-01-01
acc_1587,Customer_1587,87026.13,0.3175,2023-01-01
acc_1588,Customer_1588,79624.59,0.2267,2023-01-01
acc_1589,Customer_1589,33154.01,0.4944,2023-01-01
acc_1590,Customer_1590,52011.38,0.7377,2023-01-01
acc_1591,Customer_1591,2702.61,0.7384,2023-01-01
acc_1592,Customer_1592,80632.27,0.0014,2023-01-01
acc_1593,Customer_1593,56242.94,0.0187,2023-01-01
acc_1594,Customer_1594,13918.04,0.8712,2023-01-01
acc_1595,Customer_1595,5590.67,0.9074,2023-01-01
acc_1596,Customer_1596,66782.3,0.7659,2023-01-01
acc_1597,Customer_1597,67555.08,0.7584,2023-01-01
acc_1598,Customer_1598,73223.12,0.8949,2023-01-01
acc_1599,Customer_1599,36048.54,0.3828,2023-01-01
acc_1600,Customer_1600,64977.67,0.5302,2023-01-01
acc_1601,Customer_1601,67884.41,0.3682,2023-01-01
acc_1602,Customer_1602,41930.63,0.3921,2023-01-01
acc_1603,Customer_1603,4059.52,0.7368,2023-01-01
acc_1604,Customer_1604,56939.35,0.8859,2023-01-01
acc_1605,Customer_1605,73816.9,0.4149,2023-01-01
acc_1606,Customer_1606,77567.04,0.0634,2023-01-01
acc_1607,Customer_1607,63648.99,0.9312,2023-01-01
acc_1608,Customer_1608,89172.01,0.3164,2023-01-01
acc_1609,Customer_1609,28128.78,0.2949,2023-01-01
acc_1610,Customer_1610,88676.43,0.3423,2023-01-01
acc_1611,Customer_1611,41393.61,0.3297,2023-01-01
acc_1612,Customer_1612,26695.98,0.8701,2023-01-01
acc_1613,Customer_1613,44422.32,0.5342,2023-01-01
acc_1614,Customer_1614,40193.66,0.3353,2023-01-01
acc_1615,Customer_1615,40418.86,0.8949,2023-01-01
acc_1616,Customer_1616,28103.74,0.6967,2023-01-01
acc_1617,Customer_1617,21484.24,0.9092,2023-01-01
acc_1618,Customer_1618,46745.88,0.2988,2023-01-01
acc_1619,Customer_1619,42914.2,0.7398,2023-01-01
acc_1620,Customer_1620,85655.22,0.8126,2023-01-01
acc_1621,Customer_1621,13068.0,0.9673,2023-01-01
acc_1622,Customer_1622,47784.59,0.9511,2023-01-01
acc_1623,Customer_1623,17164.17,0.9409,2023-01-01
acc_1624,Customer_1624,19377.05,0.8694,2023-01-01
acc_1625,Customer_1625,27141.02,0.841,2023-01-01
acc_1626,Customer_1626,16465.16,0.8548,2023-01-01
acc_1627,Customer_1627,66170.32,0.1214,2023-01-01
acc_1628,Customer_1628,93692.43,0.434,2023-01-01
acc_1629,Customer_1629,18450.87,0.8437,2023-01-01
acc_1630,Customer_1630,5534.41,0.0382,2023-01-01
acc_1631,Customer_1631,73750.56,0.0899,2023-01-01
acc_1632,Customer_1632,74666.5,0.0945,2023-01-01
acc_1633,Customer_1633,93972.66,0.1373,2023-01-01
acc_1634,Customer_1634,56338.09,0.6461,2023-01-01
acc_1635,Customer_1635,36684.09,0.0958,2023-01-01
acc_1636,Customer_1636,48880.34,0.3357,2023-01-01
acc_1637,Customer_1637,89104.53,0.2032,2023-01-01
acc_1638,Customer_1638,22455.52,0.5972,2023-01-01
acc_1639,Customer_1639,44454.6,0.287,2023-01-01
acc_1640,Customer_1640,14120.13,0.8398,2023-01-01
acc_1641,Customer_1641,9645.29,0.904,2023-01-01
acc_1642,Customer_1642,94050.24,0.1303,2023-01-01
acc_1643,Customer_1643,92471.23,0.2657,2023-01-01
acc_1644,Customer_1644,79267.73,0.3247,2023-01-01
acc_1645,Customer_1645,44614.87,0.7105,2023-01-01
acc_1646,Customer_1646,54669.31,0.7546,2023-01-01
acc_1647,Customer_1647,39691.2,0.0623,2023-01-01
acc_1648,Customer_1648,34411.74,0.8846,2023-01-01
acc_1649,Customer_1649,80252.64,0.9262,2023-01-01
acc_1650,Customer_1650,58960.22,0.3282,2023-01-01
acc_1651,Customer_1651,48223.27,0.4932,2023-01-01
acc_1652,Customer_1652,24576.65,0.8713,2023-01-01
acc_1653,Customer_1653,6001.16,0.3316,2023-01-01
acc_1654,Customer_1654,97816.52,0.5603,2023-01-01
acc_1655,Customer_1655,94388.28,0.0062,2023-01-01
acc_1656,Customer_1656,81183.45,0.6255,2023-01-01
acc_1657,Customer_1657,85654.92,0.7346,2023-01-01
acc_1658,Customer_1658,99986.32,0.3377,2023-01-01
acc_1659,Customer_1659,74425.08,0.8446,2023-01-01
acc_1660,Customer_1660,69359.03,0.7913,2023-01-01
acc_1661,Customer_1661,81934.35,0.2718,2023-01-01
acc_1662,Customer_1662,28394.97,0.4045,2023-01-01
acc_1663,Customer_1663,2475.07,0.9051,2023-01-01
acc_1664,Customer_1664,81125.87,0.1318,2023-01-01
acc_1665,Customer_1665,81879.21,0.3296,2023-01-01
acc_1666,Customer_1666,60720.6,0.4892,2023-01-01
acc_1667,Customer_1667,44524.1,0.609,2023-01-01
acc_1668,Customer_1668,90746.39,0.4141,2023-01-01
acc_1669,Customer_1669,2763.44,0.8514,2023-01-01
acc_1670,Customer_1670,95194.88,0.8072,2023-01-01
acc_1671,Customer_1671,15751.59,0.4212,2023-01-01
acc_1672,Customer_1672,75712.55,0.8636,2023-01-01
acc_1673,Customer_1673,86999.28,0.9236,2023-01-01
acc_1674,Customer_1674,64197.22,0.1387,2023-01-01
acc_1675,Customer_1675,42073.77,0.9595,2023-01-01
acc_1676,Customer_1676,13309.36,0.9329,2023-01-01
acc_1677,Customer_1677,36021.86,0.5909,2023-01-01
acc_1678,Customer_1678,81363.91,0.0929,2023-01-01
acc_1679,Customer_1679,11324.74,0.4784,2023-01-01
acc_1680,Customer_1680,90441.97,0.9703,2023-01-01
acc_1681,Customer_1681,65464.86,0.1915,2023-01-01
acc_1682,Customer_1682,79362.82,0.3762,2023-01-01
acc_1683,Customer_1683,26504.62,0.5899,2023-01-01
acc_1684,Customer_1684,44348.24,0.5192,2023-01-01
acc_1685,Customer_1685,97047.5,0.0384,2023-01-01
acc_1686,Customer_1686,87367.74,0.4335,2023-01-01
acc_1687,Customer_1687,84588.93,0.8761,2023-01-01
acc_1688,Customer_1688,73711.78,0.4738,2023-01-01
acc_1689,Customer_1689,52221.64,0.5961,2023-01-01
acc_1690,Customer_1690,39611.93,0.7135,2023-01-01
acc_1691,Customer_1691,85489.73,0.3369,2023-01-01
acc_1692,Customer_1692,95455.01,0.5627,2023-01-01
acc_1693,Customer_1693,29434.15,0.1627,2023-01-01
acc_1694,Customer_1694,72661.27,0.2811,2023-01-01
acc_1695,Customer_1695,80907.56,0.947,2023-01-01
acc_1696,Customer_1696,35314.55,0.378,2023-01-01
acc_1697,Customer_1697,30249.81,0.2557,2023-01-01
acc_1698,Customer_1698,99866.38,0.8277,2023-01-01
acc_1699,Customer_1699,86521.83,0.0277,2023-01-01
acc_1700,Customer_1700,95243.92,0.8239,2023-01-01
acc_1701,Customer_1701,82344.67,0.9266,2023-01-01
acc_1702,Customer_1702,41230.49,0.0769,2023-01-01
acc_1703,Customer_1703,56987.7,0.5357,2023-01-01
acc_1704,Customer_1704,21671.51,0.7424,2023-01-01
acc_1705,Customer_1705,98519.74,0.7163,2023-01-01
acc_1706,Customer_1706,79434.84,0.7727,2023-01-01
acc_1707,Customer_1707,81069.54,0.1596,2023-01-01
acc_1708,Customer_1708,60598.96,0.6083,2023-01-01
acc_1709,Customer_1709,87415.85,0.4379,2023-01-01
acc_1710,Customer_1710,26091.07,0.5366,2023-01-01
acc_1711,Customer_1711,49410.69,0.0168,2023-01-01
acc_1712,Customer_1712,4972.73,0.1881,2023-01-01
acc_1713,Customer_1713,49307.91,0.6585,2023-01-01
acc_1714,Customer_1714,52146.22,0.5749,2023-01-01
acc_1715,Customer_1715,99200.76,0.0876,2023-01-01
acc_1716,Customer_1716,37332.87,0.5454,2023-01-01
acc_1717,Customer_1717,79086.21,0.8837,2023-01-01
acc_1718,Customer_1718,62061.97,0.6556,2023-01-01
acc_1719,Customer_1719,89445.76,0.792,2023-01-01
acc_1720,Customer_1720,58119.0,0.0122,2023-01-01
acc_1721,Customer_1721,41319.61,0.0709,2023-01-01
acc_1722,Customer_1722,96301.45,0.8266,2023-01-01
acc_1723,Customer_1723,34662.65,0.1004,2023-01-01
acc_1724,Customer_1724,56452.23,0.3521,2023-01-01
acc_1725,Customer_1725,72354.23,0.8373,2023-01-01
acc_1726,Customer_1726,59738.09,0.8183,2023-01-01
acc_1727,Customer_1727,946.6,0.2335,2023-01-01
acc_1728,Customer_1728,43122.12,0.465,2023-01-01
acc_1729,Customer_1729,81292.67,0.1755,2023-01-01
acc_1730,Customer_1730,57331.93,0.5379,2023-01-01
acc_1731,Customer_1731,64824.23,0.0137,2023-01-01
acc_1732,Customer_1732,4468.68,0.0909,2023-01-01
acc_1733,Customer_1733,39400.1,0.5978,2023-01-01
acc_1734,Customer_1734,73427.28,0.6509,2023-01-01
acc_1735,Customer_1735,10840.45,0.8658,2023-01-01
acc_1736,Customer_1736,39511.35,0.8164,2023-01-01
acc_1737,Customer_1737,17198.83,0.3803,2023-01-01
acc_1738,Customer_1738,67076.48,0.6301,2023-01-01
acc_1739,Customer_1739,51927.17,0.9231,2023-01-01
acc_1740,Customer_1740,81174.72,0.5959,2023-01-01
acc_1741,Customer_1741,67798.76,0.4152,2023-01-01
acc_1742,Customer_1742,51338.89,0.6303,2023-01-01
acc_1743,Customer_1743,83757.07,0.2,2023-01-01
acc_1744,Customer_1744,45826.64,0.184,2023-01-01
acc_1745,Customer_1745,19800.29,0.0357,2023-01-01
acc_1746,Customer_1746,12006.27,0.7574,2023-01-01
acc_1747,Customer_1747,33062.13,0.3048,2023-01-01
acc_1748,Customer_1748,14474.0,0.5764,2023-01-01
acc_1749,Customer_1749,41567.07,0.0553,2023-01-01
acc_1750,Customer_1750,38320.4,0.8076,2023-01-01
acc_1751,Customer_1751,75701.59,0.9747,2023-01-01
acc_1752,Customer_1752,85761.82,0.4977,2023-01-01
acc_1753,Customer_1753,79258.37,0.7854,2023-01-01
acc_1754,Customer_1754,41061.56,0.3871,2023-01-01
acc_1755,Customer_1755,56053.49,0.4426,2023-01-01
acc_1756,Customer_1756,62331.55,0.8138,2023-01-01
acc_1757,Customer_1757,91905.05,0.6433,2023-01-01
acc_1758,Customer_1758,52528.31,0.2158,2023-01-01
acc_1759,Customer_1759,40017.72,0.2242,2023-01-01
acc_1760,Customer_1760,72911.8,0.5403,2023-01-01
acc_1761,Customer_1761,15413.16,0.1652,2023-01-01
acc_1762,Customer_1762,2914.56,0.1138,2023-01-01
acc_1763,Customer_1763,61954.92,0.6376,2023-01-01
acc_1764,Customer_1764,52873.75,0.7894,2023-01-01
acc_1765,Customer_1765,54694.22,0.2564,2023-01-01
acc_1766,Customer_1766,76578.65,0.3664,2023-01-01
acc_1767,Customer_1767,4544.4,0.2162,2023-01-01
acc_1768,Customer_1768,44530.36,0.6131,2023-01-01
acc_1769,Customer_1769,77973.19,0.8615,2023-01-01
acc_1770,Customer_1770,77451.43,0.7515,2023-01-01
acc_1771,Customer_1771,58975.54,0.1932,2023-01-01
acc_1772,Customer_1772,66647.59,0.6944,2023-01-01
acc_1773,Customer_1773,26882.63,0.3711,2023-01-01
acc_1774,Customer_1774,29453.45,0.9957,2023-01-01
acc_1775,Customer_1775,69741.98,0.3592,2023-01-01
acc_1776,Customer_1776,19556.57,0.3405,2023-01-01
acc_1777,Customer_1777,24194.0,0.8308,2023-01-01
acc_1778,Customer_1778,18882.75,0.3785,2023-01-01
acc_1779,Customer_1779,53539.75,0.2514,2023-01-01
acc_1780,Customer_1780,16971.67,0.9614,2023-01-01
acc_1781,Customer_1781,90376.87,0.0269,2023-01-01
acc_1782,Customer_1782,53404.57,0.0437,2023-01-01
acc_1783,Customer_1783,43428.87,0.1095,2023-01-01
acc_1784,Customer_1784,80471.89,0.201,2023-01-01
acc_1785,Customer_1785,30130.34,0.0858,2023-01-01
acc_1786,Customer_1786,96825.13,0.5001,2023-01-01
acc_1787,Customer_1787,42276.9,0.5529,2023-01-01
acc_1788,Customer_1788,18028.86,0.7975,2023-01-01
acc_1789,Customer_1789,28782.75,0.8469,2023-01-01
acc_1790,Customer_1790,73943.62,0.2947,2023-01-01
acc_1791,Customer_1791,48655.26,0.2945,2023-01-01
acc_1792,Customer_1792,94025.67,0.849,2023-01-01
acc_1793,Customer_1793,53945.13,0.6897,2023-01-01
acc_1794,Customer_1794,7860.93,0.8007,2023-01-01
acc_1795,Customer_1795,35893.85,0.2686,2023-01-01
acc_1796,Customer_1796,32838.14,0.8892,2023-01-01
acc_1797,Customer_1797,10419.31,0.9865,2023-01-01
acc_1798,Customer_1798,46411.64,0.6274,2023-01-01
acc_1799,Customer_1799,50713.81,0.0627,2023-01-01
acc_1800,Customer_1800,76596.91,0.401,2023-01-01
acc_1801,Customer_1801,48263.52,0.8215,2023-01-01
acc_1802,Customer_1802,31226.2,0.141,2023-01-01
acc_1803,Customer_1803,4657.86,0.69,2023-01-01
acc_1804,Customer_1804,6726.87,0.5934,2023-01-01
acc_1805,Customer_1805,6907.39,0.1129,2023-01-01
acc_1806,Customer_1806,39450.02,0.2919,2023-01-01
acc_1807,Customer_1807,10813.35,0.9419,2023-01-01
acc_1808,Customer_1808,94652.55,0.9627,2023-01-01
acc_1809,Customer_1809,98044.27,0.9095,2023-01-01
acc_1810,Customer_1810,56646.8,0.4043,2023-01-01
acc_1811,Customer_1811,74208.15,0.5238,2023-01-01
acc_1812,Customer_1812,22810.4,0.7757,2023-01-01
acc_1813,Customer_1813,16389.18,0.6518,2023-01-01
acc_1814,Customer_1814,94981.66,0.5353,2023-01-01
acc_1815,Customer_1815,14626.97,0.3583,2023-01-01
acc_1816,Customer_1816,51125.23,0.4321,2023-01-01
acc_1817,Customer_1817,14994.29,0.5982,2023-01-01
acc_1818,Customer_1818,88013.25,0.9717,2023-01-01
acc_1819,Customer_1819,18220.12,0.6583,2023-01-01
acc_1820,Customer_1820,2274.22,0.1498,2023-01-01
acc_1821,Customer_1821,51386.61,0.6064,2023-01-01
acc_1822,Customer_1822,24862.92,0.7347,2023-01-01
acc_1823,Customer_1823,89215.93,0.9701,2023-01-01
acc_1824,Customer_1824,10482.29,0.6833,2023-01-01
acc_1825,Customer_1825,52346.73,0.6981,2023-01-01
acc_1826,Customer_1826,93347.95,0.2865,2023-01-01
acc_1827,Customer_1827,88143.09,0.0906,2023-01-01
acc_1828,Customer_1828,4228.76,0.9251,2023-01-01
acc_1829,Customer_1829,25967.04,0.7106,2023-01-01
acc_1830,Customer_1830,22054.57,0.5883,2023-01-01
acc_1831,Customer_1831,34094.5,0.723,2023-01-01
acc_1832,Customer_1832,74506.52,0.9023,2023-01-01
acc_1833,Customer_1833,80356.9,0.4502,2023-01-01
acc_1834,Customer_1834,12818.58,0.6714,2023-01-01
acc_1835,Customer_1835,43981.04,0.7088,2023-01-01
acc_1836,Customer_1836,98820.5,0.3348,2023-01-01
acc_1837,Customer_1837,44423.1,0.3433,2023-01-01
acc_1838,Customer_1838,32197.15,0.2425,2023-01-01
acc_1839,Customer_1839,35351.43,0.362,2023-01-01
acc_1840,Customer_1840,35906.72,0.9479,2023-01-01
acc_1841,Customer_1841,37582.19,0.0174,2023-01-01
acc_1842,Customer_1842,96488.21,0.581,2023-01-01
acc_1843,Customer_1843,30889.28,0.7938,2023-01-01
acc_1844,Customer_1844,2298.81,0.8546,2023-01-01
acc_1845,Customer_1845,11969.91,0.0242,2023-01-01
acc_1846,Customer_1846,14423.21,0.8352,2023-01-01
acc_1847,Customer_1847,5168.08,0.9138,2023-01-01
acc_1848,Customer_1848,29253.29,0.197,2023-01-01
acc_1849,Customer_1849,65538.43,0.2424,2023-01-01
acc_1850,Customer_1850,56567.14,0.7639,2023-01-01
acc_1851,Customer_1851,66801.94,0.3174,2023-01-01
acc_1852,Customer_1852,63369.47,0.6288,2023-01-01
acc_1853,Customer_1853,2171.56,0.4608,2023-01-01
acc_1854,Customer_1854,63309.25,0.3816,2023-01-01
acc_1855,Customer_1855,16126.76,0.9126,2023-01-01
acc_1856,Customer_1856,1185.51,0.8653,2023-01-01
acc_1857,Customer_1857,16753.59,0.9914,2023-01-01
acc_1858,Customer_1858,91077.54,0.0918,2023-01-01
acc_1859,Customer_1859,76787.3,0.6678,2023-01-01
acc_1860,Customer_1860,86477.61,0.4964,2023-01-01
acc_1861,Customer_1861,31278.22,0.7908,2023-01-01
acc_1862,Customer_1862,73667.27,0.5364,2023-01-01
acc_1863,Customer_1863,98541.72,0.7695,2023-01-01
acc_1864,Customer_1864,49764.37,0.9258,2023-01-01
acc_1865,Customer_1865,50631.39,0.8431,2023-01-01
acc_1866,Customer_1866,5090.29,0.1299,2023-01-01
acc_1867,Customer_1867,21372.79,0.2321,2023-01-01
acc_1868,Customer_1868,14128.99,0.0415,2023-01-01
acc_1869,Customer_1869,56005.99,0.59,2023-01-01
acc_1870,Customer_1870,72680.32,0.6149,2023-01-01
acc_1871,Customer_1871,45370.36,0.4499,2023-01-01
acc_1872,Customer_1872,1504.92,0.6164,2023-01-01
acc_1873,Customer_1873,63627.51,0.6257,2023-01-01
acc_1874,Customer_1874,96173.65,0.7033,2023-01-01
acc_1875,Customer_1875,21152.21,0.6106,2023-01-01
acc_1876,Customer_1876,55437.03,0.6728,2023-01-01
acc_1877,Customer_1877,59523.15,0.7574,2023-01-01
acc_1878,Customer_1878,45856.99,0.5669,2023-01-01
acc_1879,Customer_1879,92572.39,0.2639,2023-01-01
acc_1880,Customer_1880,66282.14,0.7379,2023-01-01
acc_1881,Customer_1881,82135.14,0.5733,2023-01-01
acc_1882,Customer_1882,97421.43,0.9629,2023-01-01
acc_1883,Customer_1883,51421.16,0.4522,2023-01-01
acc_1884,Customer_1884,10414.92,0.5872,2023-01-01
acc_1885,Customer_1885,31173.35,0.688,2023-01-01
acc_1886,Customer_1886,71650.01,0.866,2023-01-01
acc_1887,Customer_1887,74335.69,0.8094,2023-01-01
acc_1888,Customer_1888,84125.74,0.9959,2023-01-01
acc_1889,Customer_1889,32975.01,0.5888,2023-01-01
acc_1890,Customer_1890,55767.93,0.5709,2023-01-01
acc_1891,Customer_1891,66810.79,0.9369,2023-01-01
acc_1892,Customer_1892,1927.32,0.3101,2023-01-01
acc_1893,Customer_1893,46313.05,0.5168,2023-01-01
acc_1894,Customer_1894,90697.27,0.4996,2023-01-01
acc_1895,Customer_1895,23728.22,0.8573,2023-01-01
acc_1896,Customer_1896,51518.88,0.7843,2023-01-01
acc_1897,Customer_1897,26484.07,0.945,2023-01-01
acc_1898,Customer_1898,40198.13,0.4469,2023-01-01
acc_1899,Customer_1899,47728.15,0.331,2023-01-01
acc_1900,Customer_1900,75882.15,0.5762,2023-01-01
acc_1901,Customer_1901,60388.68,0.601,2023-01-01
acc_1902,Customer_1902,29511.37,0.3417,2023-01-01
acc_1903,Customer_1903,9207.82,0.385,2023-01-01
acc_1904,Customer_1904,26299.81,0.3487,2023-01-01
acc_1905,Customer_1905,62510.76,0.685,2023-01-01
acc_1906,Customer_1906,74874.39,0.2215,2023-01-01
acc_1907,Customer_1907,18388.12,0.9682,2023-01-01
acc_1908,Customer_1908,46700.77,0.4758,2023-01-01
acc_1909,Customer_1909,8395.1,0.6871,2023-01-01
acc_1910,Customer_1910,17330.19,0.0522,2023-01-01
acc_1911,Customer_1911,25172.65,0.9662,2023-01-01
acc_1912,Customer_1912,33310.5,0.057,2023-01-01
acc_1913,Customer_1913,67062.47,0.174,2023-01-01
acc_1914,Customer_1914,28544.64,0.4761,2023-01-01
acc_1915,Customer_1915,54105.38,0.3028,2023-01-01
acc_1916,Customer_1916,92484.46,0.7578,2023-01-01
acc_1917,Customer_1917,62718.02,0.0751,2023-01-01
acc_1918,Customer_1918,81820.77,0.8292,2023-01-01
acc_1919,Customer_1919,80857.42,0.8311,2023-01-01
acc_1920,Customer_1920,17461.96,0.899,2023-01-01
acc_1921,Customer_1921,29528.74,0.2644,2023-01-01
acc_1922,Customer_1922,282.58,0.1578,2023-01-01
acc_1923,Customer_1923,34823.63,0.2333,2023-01-01
acc_1924,Customer_1924,87426.11,0.0477,2023-01-01
acc_1925,Customer_1925,44573.05,0.3789,2023-01-01
acc_1926,Customer_1926,86488.46,0.8354,2023-01-01
acc_1927,Customer_1927,32510.21,0.6782,2023-01-01
acc_1928,Customer_1928,45975.4,0.25,2023-01-01
acc_1929,Customer_1929,69689.23,0.4652,2023-01-01
acc_1930,Customer_1930,69585.92,0.7379,2023-01-01
acc_1931,Customer_1931,56240.61,0.2643,2023-01-01
acc_1932,Customer_1932,13804.46,0.0105,2023-01-01
acc_1933,Customer_1933,42368.48,0.6606,2023-01-01
acc_1934,Customer_1934,82684.97,0.2849,2023-01-01
acc_1935,Customer_1935,6916.88,0.4816,2023-01-01
acc_1936,Customer_1936,33913.46,0.3344,2023-01-01
acc_1937,Customer_1937,4823.45,0.5199,2023-01-01
acc_1938,Customer_1938,44276.49,0.7074,2023-01-01
acc_1939,Customer_1939,67859.72,0.3826,2023-01-01
acc_1940,Customer_1940,4359.39,0.9716,2023-01-01
acc_1941,Customer_1941,20375.16,0.739,2023-01-01
acc_1942,Customer_1942,56185.7,0.0301,2023-01-01
acc_1943,Customer_1943,73344.73,0.9724,2023-01-01
acc_1944,Customer_1944,15054.31,0.7153,2023-01-01
acc_1945,Customer_1945,57247.65,0.5407,2023-01-01
acc_1946,Customer_1946,43407.79,0.4467,2023-01-01
acc_1947,Customer_1947,17279.45,0.3607,2023-01-01
acc_1948,Customer_1948,67579.08,0.8491,2023-01-01
acc_1949,Customer_1949,73639.37,0.6263,2023-01-01
acc_1950,Customer_1950,22978.29,0.0055,2023-01-01
acc_1951,Customer_1951,85842.34,0.7664,2023-01-01
acc_1952,Customer_1952,94683.94,0.1358,2023-01-01
acc_1953,Customer_1953,97395.1,0.3301,2023-01-01
acc_1954,Customer_1954,56422.78,0.0194,2023-01-01
acc_1955,Customer_1955,79464.41,0.935,2023-01-01
acc_1956,Customer_1956,94630.58,0.1549,2023-01-01
acc_1957,Customer_1957,14040.99,0.5478,2023-01-01
acc_1958,Customer_1958,40804.12,0.0187,2023-01-01
acc_1959,Customer_1959,28892.49,0.7787,2023-01-01
acc_1960,Customer_1960,76447.93,0.2372,2023-01-01
acc_1961,Customer_1961,91942.01,0.3676,2023-01-01
acc_1962,Customer_1962,76985.44,0.3424,2023-01-01
acc_1963,Customer_1963,98632.17,0.6762,2023-01-01
acc_1964,Customer_1964,37158.58,0.0647,2023-01-01
acc_1965,Customer_1965,18853.54,0.9471,2023-01-01
acc_1966,Customer_1966,57558.19,0.7998,2023-01-01
acc_1967,Customer_1967,21358.74,0.5244,2023-01-01
acc_1968,Customer_1968,60068.81,0.939,2023-01-01
acc_1969,Customer_1969,50607.46,0.9239,2023-01-01
acc_1970,Customer_1970,31938.23,0.5827,2023-01-01
acc_1971,Customer_1971,62565.26,0.0961,2023-01-01
acc_1972,Customer_1972,16633.01,0.2554,2023-01-01
acc_1973,Customer_1973,26300.65,0.1849,2023-01-01
acc_1974,Customer_1974,41917.34,0.0974,2023-01-01
acc_1975,Customer_1975,15056.5,0.8556,2023-01-01
acc_1976,Customer_1976,18014.72,0.4476,2023-01-01
acc_1977,Customer_1977,8182.58,0.7966,2023-01-01
acc_1978,Customer_1978,26880.59,0.6625,2023-01-01
acc_1979,Customer_1979,81951.48,0.414,2023-01-01
acc_1980,Customer_1980,20772.27,0.1577,2023-01-01
acc_1981,Customer_1981,46027.32,0.5946,2023-01-01
acc_1982,Customer_1982,65922.72,0.5866,2023-01-01
acc_1983,Customer_1983,24498.39,0.0016,2023-01-01
acc_1984,Customer_1984,13734.4,0.4411,2023-01-01
acc_1985,Customer_1985,96894.18,0.5676,2023-01-01
acc_1986,Customer_1986,97979.51,0.8411,2023-01-01
acc_1987,Customer_1987,99598.49,0.2894,2023-01-01
acc_1988,Customer_1988,69018.3,0.4309,2023-01-01
acc_1989,Customer_1989,87113.44,0.6133,2023-01-01
acc_1990,Customer_1990,40455.49,0.9432,2023-01-01
acc_1991,Customer_1991,84132.82,0.4937,2023-01-01
acc_1992,Customer_1992,42575.38,0.4033,2023-01-01
acc_1993,Customer_1993,40564.07,0.31,2023-01-01
acc_1994,Customer_1994,16817.9,0.8304,2023-01-01
acc_1995,Customer_1995,12273.6,0.6229,2023-01-01
acc_1996,Customer_1996,16000.04,0.8678,2023-01-01
acc_1997,Customer_1997,22858.12,0.1257,2023-01-01
acc_1998,Customer_1998,1876.04,0.9047,2023-01-01
acc_1999,Customer_1999,78888.03,0.3136,2023-01-01
acc_2000,Customer_2000,86462.38,0.508,2023-01-01
acc_2001,Customer_2001,21982.85,0.5676,2023-01-01
acc_2002,Customer_2002,2953.84,0.6957,2023-01-01
acc_2003,Customer_2003,27197.81,0.3738,2023-01-01
acc_2004,Customer_2004,86291.4,0.6234,2023-01-01
acc_2005,Customer_2005,95931.57,0.2266,2023-01-01
acc_2006,Customer_2006,767.91,0.852,2023-01-01
acc_2007,Customer_2007,60950.99,0.1331,2023-01-01
acc_2008,Customer_2008,25424.53,0.9471,2023-01-01
acc_2009,Customer_2009,57766.29,0.5537,2023-01-01
acc_2010,Customer_2010,77109.28,0.9013,2023-01-01
acc_2011,Customer_2011,39080.17,0.8245,2023-01-01
acc_2012,Customer_2012,86921.34,0.9551,2023-01-01
acc_2013,Customer_2013,48092.3,0.8926,2023-01-01
acc_2014,Customer_2014,82348.92,0.4696,2023-01-01
acc_2015,Customer_2015,71819.07,0.135,2023-01-01
acc_2016,Customer_2016,74473.33,0.3962,2023-01-01
acc_2017,Customer_2017,82808.2,0.345,2023-01-01
acc_2018,Customer_2018,79775.01,0.2901,2023-01-01
acc_2019,Customer_2019,49923.39,0.3972,2023-01-01
acc_2020,Customer_2020,99638.48,0.2411,2023-01-01
acc_2021,Customer_2021,84219.26,0.8079,2023-01-01
acc_2022,Customer_2022,94679.71,0.6927,2023-01-01
acc_2023,Customer_2023,49709.13,0.9417,2023-01-01
acc_2024,Customer_2024,3872.29,0.9077,2023-01-01
acc_2025,Customer_2025,74231.44,0.2025,2023-01-01
acc_2026,Customer_2026,29317.46,0.8639,2023-01-01
acc_2027,Customer_2027,10464.24,0.2703,2023-01-01
acc_2028,Customer_2028,15152.46,0.2093,2023-01-01
acc_2029,Customer_2029,13125.12,0.3471,2023-01-01
acc_2030,Customer_2030,87324.95,0.593,2023-01-01
acc_2031,Customer_2031,16002.51,0.1047,2023-01-01
acc_2032,Customer_2032,99798.61,0.2524,2023-01-01
acc_2033,Customer_2033,28732.24,0.1857,2023-01-01
acc_2034,Customer_2034,27975.05,0.9446,2023-01-01
acc_2035,Customer_2035,37172.36,0.4137,2023-01-01
acc_2036,Customer_2036,33500.15,0.5958,2023-01-01
acc_2037,Customer_2037,52509.6,0.2607,2023-01-01
acc_2038,Customer_2038,10856.35,0.5547,2023-01-01
acc_2039,Customer_2039,55783.0,0.0566,2023-01-01
acc_2040,Customer_2040,34213.8,0.4242,2023-01-01
acc_2041,Customer_2041,48442.26,0.3176,2023-01-01
acc_2042,Customer_2042,66973.99,0.8013,2023-01-01
acc_2043,Customer_2043,12020.31,0.4219,2023-01-01
acc_2044,Customer_2044,66795.05,0.5926,2023-01-01
acc_2045,Customer_2045,87254.31,0.8705,2023-01-01
acc_2046,Customer_2046,54595.0,0.8879,2023-01-01
acc_2047,Customer_2047,80673.37,0.1503,2023-01-01
acc_2048,Customer_2048,1024.53,0.3865,2023-01-01
acc_2049,Customer_2049,36568.16,0.0282,2023-01-01
acc_2050,Customer_2050,81061.41,0.5164,2023-01-01
acc_2051,Customer_2051,97600.33,0.8335,2023-01-01
acc_2052,Customer_2052,80802.02,0.399,2023-01-01
acc_2053,Customer_2053,94348.07,0.7133,2023-01-01
acc_2054,Customer_2054,10593.21,0.5538,2023-01-01
acc_2055,Customer_2055,21202.69,0.6425,2023-01-01
acc_2056,Customer_2056,40303.7,0.041,2023-01-01
acc_2057,Customer_2057,89958.83,0.9195,2023-01-01
acc_2058,Customer_2058,63708.63,0.2078,2023-01-01
acc_2059,Customer_2059,41230.09,0.6946,2023-01-01
acc_2060,Customer_2060,11674.34,0.2072,2023-01-01
acc_2061,Customer_2061,9143.24,0.934,2023-01-01
acc_2062,Customer_2062,75516.36,0.1374,2023-01-01
acc_2063,Customer_2063,23641.12,0.6573,2023-01-01
acc_2064,Customer_2064,97373.12,0.2154,2023-01-01
acc_2065,Customer_2065,84839.58,0.4352,2023-01-01
acc_2066,Customer_2066,85761.08,0.0114,2023-01-01
acc_2067,Customer_2067,52277.4,0.4187,2023-01-01
acc_2068,Customer_2068,78749.13,0.9612,2023-01-01
acc_2069,Customer_2069,10264.08,0.7532,2023-01-01
acc_2070,Customer_2070,36359.49,0.8816,2023-01-01
acc_2071,Customer_2071,86403.93,0.9974,2023-01-01
acc_2072,Customer_2072,50982.68,0.4988,2023-01-01
acc_2073,Customer_2073,21283.14,0.0512,2023-01-01
acc_2074,Customer_2074,90555.16,0.1082,2023-01-01
acc_2075,Customer_2075,43277.13,0.1015,2023-01-01
acc_2076,Customer_2076,3840.63,0.3278,2023-01-01
acc_2077,Customer_2077,11539.43,0.283,2023-01-01
acc_2078,Customer_2078,99279.98,0.2405,2023-01-01
acc_2079,Customer_2079,78809.39,0.7889,2023-01-01
acc_2080,Customer_2080,6583.62,0.3916,2023-01-01
acc_2081,Customer_2081,15003.18,0.3247,2023-01-01
acc_2082,Customer_2082,13132.07,0.1379,2023-01-01
acc_2083,Customer_2083,71468.41,0.0542,2023-01-01
acc_2084,Customer_2084,47714.59,0.5518,2023-01-01
acc_2085,Customer_2085,42489.13,0.2475,2023-01-01
acc_2086,Customer_2086,62356.18,0.0973,2023-01-01
acc_2087,Customer_2087,17550.24,0.2954,2023-01-01
acc_2088,Customer_2088,44972.87,0.2019,2023-01-01
acc_2089,Customer_2089,64968.23,0.2619,2023-01-01
acc_2090,Customer_2090,47951.34,0.8049,2023-01-01
acc_2091,Customer_2091,66941.18,0.6027,2023-01-01
acc_2092,Customer_2092,83249.3,0.404,2023-01-01
acc_2093,Customer_2093,43057.81,0.3906,2023-01-01
acc_2094,Customer_2094,13175.32,0.5966,2023-01-01
acc_2095,Customer_2095,49069.39,0.798,2023-01-01
acc_2096,Customer_2096,60895.9,0.3453,2023-01-01
acc_2097,Customer_2097,85942.07,0.2765,2023-01-01
acc_2098,Customer_2098,30627.08,0.8694,2023-01-01
acc_2099,Customer_2099,97994.02,0.2117,2023-01-01
acc_2100,Customer_2100,22551.78,0.5793,2023-01-01
acc_2101,Customer_2101,2539.09,0.8151,2023-01-01
acc_2102,Customer_2102,42701.1,0.7311,2023-01-01
acc_2103,Customer_2103,2626.67,0.7946,2023-01-01
acc_2104,Customer_2104,54885.12,0.0219,2023-01-01
acc_2105,Customer_2105,4920.05,0.407,2023-01-01
acc_2106,Customer_2106,62359.0,0.453,2023-01-01
acc_2107,Customer_2107,64409.18,0.9004,2023-01-01
acc_2108,Customer_2108,38259.77,0.4207,2023-01-01
acc_2109,Customer_2109,79534.65,0.0437,2023-01-01
acc_2110,Customer_2110,33968.56,0.0625,2023-01-01
acc_2111,Customer_2111,65398.02,0.6743,2023-01-01
acc_2112,Customer_2112,66434.47,0.6205,2023-01-01
acc_2113,Customer_2113,74626.2,0.0139,2023-01-01
acc_2114,Customer_2114,63057.32,0.6304,2023-01-01
acc_2115,Customer_2115,83443.73,0.7544,2023-01-01
acc_2116,Customer_2116,3538.37,0.5921,2023-01-01
acc_2117,Customer_2117,41246.04,0.2796,2023-01-01
acc_2118,Customer_2118,10919.23,0.1216,2023-01-01
acc_2119,Customer_2119,15633.72,0.2391,2023-01-01
acc_2120,Customer_2120,48358.93,0.6047,2023-01-01
acc_2121,Customer_2121,26065.67,0.2041,2023-01-01
acc_2122,Customer_2122,52253.04,0.488,2023-01-01
acc_2123,Customer_2123,7608.38,0.2285,2023-01-01
acc_2124,Customer_2124,39442.36,0.9342,2023-01-01
acc_2125,Customer_2125,45877.82,0.2462,2023-01-01
acc_2126,Customer_2126,87388.65,0.9982,2023-01-01
acc_2127,Customer_2127,15627.47,0.8724,2023-01-01
acc_2128,Customer_2128,49138.06,0.2563,2023-01-01
acc_2129,Customer_2129,81241.25,0.5494,2023-01-01
acc_2130,Customer_2130,55287.16,0.6973,2023-01-01
acc_2131,Customer_2131,39109.98,0.7005,2023-01-01
acc_2132,Customer_2132,74184.72,0.8088,2023-01-01
acc_2133,Customer_2133,4917.81,0.3067,2023-01-01
acc_2134,Customer_2134,58341.21,0.6662,2023-01-01
acc_2135,Customer_2135,59679.55,0.8029,2023-01-01
acc_2136,Customer_2136,33275.7,0.64,2023-01-01
acc_2137,Customer_2137,53343.13,0.8424,2023-01-01
acc_2138,Customer_2138,29957.69,0.5347,2023-01-01
acc_2139,Customer_2139,23811.42,0.9247,2023-01-01
acc_2140,Customer_2140,96298.54,0.3037,2023-01-01
acc_2141,Customer_2141,86283.54,0.4343,2023-01-01
acc_2142,Customer_2142,29270.53,0.3806,2023-01-01
acc_2143,Customer_2143,74352.22,0.9838,2023-01-01
acc_2144,Customer_2144,83053.22,0.8432,2023-01-01
acc_2145,Customer_2145,30397.91,0.1951,2023-01-01
acc_2146,Customer_2146,24326.0,0.9429,2023-01-01
acc_2147,Customer_2147,16468.18,0.2128,2023-01-01
acc_2148,Customer_2148,79386.65,0.867,2023-01-01
acc_2149,Customer_2149,24553.95,0.5228,2023-01-01
acc_2150,Customer_2150,36518.48,0.8632,2023-01-01
acc_2151,Customer_2151,58570.28,0.4765,2023-01-01
acc_2152,Customer_2152,67996.6,0.9849,2023-01-01
acc_2153,Customer_2153,63911.75,0.8081,2023-01-01
acc_2154,Customer_2154,81164.08,0.2649,2023-01-01
acc_2155,Customer_2155,39085.94,0.1989,2023-01-01
acc_2156,Customer_2156,60427.22,0.7867,2023-01-01
acc_2157,Customer_2157,41652.46,0.3331,2023-01-01
acc_2158,Customer_2158,42753.18,0.7216,2023-01-01
acc_2159,Customer_2159,4158.7,0.9245,2023-01-01
acc_2160,Customer_2160,66152.96,0.5726,2023-01-01
acc_2161,Customer_2161,1516.85,0.0862,2023-01-01
acc_2162,Customer_2162,15183.15,0.6164,2023-01-01
acc_2163,Customer_2163,55965.58,0.1642,2023-01-01
acc_2164,Customer_2164,85953.72,0.3322,2023-01-01
acc_2165,Customer_2165,14060.18,0.2919,2023-01-01
acc_2166,Customer_2166,75110.68,0.4865,2023-01-01
acc_2167,Customer_2167,63822.16,0.2694,2023-01-01
acc_2168,Customer_2168,62063.07,0.2464,2023-01-01
acc_2169,Customer_2169,1423.28,0.7171,2023-01-01
acc_2170,Customer_2170,44235.34,0.3016,2023-01-01
acc_2171,Customer_2171,52656.97,0.381,2023-01-01
acc_2172,Customer_2172,80777.01,0.9704,2023-01-01
acc_2173,Customer_2173,65249.69,0.0385,2023-01-01
acc_2174,Customer_2174,65419.41,0.0092,2023-01-01
acc_2175,Customer_2175,40006.34,0.0916,2023-01-01
acc_2176,Customer_2176,86362.38,0.0261,2023-01-01
acc_2177,Customer_2177,67824.63,0.4622,2023-01-01
acc_2178,Customer_2178,50961.78,0.2589,2023-01-01
acc_2179,Customer_2179,37764.92,0.4329,2023-01-01
acc_2180,Customer_2180,45078.15,0.4884,2023-01-01
acc_2181,Customer_2181,83508.56,0.6309,2023-01-01
acc_2182,Customer_2182,86043.66,0.5157,2023-01-01
acc_2183,Customer_2183,52406.12,0.6288,2023-01-01
acc_2184,Customer_2184,71228.38,0.7346,2023-01-01
acc_2185,Customer_2185,55956.93,0.3998,2023-01-01
acc_2186,Customer_2186,27800.3,0.7375,2023-01-01
acc_2187,Customer_2187,6031.37,0.9572,2023-01-01
acc_2188,Customer_2188,98982.87,0.8968,2023-01-01
acc_2189,Customer_2189,88733.56,0.9573,2023-01-01
acc_2190,Customer_2190,60136.15,0.8357,2023-01-01
acc_2191,Customer_2191,18630.01,0.459,2023-01-01
acc_2192,Customer_2192,2389.42,0.3544,2023-01-01
acc_2193,Customer_2193,43552.63,0.1733,2023-01-01
acc_2194,Customer_2194,71336.77,0.1764,2023-01-01
acc_2195,Customer_2195,16129.19,0.7495,2023-01-01
acc_2196,Customer_2196,91010.88,0.9252,2023-01-01
acc_2197,Customer_2197,86697.64,0.1987,2023-01-01
acc_2198,Customer_2198,60560.02,0.532,2023-01-01
acc_2199,Customer_2199,5215.0,0.23,2023-01-01
acc_2200,Customer_2200,57275.41,0.8588,2023-01-01
acc_2201,Customer_2201,75525.22,0.8122,2023-01-01
acc_2202,Customer_2202,45535.63,0.9537,2023-01-01
acc_2203,Customer_2203,61176.7,0.279,2023-01-01
acc_2204,Customer_2204,33167.89,0.3744,2023-01-01
acc_2205,Customer_2205,13159.28,0.6432,2023-01-01
acc_2206,Customer_2206,53717.99,0.8236,2023-01-01
acc_2207,Customer_2207,9828.36,0.1535,2023-01-01
acc_2208,Customer_2208,33862.09,0.2169,2023-01-01
acc_2209,Customer_2209,25188.07,0.352,2023-01-01
acc_2210,Customer_2210,35458.35,0.5076,2023-01-01
acc_2211,Customer_2211,73995.07,0.5197,2023-01-01
acc_2212,Customer_2212,89133.28,0.0632,2023-01-01
acc_2213,Customer_2213,65663.44,0.6613,2023-01-01
acc_2214,Customer_2214,93218.27,0.5757,2023-01-01
acc_2215,Customer_2215,71101.13,0.4595,2023-01-01
acc_2216,Customer_2216,7501.76,0.0997,2023-01-01
acc_2217,Customer_2217,45618.6,0.6275,2023-01-01
acc_2218,Customer_2218,38249.79,0.1846,2023-01-01
acc_2219,Customer_2219,86799.56,0.9581,2023-01-01
acc_2220,Customer_2220,34486.36,0.2784,2023-01-01
acc_2221,Customer_2221,14197.1,0.9738,2023-01-01
acc_2222,Customer_2222,56706.94,0.5461,2023-01-01
acc_2223,Customer_2223,31425.91,0.8006,2023-01-01
acc_2224,Customer_2224,18932.13,0.666,2023-01-01
acc_2225,Customer_2225,67037.41,0.9358,2023-01-01
acc_2226,Customer_2226,83350.08,0.4445,2023-01-01
acc_2227,Customer_2227,72366.45,0.507,2023-01-01
acc_2228,Customer_2228,13731.19,0.5399,2023-01-01
acc_2229,Customer_2229,71965.33,0.9273,2023-01-01
acc_2230,Customer_2230,55626.61,0.2652,2023-01-01
acc_2231,Customer_2231,51394.36,0.6951,2023-01-01
acc_2232,Customer_2232,28520.43,0.1314,2023-01-01
acc_2233,Customer_2233,19372.3,0.3005,2023-01-01
acc_2234,Customer_2234,20781.33,0.2944,2023-01-01
acc_2235,Customer_2235,4312.3,0.4363,2023-01-01
acc_2236,Customer_2236,69166.35,0.0103,2023-01-01
acc_2237,Customer_2237,16734.61,0.1033,2023-01-01
acc_2238,Customer_2238,41961.98,0.8744,2023-01-01
acc_2239,Customer_2239,26952.64,0.4016,2023-01-01
acc_2240,Customer_2240,35479.38,0.1552,2023-01-01
acc_2241,Customer_2241,9217.06,0.215,2023-01-01
acc_2242,Customer_2242,4291.38,0.3934,2023-01-01
acc_2243,Customer_2243,75999.05,0.2785,2023-01-01
acc_2244,Customer_2244,98919.33,0.5041,2023-01-01
acc_2245,Customer_2245,75661.9,0.568,2023-01-01
acc_2246,Customer_2246,56817.82,0.7816,2023-01-01
acc_2247,Customer_2247,78465.83,0.2053,2023-01-01
acc_2248,Customer_2248,16152.56,0.1842,2023-01-01
acc_2249,Customer_2249,23229.87,0.0784,2023-01-01
acc_2250,Customer_2250,23248.85,0.3974,2023-01-01
acc_2251,Customer_2251,63051.77,0.0276,2023-01-01
acc_2252,Customer_2252,61502.72,0.7101,2023-01-01
acc_2253,Customer_2253,89161.59,0.6558,2023-01-01
acc_2254,Customer_2254,56779.8,0.2981,2023-01-01
acc_2255,Customer_2255,38283.93,0.6132,2023-01-01
acc_2256,Customer_2256,80300.14,0.3487,2023-01-01
acc_2257,Customer_2257,66618.92,0.3638,2023-01-01
acc_2258,Customer_2258,61940.13,0.0443,2023-01-01
acc_2259,Customer_2259,10203.03,0.6589,2023-01-01
acc_2260,Customer_2260,85757.15,0.3103,2023-01-01
acc_2261,Customer_2261,74083.84,0.772,2023-01-01
acc_2262,Customer_2262,6899.9,0.6706,2023-01-01
acc_2263,Customer_2263,43572.63,0.2006,2023-01-01
acc_2264,Customer_2264,20519.34,0.8215,2023-01-01
acc_2265,Customer_2265,67736.29,0.4053,2023-01-01
acc_2266,Customer_2266,47330.46,0.161,2023-01-01
acc_2267,Customer_2267,98919.93,0.5249,2023-01-01
acc_2268,Customer_2268,7488.99,0.4128,2023-01-01
acc_2269,Customer_2269,87805.67,0.3201,2023-01-01
acc_2270,Customer_2270,73290.56,0.0801,2023-01-01
acc_2271,Customer_2271,76792.77,0.6123,2023-01-01
acc_2272,Customer_2272,45592.4,0.1929,2023-01-01
acc_2273,Customer_2273,48979.2,0.7954,2023-01-01
acc_2274,Customer_2274,5197.03,0.2504,2023-01-01
acc_2275,Customer_2275,29247.69,0.2944,2023-01-01
acc_2276,Customer_2276,66842.25,0.9295,2023-01-01
acc_2277,Customer_2277,59047.69,0.6561,2023-01-01
acc_2278,Customer_2278,49357.93,0.4718,2023-01-01
acc_2279,Customer_2279,72139.53,0.6841,2023-01-01
acc_2280,Customer_2280,36730.36,0.4798,2023-01-01
acc_2281,Customer_2281,7083.9,0.3082,2023-01-01
acc_2282,Customer_2282,75277.11,0.9812,2023-01-01
acc_2283,Customer_2283,46390.51,0.4425,2023-01-01
acc_2284,Customer_2284,14558.56,0.6895,2023-01-01
acc_2285,Customer_2285,88862.84,0.0644,2023-01-01
acc_2286,Customer_2286,64815.32,0.2092,2023-01-01
acc_2287,Customer_2287,13631.11,0.6652,2023-01-01
acc_2288,Customer_2288,28677.15,0.0811,2023-01-01
acc_2289,Customer_2289,72989.46,0.8727,2023-01-01
acc_2290,Customer_2290,58481.27,0.7673,2023-01-01
acc_2291,Customer_2291,69123.94,0.5379,2023-01-01
acc_2292,Customer_2292,45637.78,0.5553,2023-01-01
acc_2293,Customer_2293,27855.45,0.0052,2023-01-01
acc_2294,Customer_2294,64221.64,0.9006,2023-01-01
acc_2295,Customer_2295,35260.78,0.4372,2023-01-01
acc_2296,Customer_2296,70180.2,0.0328,2023-01-01
acc_2297,Customer_2297,24940.97,0.7704,2023-01-01
acc_2298,Customer_2298,65227.4,0.0467,2023-01-01
acc_2299,Customer_2299,37604.34,0.5969,2023-01-01
acc_2300,Customer_2300,11793.61,0.9405,2023-01-01
acc_2301,Customer_2301,17465.35,0.6059,2023-01-01
acc_2302,Customer_2302,6794.38,0.2515,2023-01-01
acc_2303,Customer_2303,14641.49,0.7621,2023-01-01
acc_2304,Customer_2304,97947.41,0.8919,2023-01-01
acc_2305,Customer_2305,21782.31,0.6407,2023-01-01
acc_2306,Customer_2306,90757.9,0.6582,2023-01-01
acc_2307,Customer_2307,6240.53,0.4491,2023-01-01
acc_2308,Customer_2308,33257.05,0.646,2023-01-01
acc_2309,Customer_2309,6265.56,0.659,2023-01-01
acc_2310,Customer_2310,4889.68,0.0562,2023-01-01
acc_2311,Customer_2311,22913.79,0.8634,2023-01-01
acc_2312,Customer_2312,76815.86,0.2641,2023-01-01
acc_2313,Customer_2313,1065.51,0.2613,2023-01-01
acc_2314,Customer_2314,93321.26,0.5557,2023-01-01
acc_2315,Customer_2315,8095.13,0.7251,2023-01-01
acc_2316,Customer_2316,62928.85,0.8475,2023-01-01
acc_2317,Customer_2317,98003.12,0.8469,2023-01-01
acc_2318,Customer_2318,67887.79,0.8774,2023-01-01
acc_2319,Customer_2319,62109.51,0.2114,2023-01-01
acc_2320,Customer_2320,51526.93,0.2989,2023-01-01
acc_2321,Customer_2321,24869.8,0.1853,2023-01-01
acc_2322,Customer_2322,6829.77,0.2853,2023-01-01
acc_2323,Customer_2323,87681.4,0.5085,2023-01-01
acc_2324,Customer_2324,53034.76,0.1109,2023-01-01
acc_2325,Customer_2325,95733.78,0.1205,2023-01-01
acc_2326,Customer_2326,96521.32,0.1864,2023-01-01
acc_2327,Customer_2327,5018.58,0.9409,2023-01-01
acc_2328,Customer_2328,3199.99,0.2719,2023-01-01
acc_2329,Customer_2329,65969.1,0.5727,2023-01-01
acc_2330,Customer_2330,73280.82,0.3154,2023-01-01
acc_2331,Customer_2331,75265.88,0.0553,2023-01-01
acc_2332,Customer_2332,3410.54,0.2334,2023-01-01
acc_2333,Customer_2333,82750.21,0.1121,2023-01-01
acc_2334,Customer_2334,73533.48,0.9425,2023-01-01
acc_2335,Customer_2335,97097.7,0.0913,2023-01-01
acc_2336,Customer_2336,25660.41,0.0576,2023-01-01
acc_2337,Customer_2337,76227.64,0.4233,2023-01-01
acc_2338,Customer_2338,26556.97,0.9017,2023-01-01
acc_2339,Customer_2339,59139.81,0.976,2023-01-01
acc_2340,Customer_2340,68122.45,0.1107,2023-01-01
acc_2341,Customer_2341,13586.32,0.118,2023-01-01
acc_2342,Customer_2342,36245.01,0.7884,2023-01-01
acc_2343,Customer_2343,91771.19,0.054,2023-01-01
acc_2344,Customer_2344,40927.02,0.9417,2023-01-01
acc_2345,Customer_2345,79934.05,0.2798,2023-01-01
acc_2346,Customer_2346,89750.76,0.1378,2023-01-01
acc_2347,Customer_2347,33611.97,0.2045,2023-01-01
acc_2348,Customer_2348,42474.82,0.5339,2023-01-01
acc_2349,Customer_2349,7388.61,0.176,2023-01-01
acc_2350,Customer_2350,61886.12,0.8401,2023-01-01
acc_2351,Customer_2351,8970.24,0.9565,2023-01-01
acc_2352,Customer_2352,50130.71,0.7748,2023-01-01
acc_2353,Customer_2353,5944.81,0.3573,2023-01-01
acc_2354,Customer_2354,46240.37,0.5647,2023-01-01
acc_2355,Customer_2355,96288.41,0.5053,2023-01-01
acc_2356,Customer_2356,91368.56,0.9678,2023-01-01
acc_2357,Customer_2357,89423.44,0.3515,2023-01-01
acc_2358,Customer_2358,86788.65,0.3131,2023-01-01
acc_2359,Customer_2359,71889.83,0.6971,2023-01-01
acc_2360,Customer_2360,60264.22,0.9001,2023-01-01
acc_2361,Customer_2361,79474.84,0.8135,2023-01-01
acc_2362,Customer_2362,42459.12,0.8859,2023-01-01
acc_2363,Customer_2363,72943.12,0.3156,2023-01-01
acc_2364,Customer_2364,42271.06,0.239,2023-01-01
acc_2365,Customer_2365,85101.93,0.3734,2023-01-01
acc_2366,Customer_2366,37580.69,0.3878,2023-01-01
acc_2367,Customer_2367,55976.29,0.2822,2023-01-01
acc_2368,Customer_2368,81979.04,0.6694,2023-01-01
acc_2369,Customer_2369,79223.87,0.0684,2023-01-01
acc_2370,Customer_2370,37729.76,0.2075,2023-01-01
acc_2371,Customer_2371,19415.26,0.337,2023-01-01
acc_2372,Customer_2372,85280.42,0.3777,2023-01-01
acc_2373,Customer_2373,6397.83,0.8477,2023-01-01
acc_2374,Customer_2374,78661.24,0.5486,2023-01-01
acc_2375,Customer_2375,4740.12,0.1528,2023-01-01
acc_2376,Customer_2376,35831.11,0.4152,2023-01-01
acc_2377,Customer_2377,30074.9,0.7675,2023-01-01
acc_2378,Customer_2378,96744.89,0.4276,2023-01-01
acc_2379,Customer_2379,17176.23,0.4516,2023-01-01
acc_2380,Customer_2380,13880.25,0.464,2023-01-01
acc_2381,Customer_2381,40981.76,0.9822,2023-01-01
acc_2382,Customer_2382,35300.84,0.1219,2023-01-01
acc_2383,Customer_2383,93099.88,0.7036,2023-01-01
acc_2384,Customer_2384,69649.27,0.3255,2023-01-01
acc_2385,Customer_2385,20428.47,0.7124,2023-01-01
acc_2386,Customer_2386,29023.26,0.6152,2023-01-01
acc_2387,Customer_2387,9473.43,0.4379,2023-01-01
acc_2388,Customer_2388,63604.1,0.5506,2023-01-01
acc_2389,Customer_2389,63909.23,0.2305,2023-01-01
acc_2390,Customer_2390,45550.59,0.0656,2023-01-01
acc_2391,Customer_2391,7696.79,0.2071,2023-01-01
acc_2392,Customer_2392,64803.92,0.7951,2023-01-01
acc_2393,Customer_2393,59873.54,0.3561,2023-01-01
acc_2394,Customer_2394,830.5,0.6948,2023-01-01
acc_2395,Customer_2395,85041.71,0.0096,2023-01-01
acc_2396,Customer_2396,61764.82,0.3446,2023-01-01
acc_2397,Customer_2397,41131.95,0.7333,2023-01-01
acc_2398,Customer_2398,43414.02,0.5496,2023-01-01
acc_2399,Customer_2399,69347.76,0.66,2023-01-01
acc_2400,Customer_2400,47630.25,0.5367,2023-01-01
acc_2401,Customer_2401,64521.17,0.0134,2023-01-01
acc_2402,Customer_2402,2414.87,0.4655,2023-01-01
acc_2403,Customer_2403,70764.76,0.951,2023-01-01
acc_2404,Customer_2404,52688.17,0.674,2023-01-01
acc_2405,Customer_2405,92101.69,0.0995,2023-01-01
acc_2406,Customer_2406,12831.14,0.4766,2023-01-01
acc_2407,Customer_2407,56763.31,0.3039,2023-01-01
acc_2408,Customer_2408,38689.28,0.8696,2023-01-01
acc_2409,Customer_2409,53176.05,0.5731,2023-01-01
acc_2410,Customer_2410,92834.81,0.5951,2023-01-01
acc_2411,Customer_2411,46258.91,0.1782,2023-01-01
acc_2412,Customer_2412,19188.09,0.5053,2023-01-01
acc_2413,Customer_2413,4626.81,0.5091,2023-01-01
acc_2414,Customer_2414,88091.99,0.3884,2023-01-01
acc_2415,Customer_2415,83866.38,0.7515,2023-01-01
acc_2416,Customer_2416,81369.59,0.338,2023-01-01
acc_2417,Customer_2417,61014.87,0.6528,2023-01-01
acc_2418,Customer_2418,10027.23,0.1702,2023-01-01
acc_2419,Customer_2419,67220.74,0.7209,2023-01-01
acc_2420,Customer_2420,4155.61,0.4853,2023-01-01
acc_2421,Customer_2421,48019.52,0.4244,2023-01-01
acc_2422,Customer_2422,76337.21,0.9707,2023-01-01
acc_2423,Customer_2423,3226.59,0.9296,2023-01-01
acc_2424,Customer_2424,73666.2,0.3823,2023-01-01
acc_2425,Customer_2425,23618.12,0.5876,2023-01-01
acc_2426,Customer_2426,53540.13,0.9486,2023-01-01
acc_2427,Customer_2427,97453.67,0.7787,2023-01-01
acc_2428,Customer_2428,87808.8,0.6919,2023-01-01
acc_2429,Customer_2429,78564.66,0.5335,2023-01-01
acc_2430,Customer_2430,70120.02,0.4369,2023-01-01
acc_2431,Customer_2431,92173.46,0.9156,2023-01-01
acc_2432,Customer_2432,99661.85,0.2563,2023-01-01
acc_2433,Customer_2433,21781.21,0.6165,2023-01-01
acc_2434,Customer_2434,37025.56,0.3967,2023-01-01
acc_2435,Customer_2435,77250.04,0.6761,2023-01-01
acc_2436,Customer_2436,85394.55,0.8083,2023-01-01
acc_2437,Customer_2437,49034.61,0.1044,2023-01-01
acc_2438,Customer_2438,42275.11,0.7894,2023-01-01
acc_2439,Customer_2439,36768.96,0.8425,2023-01-01
acc_2440,Customer_2440,39972.26,0.8179,2023-01-01
acc_2441,Customer_2441,75935.54,0.6716,2023-01-01
acc_2442,Customer_2442,806.65,0.9257,2023-01-01
acc_2443,Customer_2443,36759.16,0.0925,2023-01-01
acc_2444,Customer_2444,1367.3,0.8609,2023-01-01
acc_2445,Customer_2445,41908.01,0.5865,2023-01-01
acc_2446,Customer_2446,98470.64,0.935,2023-01-01
acc_2447,Customer_2447,63021.79,0.7315,2023-01-01
acc_2448,Customer_2448,64373.73,0.4193,2023-01-01
acc_2449,Customer_2449,11687.85,0.207,2023-01-01
acc_2450,Customer_2450,29864.96,0.2141,2023-01-01
acc_2451,Customer_2451,93177.56,0.205,2023-01-01
acc_2452,Customer_2452,23618.7,0.6959,2023-01-01
acc_2453,Customer_2453,97079.08,0.6376,2023-01-01
acc_2454,Customer_2454,29379.82,0.8152,2023-01-01
acc_2455,Customer_2455,15717.92,0.649,2023-01-01
acc_2456,Customer_2456,49461.64,0.7519,2023-01-01
acc_2457,Customer_2457,48640.68,0.6213,2023-01-01
acc_2458,Customer_2458,404.82,0.8436,2023-01-01
acc_2459,Customer_2459,72492.49,0.1975,2023-01-01
acc_2460,Customer_2460,94638.62,0.9898,2023-01-01
acc_2461,Customer_2461,62871.42,0.8359,2023-01-01
acc_2462,Customer_2462,98979.83,0.305,2023-01-01
acc_2463,Customer_2463,18578.33,0.3237,2023-01-01
acc_2464,Customer_2464,96689.49,0.2958,2023-01-01
acc_2465,Customer_2465,45148.22,0.8511,2023-01-01
acc_2466,Customer_2466,17829.72,0.4539,2023-01-01
acc_2467,Customer_2467,26479.71,0.4195,2023-01-01
acc_2468,Customer_2468,96095.64,0.4373,2023-01-01
acc_2469,Customer_2469,6261.89,0.8927,2023-01-01
acc_2470,Customer_2470,85755.64,0.343,2023-01-01
acc_2471,Customer_2471,4992.59,0.4944,2023-01-01
acc_2472,Customer_2472,64119.98,0.4388,2023-01-01
acc_2473,Customer_2473,6829.22,0.0935,2023-01-01
acc_2474,Customer_2474,74869.21,0.5348,2023-01-01
acc_2475,Customer_2475,64997.66,0.2956,2023-01-01
acc_2476,Customer_2476,43693.48,0.3413,2023-01-01
acc_2477,Customer_2477,65530.34,0.4551,2023-01-01
acc_2478,Customer_2478,11239.31,0.6788,2023-01-01
acc_2479,Customer_2479,97356.56,0.4124,2023-01-01
acc_2480,Customer_2480,3389.6,0.5417,2023-01-01
acc_2481,Customer_2481,63795.97,0.3543,2023-01-01
acc_2482,Customer_2482,89956.77,0.9507,2023-01-01
acc_2483,Customer_2483,47087.35,0.5039,2023-01-01
acc_2484,Customer_2484,42623.52,0.6845,2023-01-01
acc_2485,Customer_2485,5988.94,0.3052,2023-01-01
acc_2486,Customer_2486,80009.27,0.1947,2023-01-01
acc_2487,Customer_2487,53874.22,0.2175,2023-01-01
acc_2488,Customer_2488,11566.51,0.4049,2023-01-01
acc_2489,Customer_2489,54969.02,0.2624,2023-01-01
acc_2490,Customer_2490,34042.28,0.4515,2023-01-01
acc_2491,Customer_2491,72955.23,0.1494,2023-01-01
acc_2492,Customer_2492,58876.29,0.5978,2023-01-01
acc_2493,Customer_2493,97394.76,0.6055,2023-01-01
acc_2494,Customer_2494,40709.8,0.4822,2023-01-01
acc_2495,Customer_2495,61385.78,0.5324,2023-01-01
acc_2496,Customer_2496,67439.63,0.2937,2023-01-01
acc_2497,Customer_2497,24731.58,0.9782,2023-01-01
acc_2498,Customer_2498,94160.31,0.7394,2023-01-01
acc_2499,Customer_2499,98158.22,0.9934,2023-01-01
acc_2500,Customer_2500,27148.63,0.3455,2023-01-01
acc_2501,Customer_2501,92141.12,0.7168,2023-01-01
acc_2502,Customer_2502,14990.77,0.7883,2023-01-01
acc_2503,Customer_2503,19444.07,0.2055,2023-01-01
acc_2504,Customer_2504,61413.54,0.2086,2023-01-01
acc_2505,Customer_2505,38187.13,0.1632,2023-01-01
acc_2506,Customer_2506,68982.21,0.6152,2023-01-01
acc_2507,Customer_2507,90725.77,0.0955,2023-01-01
acc_2508,Customer_2508,98614.16,0.3077,2023-01-01
acc_2509,Customer_2509,3000.76,0.3493,2023-01-01
acc_2510,Customer_2510,94755.74,0.2902,2023-01-01
acc_2511,Customer_2511,49288.13,0.2754,2023-01-01
acc_2512,Customer_2512,67696.56,0.3716,2023-01-01
acc_2513,Customer_2513,92476.48,0.1092,2023-01-01
acc_2514,Customer_2514,62693.48,0.9875,2023-01-01
acc_2515,Customer_2515,36979.41,0.5351,2023-01-01
acc_2516,Customer_2516,77367.51,0.1456,2023-01-01
acc_2517,Customer_2517,47560.82,0.8549,2023-01-01
acc_2518,Customer_2518,88033.86,0.5268,2023-01-01
acc_2519,Customer_2519,79823.8,0.5339,2023-01-01
acc_2520,Customer_2520,68194.34,0.8103,2023-01-01
acc_2521,Customer_2521,7702.46,0.0935,2023-01-01
acc_2522,Customer_2522,4568.32,0.8981,2023-01-01
acc_2523,Customer_2523,22052.4,0.5055,2023-01-01
acc_2524,Customer_2524,35657.44,0.3896,2023-01-01
acc_2525,Customer_2525,34918.77,0.8673,2023-01-01
acc_2526,Customer_2526,10651.78,0.7413,2023-01-01
acc_2527,Customer_2527,50362.79,0.5857,2023-01-01
acc_2528,Customer_2528,47054.98,0.7742,2023-01-01
acc_2529,Customer_2529,54350.19,0.4107,2023-01-01
acc_2530,Customer_2530,41278.14,0.4252,2023-01-01
acc_2531,Customer_2531,55290.52,0.2441,2023-01-01
acc_2532,Customer_2532,97725.67,0.8602,2023-01-01
acc_2533,Customer_2533,33765.48,0.5319,2023-01-01
acc_2534,Customer_2534,64893.14,0.4933,2023-01-01
acc_2535,Customer_2535,17342.25,0.6438,2023-01-01
acc_2536,Customer_2536,66738.11,0.587,2023-01-01
acc_2537,Customer_2537,52146.48,0.4689,2023-01-01
acc_2538,Customer_2538,97802.67,0.0979,2023-01-01
acc_2539,Customer_2539,88542.65,0.0019,2023-01-01
acc_2540,Customer_2540,75887.06,0.4593,2023-01-01
acc_2541,Customer_2541,53267.98,0.0512,2023-01-01
acc_2542,Customer_2542,95528.28,0.1809,2023-01-01
acc_2543,Customer_2543,82678.77,0.9959,2023-01-01
acc_2544,Customer_2544,88710.45,0.6367,2023-01-01
acc_2545,Customer_2545,15309.17,0.5925,2023-01-01
acc_2546,Customer_2546,67634.25,0.9291,2023-01-01
acc_2547,Customer_2547,68642.95,0.1617,2023-01-01
acc_2548,Customer_2548,3896.33,0.8076,2023-01-01
acc_2549,Customer_2549,35299.55,0.3358,2023-01-01
acc_2550,Customer_2550,35033.96,0.923,2023-01-01
acc_2551,Customer_2551,83640.65,0.7909,2023-01-01
acc_2552,Customer_2552,48604.12,0.9843,2023-01-01
acc_2553,Customer_2553,57879.91,0.8884,2023-01-01
acc_2554,Customer_2554,96757.55,0.6017,2023-01-01
acc_2555,Customer_2555,59347.79,0.9631,2023-01-01
acc_2556,Customer_2556,3124.88,0.5385,2023-01-01
acc_2557,Customer_2557,11935.53,0.8188,2023-01-01
acc_2558,Customer_2558,93569.78,0.5608,2023-01-01
acc_2559,Customer_2559,29969.02,0.9012,2023-01-01
acc_2560,Customer_2560,10360.6,0.789,2023-01-01
acc_2561,Customer_2561,4254.6,0.7764,2023-01-01
acc_2562,Customer_2562,76368.55,0.791,2023-01-01
acc_2563,Customer_2563,66318.9,0.1822,2023-01-01
acc_2564,Customer_2564,82280.36,0.224,2023-01-01
acc_2565,Customer_2565,82899.18,0.6269,2023-01-01
acc_2566,Customer_2566,84251.08,0.5381,2023-01-01
acc_2567,Customer_2567,1455.74,0.9231,2023-01-01
acc_2568,Customer_2568,56775.46,0.4463,2023-01-01
acc_2569,Customer_2569,45775.58,0.566,2023-01-01
acc_2570,Customer_2570,78217.7,0.3163,2023-01-01
acc_2571,Customer_2571,42917.08,0.1905,2023-01-01
acc_2572,Customer_2572,48073.88,0.7769,2023-01-01
acc_2573,Customer_2573,4360.45,0.8476,2023-01-01
acc_2574,Customer_2574,16033.32,0.1634,2023-01-01
acc_2575,Customer_2575,21262.42,0.7407,2023-01-01
acc_2576,Customer_2576,68679.6,0.8478,2023-01-01
acc_2577,Customer_2577,18982.31,0.9042,2023-01-01
acc_2578,Customer_2578,16206.95,0.1606,2023-01-01
acc_2579,Customer_2579,42148.63,0.3354,2023-01-01
acc_2580,Customer_2580,76008.82,0.6756,2023-01-01
acc_2581,Customer_2581,6059.3,0.1098,2023-01-01
acc_2582,Customer_2582,52561.23,0.1041,2023-01-01
acc_2583,Customer_2583,56235.19,0.7187,2023-01-01
acc_2584,Customer_2584,61912.93,0.0094,2023-01-01
acc_2585,Customer_2585,93608.46,0.2544,2023-01-01
acc_2586,Customer_2586,45838.75,0.5247,2023-01-01
acc_2587,Customer_2587,97739.79,0.3092,2023-01-01
acc_2588,Customer_2588,65798.4,0.8384,2023-01-01
acc_2589,Customer_2589,56500.68,0.2229,2023-01-01
acc_2590,Customer_2590,27881.94,0.1308,2023-01-01
acc_2591,Customer_2591,73228.41,0.4953,2023-01-01
acc_2592,Customer_2592,33000.49,0.9182,2023-01-01
acc_2593,Customer_2593,20052.97,0.1268,2023-01-01
acc_2594,Customer_2594,62093.84,0.3937,2023-01-01
acc_2595,Customer_2595,37978.24,0.5892,2023-01-01
acc_2596,Customer_2596,60953.12,0.0192,2023-01-01
acc_2597,Customer_2597,9930.42,0.0476,2023-01-01
acc_2598,Customer_2598,3486.66,0.2113,2023-01-01
acc_2599,Customer_2599,91045.5,0.0766,2023-01-01
acc_2600,Customer_2600,19410.43,0.5767,2023-01-01
acc_2601,Customer_2601,37924.17,0.6658,2023-01-01
acc_2602,Customer_2602,20782.42,0.6893,2023-01-01
acc_2603,Customer_2603,7570.88,0.3534,2023-01-01
acc_2604,Customer_2604,42785.9,0.6142,2023-01-01
acc_2605,Customer_2605,1853.73,0.0321,2023-01-01
acc_2606,Customer_2606,11599.34,0.6016,2023-01-01
acc_2607,Customer_2607,44023.0,0.6932,2023-01-01
acc_2608,Customer_2608,44813.46,0.0075,2023-01-01
acc_2609,Customer_2609,24650.91,0.932,2023-01-01
acc_2610,Customer_2610,83285.12,0.7515,2023-01-01
acc_2611,Customer_2611,31695.07,0.7215,2023-01-01
acc_2612,Customer_2612,27730.58,0.0331,2023-01-01
acc_2613,Customer_2613,39159.17,0.6928,2023-01-01
acc_2614,Customer_2614,24437.51,0.9884,2023-01-01
acc_2615,Customer_2615,31656.14,0.6247,2023-01-01
acc_2616,Customer_2616,10618.57,0.0885,2023-01-01
acc_2617,Customer_2617,80131.22,0.5979,2023-01-01
acc_2618,Customer_2618,10709.26,0.3916,2023-01-01
acc_2619,Customer_2619,62847.63,0.804,2023-01-01
acc_2620,Customer_2620,43893.06,0.4585,2023-01-01
acc_2621,Customer_2621,87600.8,0.5879,2023-01-01
acc_2622,Customer_2622,77170.06,0.5485,2023-01-01
acc_2623,Customer_2623,69260.41,0.8069,2023-01-01
acc_2624,Customer_2624,83391.5,0.1842,2023-01-01
acc_2625,Customer_2625,70496.45,0.7137,2023-01-01
acc_2626,Customer_2626,43373.1,0.3037,2023-01-01
acc_2627,Customer_2627,20762.95,0.9413,2023-01-01
acc_2628,Customer_2628,68605.04,0.9228,2023-01-01
acc_2629,Customer_2629,63957.53,0.3097,2023-01-01
acc_2630,Customer_2630,78246.34,0.8657,2023-01-01
acc_2631,Customer_2631,81595.98,0.5441,2023-01-01
acc_2632,Customer_2632,49973.31,0.8195,2023-01-01
acc_2633,Customer_2633,70687.86,0.0837,2023-01-01
acc_2634,Customer_2634,75940.16,0.8179,2023-01-01
acc_2635,Customer_2635,50556.94,0.2221,2023-01-01
acc_2636,Customer_2636,45324.19,0.497,2023-01-01
acc_2637,Customer_2637,82559.25,0.4956,2023-01-01
acc_2638,Customer_2638,86482.49,0.4243,2023-01-01
acc_2639,Customer_2639,17843.1,0.4099,2023-01-01
acc_2640,Customer_2640,79951.99,0.6096,2023-01-01
acc_2641,Customer_2641,91328.59,0.7093,2023-01-01
acc_2642,Customer_2642,69693.27,0.9234,2023-01-01
acc_2643,Customer_2643,71918.0,0.5445,2023-01-01
acc_2644,Customer_2644,86699.08,0.9206,2023-01-01
acc_2645,Customer_2645,92659.32,0.2263,2023-01-01
acc_2646,Customer_2646,50018.12,0.6386,2023-01-01
acc_2647,Customer_2647,5082.15,0.4135,2023-01-01
acc_2648,Customer_2648,60510.12,0.8408,2023-01-01
acc_2649,Customer_2649,4297.98,0.3212,2023-01-01
acc_2650,Customer_2650,31598.51,0.1632,2023-01-01
acc_2651,Customer_2651,32588.67,0.9914,2023-01-01
acc_2652,Customer_2652,49114.84,0.0731,2023-01-01
acc_2653,Customer_2653,78591.2,0.9859,2023-01-01
acc_2654,Customer_2654,92163.74,0.61,2023-01-01
acc_2655,Customer_2655,40303.78,0.8211,2023-01-01
acc_2656,Customer_2656,57363.29,0.1784,2023-01-01
acc_2657,Customer_2657,66470.92,0.4754,2023-01-01
acc_2658,Customer_2658,69905.99,0.206,2023-01-01
acc_2659,Customer_2659,29083.43,0.3046,2023-01-01
acc_2660,Customer_2660,29104.97,0.7035,2023-01-01
acc_2661,Customer_2661,35164.74,0.6654,2023-01-01
acc_2662,Customer_2662,1627.81,0.025,2023-01-01
acc_2663,Customer_2663,46880.41,0.9167,2023-01-01
acc_2664,Customer_2664,4797.47,0.0857,2023-01-01
acc_2665,Customer_2665,99983.15,0.311,2023-01-01
acc_2666,Customer_2666,7487.19,0.0625,2023-01-01
acc_2667,Customer_2667,8102.05,0.2239,2023-01-01
acc_2668,Customer_2668,58847.2,0.0345,2023-01-01
acc_2669,Customer_2669,84030.17,0.9416,2023-01-01
acc_2670,Customer_2670,33432.11,0.83,2023-01-01
acc_2671,Customer_2671,60875.92,0.0239,2023-01-01
acc_2672,Customer_2672,82878.49,0.9751,2023-01-01
acc_2673,Customer_2673,73373.06,0.7283,2023-01-01
acc_2674,Customer_2674,40475.43,0.8553,2023-01-01
acc_2675,Customer_2675,2690.86,0.3559,2023-01-01
acc_2676,Customer_2676,82898.86,0.1707,2023-01-01
acc_2677,Customer_2677,19105.53,0.0527,2023-01-01
acc_2678,Customer_2678,3017.26,0.8869,2023-01-01
acc_2679,Customer_2679,77057.59,0.5439,2023-01-01
acc_2680,Customer_2680,84492.73,0.1517,2023-01-01
acc_2681,Customer_2681,98511.25,0.7221,2023-01-01
acc_2682,Customer_2682,81890.12,0.2577,2023-01-01
acc_2683,Customer_2683,2014.36,0.6123,2023-01-01
acc_2684,Customer_2684,75015.9,0.928,2023-01-01
acc_2685,Customer_2685,14989.8,0.2241,2023-01-01
acc_2686,Customer_2686,61347.16,0.8149,2023-01-01
acc_2687,Customer_2687,29768.75,0.3913,2023-01-01
acc_2688,Customer_2688,69694.4,0.078,2023-01-01
acc_2689,Customer_2689,47708.07,0.268,2023-01-01
acc_2690,Customer_2690,3452.16,0.3658,2023-01-01
acc_2691,Customer_2691,29849.0,0.8946,2023-01-01
acc_2692,Customer_2692,56575.13,0.2334,2023-01-01
acc_2693,Customer_2693,30775.1,0.5246,2023-01-01
acc_2694,Customer_2694,98859.34,0.2739,2023-01-01
acc_2695,Customer_2695,37845.54,0.112,2023-01-01
acc_2696,Customer_2696,7791.26,0.1971,2023-01-01
acc_2697,Customer_2697,64977.71,0.6847,2023-01-01
acc_2698,Customer_2698,82343.53,0.8267,2023-01-01
acc_2699,Customer_2699,27491.33,0.3715,2023-01-01
acc_2700,Customer_2700,94525.89,0.5242,2023-01-01
acc_2701,Customer_2701,64644.96,0.7021,2023-01-01
acc_2702,Customer_2702,92291.74,0.4101,2023-01-01
acc_2703,Customer_2703,77534.77,0.4446,2023-01-01
acc_2704,Customer_2704,34272.01,0.737,2023-01-01
acc_2705,Customer_2705,61437.47,0.3099,2023-01-01
acc_2706,Customer_2706,58809.1,0.1053,2023-01-01
acc_2707,Customer_2707,91517.06,0.0316,2023-01-01
acc_2708,Customer_2708,7223.01,0.696,2023-01-01
acc_2709,Customer_2709,78521.12,0.9338,2023-01-01
acc_2710,Customer_2710,42328.72,0.9409,2023-01-01
acc_2711,Customer_2711,50295.09,0.0911,2023-01-01
acc_2712,Customer_2712,29627.27,0.4955,2023-01-01
acc_2713,Customer_2713,88132.24,0.0597,2023-01-01
acc_2714,Customer_2714,54268.59,0.5499,2023-01-01
acc_2715,Customer_2715,86585.48,0.371,2023-01-01
acc_2716,Customer_2716,47453.63,0.6646,2023-01-01
acc_2717,Customer_2717,22728.24,0.636,2023-01-01
acc_2718,Customer_2718,45003.1,0.2404,2023-01-01
acc_2719,Customer_2719,25073.66,0.5928,2023-01-01
acc_2720,Customer_2720,67833.6,0.2835,2023-01-01
acc_2721,Customer_2721,38669.54,0.9659,2023-01-01
acc_2722,Customer_2722,34620.3,0.5915,2023-01-01
acc_2723,Customer_2723,45750.14,0.4148,2023-01-01
acc_2724,Customer_2724,23180.64,0.3737,2023-01-01
acc_2725,Customer_2725,82996.93,0.454,2023-01-01
acc_2726,Customer_2726,99659.46,0.9536,2023-01-01
acc_2727,Customer_2727,26026.26,0.1299,2023-01-01
acc_2728,Customer_2728,70664.44,0.0361,2023-01-01
acc_2729,Customer_2729,19620.99,0.2924,2023-01-01
acc_2730,Customer_2730,23859.1,0.4588,2023-01-01
acc_2731,Customer_2731,95241.56,0.4871,2023-01-01
acc_2732,Customer_2732,32164.74,0.1802,2023-01-01
acc_2733,Customer_2733,50379.47,0.0034,2023-01-01
acc_2734,Customer_2734,22166.41,0.5381,2023-01-01
acc_2735,Customer_2735,86596.6,0.373,2023-01-01
acc_2736,Customer_2736,33336.63,0.31,2023-01-01
acc_2737,Customer_2737,86374.88,0.514,2023-01-01
acc_2738,Customer_2738,89904.68,0.6741,2023-01-01
acc_2739,Customer_2739,25736.44,0.3874,2023-01-01
acc_2740,Customer_2740,8516.11,0.0576,2023-01-01
acc_2741,Customer_2741,92934.54,0.5857,2023-01-01
acc_2742,Customer_2742,82175.23,0.2278,2023-01-01
acc_2743,Customer_2743,56082.57,0.5393,2023-01-01
acc_2744,Customer_2744,12838.65,0.813,2023-01-01
acc_2745,Customer_2745,94047.14,0.9216,2023-01-01
acc_2746,Customer_2746,17323.52,0.5841,2023-01-01
acc_2747,Customer_2747,93979.27,0.9904,2023-01-01
acc_2748,Customer_2748,49736.07,0.886,2023-01-01
acc_2749,Customer_2749,86182.85,0.8784,2023-01-01
acc_2750,Customer_2750,67896.59,0.9374,2023-01-01
acc_2751,Customer_2751,68118.86,0.1198,2023-01-01
acc_2752,Customer_2752,21091.64,0.2206,2023-01-01
acc_2753,Customer_2753,15580.17,0.5159,2023-01-01
acc_2754,Customer_2754,30675.56,0.295,2023-01-01
acc_2755,Customer_2755,34384.3,0.135,2023-01-01
acc_2756,Customer_2756,47875.07,0.8883,2023-01-01
acc_2757,Customer_2757,51252.91,0.7628,2023-01-01
acc_2758,Customer_2758,38977.87,0.9913,2023-01-01
acc_2759,Customer_2759,34886.28,0.3069,2023-01-01
acc_2760,Customer_2760,67883.0,0.6995,2023-01-01
acc_2761,Customer_2761,37741.26,0.4089,2023-01-01
acc_2762,Customer_2762,21177.22,0.6151,2023-01-01
acc_2763,Customer_2763,25627.12,0.5221,2023-01-01
acc_2764,Customer_2764,5116.35,0.4816,2023-01-01
acc_2765,Customer_2765,86513.33,0.4125,2023-01-01
acc_2766,Customer_2766,59778.92,0.1742,2023-01-01
acc_2767,Customer_2767,1626.62,0.252,2023-01-01
acc_2768,Customer_2768,17677.79,0.8181,2023-01-01
acc_2769,Customer_2769,27349.3,0.9663,2023-01-01
acc_2770,Customer_2770,70875.34,0.8473,2023-01-01
acc_2771,Customer_2771,10350.98,0.4069,2023-01-01
acc_2772,Customer_2772,33138.59,0.2056,2023-01-01
acc_2773,Customer_2773,92126.08,0.7834,2023-01-01
acc_2774,Customer_2774,16504.27,0.6026,2023-01-01
acc_2775,Customer_2775,82357.02,0.3847,2023-01-01
acc_2776,Customer_2776,82408.48,0.5349,2023-01-01
acc_2777,Customer_2777,73718.0,0.8127,2023-01-01
acc_2778,Customer_2778,9843.34,0.778,2023-01-01
acc_2779,Customer_2779,45317.03,0.8444,2023-01-01
acc_2780,Customer_2780,13741.05,0.3037,2023-01-01
acc_2781,Customer_2781,53518.7,0.6531,2023-01-01
acc_2782,Customer_2782,34161.29,0.6793,2023-01-01
acc_2783,Customer_2783,93140.32,0.3354,2023-01-01
acc_2784,Customer_2784,6854.55,0.3633,2023-01-01
acc_2785,Customer_2785,1552.3,0.1472,2023-01-01
acc_2786,Customer_2786,66489.84,0.2765,2023-01-01
acc_2787,Customer_2787,12796.12,0.9121,2023-01-01
acc_2788,Customer_2788,16270.55,0.3412,2023-01-01
acc_2789,Customer_2789,50179.2,0.8627,2023-01-01
acc_2790,Customer_2790,75554.87,0.59,2023-01-01
acc_2791,Customer_2791,97869.11,0.5145,2023-01-01
acc_2792,Customer_2792,19571.74,0.4887,2023-01-01
acc_2793,Customer_2793,37354.58,0.3947,2023-01-01
acc_2794,Customer_2794,49608.99,0.8214,2023-01-01
acc_2795,Customer_2795,54677.85,0.7027,2023-01-01
acc_2796,Customer_2796,93955.12,0.1209,2023-01-01
acc_2797,Customer_2797,72804.99,0.7913,2023-01-01
acc_2798,Customer_2798,62149.12,0.7324,2023-01-01
acc_2799,Customer_2799,31676.04,0.0976,2023-01-01
acc_2800,Customer_2800,15140.42,0.8348,2023-01-01
acc_2801,Customer_2801,49549.49,0.1799,2023-01-01
acc_2802,Customer_2802,46024.39,0.5263,2023-01-01
acc_2803,Customer_2803,48123.26,0.026,2023-01-01
acc_2804,Customer_2804,18757.85,0.6003,2023-01-01
acc_2805,Customer_2805,34117.97,0.7765,2023-01-01
acc_2806,Customer_2806,31035.47,0.7885,2023-01-01
acc_2807,Customer_2807,56538.28,0.3231,2023-01-01
acc_2808,Customer_2808,30323.89,0.405,2023-01-01
acc_2809,Customer_2809,7479.42,0.7804,2023-01-01
acc_2810,Customer_2810,91836.73,0.6399,2023-01-01
acc_2811,Customer_2811,58946.02,0.7854,2023-01-01
acc_2812,Customer_2812,9507.44,0.7468,2023-01-01
acc_2813,Customer_2813,68655.32,0.1533,2023-01-01
acc_2814,Customer_2814,56577.54,0.8028,2023-01-01
acc_2815,Customer_2815,24279.54,0.0791,2023-01-01
acc_2816,Customer_2816,10406.55,0.3072,2023-01-01
acc_2817,Customer_2817,38468.29,0.8342,2023-01-01
acc_2818,Customer_2818,47774.27,0.7637,2023-01-01
acc_2819,Customer_2819,23651.95,0.6992,2023-01-01
acc_2820,Customer_2820,97607.67,0.4137,2023-01-01
acc_2821,Customer_2821,86222.93,0.0562,2023-01-01
acc_2822,Customer_2822,7877.81,0.0391,2023-01-01
acc_2823,Customer_2823,86002.94,0.832,2023-01-01
acc_2824,Customer_2824,74590.04,0.8807,2023-01-01
acc_2825,Customer_2825,30290.76,0.7735,2023-01-01
acc_2826,Customer_2826,88339.78,0.6008,2023-01-01
acc_2827,Customer_2827,79907.11,0.834,2023-01-01
acc_2828,Customer_2828,65532.2,0.7994,2023-01-01
acc_2829,Customer_2829,89525.25,0.2148,2023-01-01
acc_2830,Customer_2830,20778.92,0.6165,2023-01-01
acc_2831,Customer_2831,88149.85,0.8169,2023-01-01
acc_2832,Customer_2832,81704.41,0.1554,2023-01-01
acc_2833,Customer_2833,26471.71,0.9358,2023-01-01
acc_2834,Customer_2834,72501.2,0.724,2023-01-01
acc_2835,Customer_2835,84422.12,0.6791,2023-01-01
acc_2836,Customer_2836,29375.77,0.8827,2023-01-01
acc_2837,Customer_2837,33169.93,0.9462,2023-01-01
acc_2838,Customer_2838,64784.76,0.1948,2023-01-01
acc_2839,Customer_2839,85567.2,0.7948,2023-01-01
acc_2840,Customer_2840,88276.39,0.6469,2023-01-01
acc_2841,Customer_2841,14575.05,0.0735,2023-01-01
acc_2842,Customer_2842,13281.17,0.5289,2023-01-01
acc_2843,Customer_2843,48394.06,0.585,2023-01-01
acc_2844,Customer_2844,44577.32,0.7155,2023-01-01
acc_2845,Customer_2845,53968.36,0.6503,2023-01-01
acc_2846,Customer_2846,85593.64,0.0856,2023-01-01
acc_2847,Customer_2847,84959.95,0.2378,2023-01-01
acc_2848,Customer_2848,96989.32,0.4574,2023-01-01
acc_2849,Customer_2849,41726.04,0.9736,2023-01-01
acc_2850,Customer_2850,55699.58,0.044,2023-01-01
acc_2851,Customer_2851,89256.46,0.275,2023-01-01
acc_2852,Customer_2852,40201.54,0.1445,2023-01-01
acc_2853,Customer_2853,99490.78,0.6418,2023-01-01
acc_2854,Customer_2854,90443.21,0.6198,2023-01-01
acc_2855,Customer_2855,86342.03,0.8734,2023-01-01
acc_2856,Customer_2856,95761.02,0.76,2023-01-01
acc_2857,Customer_2857,95279.82,0.6667,2023-01-01
acc_2858,Customer_2858,74056.07,0.9257,2023-01-01
acc_2859,Customer_2859,94265.61,0.9785,2023-01-01
acc_2860,Customer_2860,504.68,0.5848,2023-01-01
acc_2861,Customer_2861,96044.05,0.6491,2023-01-01
acc_2862,Customer_2862,19282.36,0.1539,2023-01-01
acc_2863,Customer_2863,33687.94,0.5277,2023-01-01
acc_2864,Customer_2864,40893.01,0.3692,2023-01-01
acc_2865,Customer_2865,8900.92,0.6439,2023-01-01
acc_2866,Customer_2866,38881.19,0.5109,2023-01-01
acc_2867,Customer_2867,5302.56,0.9951,2023-01-01
acc_2868,Customer_2868,29472.31,0.7109,2023-01-01
acc_2869,Customer_2869,80214.87,0.1698,2023-01-01
acc_2870,Customer_2870,37395.56,0.3527,2023-01-01
acc_2871,Customer_2871,17240.08,0.6566,2023-01-01
acc_2872,Customer_2872,75457.63,0.6504,2023-01-01
acc_2873,Customer_2873,73695.53,0.0935,2023-01-01
acc_2874,Customer_2874,41575.96,0.4979,2023-01-01
acc_2875,Customer_2875,96843.75,0.4538,2023-01-01
acc_2876,Customer_2876,53969.78,0.525,2023-01-01
acc_2877,Customer_2877,17916.32,0.0,2023-01-01
acc_2878,Customer_2878,89120.92,0.9314,2023-01-01
acc_2879,Customer_2879,1842.11,0.1537,2023-01-01
acc_2880,Customer_2880,88079.79,0.5707,2023-01-01
acc_2881,Customer_2881,8655.59,0.5225,2023-01-01
acc_2882,Customer_2882,80392.91,0.2599,2023-01-01
acc_2883,Customer_2883,42611.97,0.7377,2023-01-01
acc_2884,Customer_2884,39305.15,0.0042,2023-01-01
acc_2885,Customer_2885,28555.41,0.5524,2023-01-01
acc_2886,Customer_2886,68825.02,0.4155,2023-01-01
acc_2887,Customer_2887,31823.14,0.7047,2023-01-01
acc_2888,Customer_2888,97524.88,0.8668,2023-01-01
acc_2889,Customer_2889,49403.29,0.1277,2023-01-01
acc_2890,Customer_2890,66091.02,0.2101,2023-01-01
acc_2891,Customer_2891,22779.51,0.628,2023-01-01
acc_2892,Customer_2892,22396.37,0.7122,2023-01-01
acc_2893,Customer_2893,50474.19,0.4332,2023-01-01
acc_2894,Customer_2894,80390.2,0.4624,2023-01-01
acc_2895,Customer_2895,72114.18,0.6195,2023-01-01
acc_2896,Customer_2896,74456.51,0.8922,2023-01-01
acc_2897,Customer_2897,21452.98,0.6779,2023-01-01
acc_2898,Customer_2898,544.82,0.216,2023-01-01
acc_2899,Customer_2899,74154.69,0.3075,2023-01-01
acc_2900,Customer_2900,21813.99,0.5574,2023-01-01
acc_2901,Customer_2901,88769.67,0.5408,2023-01-01
acc_2902,Customer_2902,21390.84,0.2932,2023-01-01
acc_2903,Customer_2903,13052.63,0.3309,2023-01-01
acc_2904,Customer_2904,5126.09,0.654,2023-01-01
acc_2905,Customer_2905,53136.4,0.1111,2023-01-01
acc_2906,Customer_2906,4784.98,0.1469,2023-01-01
acc_2907,Customer_2907,86091.9,0.9629,2023-01-01
acc_2908,Customer_2908,30576.73,0.4411,2023-01-01
acc_2909,Customer_2909,19146.62,0.7269,2023-01-01
acc_2910,Customer_2910,50966.86,0.0123,2023-01-01
acc_2911,Customer_2911,23404.4,0.008,2023-01-01
acc_2912,Customer_2912,43816.27,0.8712,2023-01-01
acc_2913,Customer_2913,88079.05,0.6028,2023-01-01
acc_2914,Customer_2914,95961.55,0.9114,2023-01-01
acc_2915,Customer_2915,51102.07,0.3933,2023-01-01
acc_2916,Customer_2916,31609.37,0.1669,2023-01-01
acc_2917,Customer_2917,55121.89,0.4738,2023-01-01
acc_2918,Customer_2918,1107.73,0.0338,2023-01-01
acc_2919,Customer_2919,21803.93,0.2598,2023-01-01
acc_2920,Customer_2920,45048.18,0.9023,2023-01-01
acc_2921,Customer_2921,92368.81,0.2698,2023-01-01
acc_2922,Customer_2922,67886.43,0.5561,2023-01-01
acc_2923,Customer_2923,90029.99,0.3025,2023-01-01
acc_2924,Customer_2924,44470.18,0.5949,2023-01-01
acc_2925,Customer_2925,42006.39,0.4181,2023-01-01
acc_2926,Customer_2926,20139.31,0.7417,2023-01-01
acc_2927,Customer_2927,81388.89,0.6513,2023-01-01
acc_2928,Customer_2928,56323.22,0.8804,2023-01-01
acc_2929,Customer_2929,86025.66,0.0198,2023-01-01
acc_2930,Customer_2930,67944.89,0.0206,2023-01-01
acc_2931,Customer_2931,40768.9,0.2009,2023-01-01
acc_2932,Customer_2932,20578.67,0.4357,2023-01-01
acc_2933,Customer_2933,4672.35,0.7246,2023-01-01
acc_2934,Customer_2934,49191.12,0.8727,2023-01-01
acc_2935,Customer_2935,27394.28,0.9674,2023-01-01
acc_2936,Customer_2936,96302.27,0.3829,2023-01-01
acc_2937,Customer_2937,15516.01,0.1251,2023-01-01
acc_2938,Customer_2938,6975.0,0.0422,2023-01-01
acc_2939,Customer_2939,86852.88,0.3641,2023-01-01
acc_2940,Customer_2940,46799.65,0.436,2023-01-01
acc_2941,Customer_2941,80211.85,0.4011,2023-01-01
acc_2942,Customer_2942,35770.81,0.6786,2023-01-01
acc_2943,Customer_2943,38435.46,0.6577,2023-01-01
acc_2944,Customer_2944,45865.83,0.5682,2023-01-01
acc_2945,Customer_2945,40316.67,0.2533,2023-01-01
acc_2946,Customer_2946,94356.56,0.5887,2023-01-01
acc_2947,Customer_2947,63645.47,0.2866,2023-01-01
acc_2948,Customer_2948,63637.0,0.5527,2023-01-01
acc_2949,Customer_2949,58179.11,0.5391,2023-01-01
acc_2950,Customer_2950,25823.27,0.6545,2023-01-01
acc_2951,Customer_2951,8165.37,0.311,2023-01-01
acc_2952,Customer_2952,30430.9,0.4344,2023-01-01
acc_2953,Customer_2953,373.4,0.2047,2023-01-01
acc_2954,Customer_2954,85413.88,0.792,2023-01-01
acc_2955,Customer_2955,1425.98,0.6067,2023-01-01
acc_2956,Customer_2956,51555.31,0.0974,2023-01-01
acc_2957,Customer_2957,74197.46,0.3622,2023-01-01
acc_2958,Customer_2958,38283.24,0.3658,2023-01-01
acc_2959,Customer_2959,60870.22,0.8337,2023-01-01
acc_2960,Customer_2960,84259.18,0.3126,2023-01-01
acc_2961,Customer_2961,89767.13,0.0586,2023-01-01
acc_2962,Customer_2962,62333.63,0.7005,2023-01-01
acc_2963,Customer_2963,95579.34,0.4172,2023-01-01
acc_2964,Customer_2964,41520.62,0.6277,2023-01-01
acc_2965,Customer_2965,34082.7,0.9687,2023-01-01
acc_2966,Customer_2966,34848.15,0.1469,2023-01-01
acc_2967,Customer_2967,34016.37,0.2546,2023-01-01
acc_2968,Customer_2968,99851.81,0.8883,2023-01-01
acc_2969,Customer_2969,73429.52,0.2742,2023-01-01
acc_2970,Customer_2970,28239.93,0.1519,2023-01-01
acc_2971,Customer_2971,58517.82,0.2207,2023-01-01
acc_2972,Customer_2972,10545.43,0.901,2023-01-01
acc_2973,Customer_2973,26982.96,0.626,2023-01-01
acc_2974,Customer_2974,13025.28,0.2846,2023-01-01
acc_2975,Customer_2975,13929.43,0.2761,2023-01-01
acc_2976,Customer_2976,1039.39,0.3618,2023-01-01
acc_2977,Customer_2977,93892.09,0.6259,2023-01-01
acc_2978,Customer_2978,94923.23,0.4513,2023-01-01
acc_2979,Customer_2979,6046.64,0.1536,2023-01-01
acc_2980,Customer_2980,48772.27,0.2279,2023-01-01
acc_2981,Customer_2981,9255.98,0.2626,2023-01-01
acc_2982,Customer_2982,46874.72,0.4206,2023-01-01
acc_2983,Customer_2983,74974.56,0.9406,2023-01-01
acc_2984,Customer_2984,54368.08,0.091,2023-01-01
acc_2985,Customer_2985,11828.66,0.4033,2023-01-01
acc_2986,Customer_2986,8679.63,0.5433,2023-01-01
acc_2987,Customer_2987,70979.79,0.2897,2023-01-01
acc_2988,Customer_2988,52228.28,0.9791,2023-01-01
acc_2989,Customer_2989,16730.63,0.9294,2023-01-01
acc_2990,Customer_2990,41536.28,0.8803,2023-01-01
acc_2991,Customer_2991,37452.51,0.9182,2023-01-01
acc_2992,Customer_2992,88137.09,0.8307,2023-01-01
acc_2993,Customer_2993,33000.15,0.2593,2023-01-01
acc_2994,Customer_2994,9927.3,0.7795,2023-01-01
acc_2995,Customer_2995,40093.39,0.4649,2023-01-01
acc_2996,Customer_2996,9623.97,0.0693,2023-01-01
acc_2997,Customer_2997,84175.42,0.5587,2023-01-01
acc_2998,Customer_2998,16609.68,0.1894,2023-01-01
acc_2999,Customer_2999,36080.6,0.2658,2023-01-01
acc_3000,Customer_3000,13734.35,0.0076,2023-01-01
acc_3001,Customer_3001,95522.35,0.4443,2023-01-01
acc_3002,Customer_3002,66162.82,0.5656,2023-01-01
acc_3003,Customer_3003,70199.77,0.8907,2023-01-01
acc_3004,Customer_3004,32970.3,0.6571,2023-01-01
acc_3005,Customer_3005,1583.78,0.2967,2023-01-01
acc_3006,Customer_3006,2712.27,0.4435,2023-01-01
acc_3007,Customer_3007,85711.44,0.8932,2023-01-01
acc_3008,Customer_3008,67122.33,0.8459,2023-01-01
acc_3009,Customer_3009,47335.28,0.0823,2023-01-01
acc_3010,Customer_3010,46550.35,0.7182,2023-01-01
acc_3011,Customer_3011,22598.06,0.1279,2023-01-01
acc_3012,Customer_3012,98470.92,0.4464,2023-01-01
acc_3013,Customer_3013,64867.84,0.9923,2023-01-01
acc_3014,Customer_3014,69849.86,0.4141,2023-01-01
acc_3015,Customer_3015,54069.95,0.4964,2023-01-01
acc_3016,Customer_3016,45164.01,0.5677,2023-01-01
acc_3017,Customer_3017,30980.39,0.1148,2023-01-01
acc_3018,Customer_3018,96295.65,0.9038,2023-01-01
acc_3019,Customer_3019,68799.67,0.4412,2023-01-01
acc_3020,Customer_3020,89045.37,0.4653,2023-01-01
acc_3021,Customer_3021,64321.6,0.9253,2023-01-01
acc_3022,Customer_3022,17908.62,0.7657,2023-01-01
acc_3023,Customer_3023,93391.76,0.4112,2023-01-01
acc_3024,Customer_3024,56149.59,0.331,2023-01-01
acc_3025,Customer_3025,93115.89,0.3355,2023-01-01
acc_3026,Customer_3026,24404.53,0.392,2023-01-01
acc_3027,Customer_3027,9773.55,0.1593,2023-01-01
acc_3028,Customer_3028,9779.5,0.7115,2023-01-01
acc_3029,Customer_3029,33275.11,0.0374,2023-01-01
acc_3030,Customer_3030,69120.86,0.299,2023-01-01
acc_3031,Customer_3031,81074.66,0.9179,2023-01-01
acc_3032,Customer_3032,58571.29,0.9321,2023-01-01
acc_3033,Customer_3033,92317.21,0.3927,2023-01-01
acc_3034,Customer_3034,71301.76,0.0199,2023-01-01
acc_3035,Customer_3035,63305.93,0.9685,2023-01-01
acc_3036,Customer_3036,56999.56,0.297,2023-01-01
acc_3037,Customer_3037,54016.53,0.3819,2023-01-01
acc_3038,Customer_3038,29608.48,0.449,2023-01-01
acc_3039,Customer_3039,22617.39,0.4739,2023-01-01
acc_3040,Customer_3040,23924.56,0.018,2023-01-01
acc_3041,Customer_3041,2319.8,0.4237,2023-01-01
acc_3042,Customer_3042,29920.81,0.0392,2023-01-01
acc_3043,Customer_3043,81674.05,0.0981,2023-01-01
acc_3044,Customer_3044,30888.68,0.8224,2023-01-01
acc_3045,Customer_3045,73538.17,0.4285,2023-01-01
acc_3046,Customer_3046,76710.18,0.2594,2023-01-01
acc_3047,Customer_3047,42243.6,0.8115,2023-01-01
acc_3048,Customer_3048,31230.08,0.8038,2023-01-01
acc_3049,Customer_3049,43748.48,0.7036,2023-01-01
acc_3050,Customer_3050,18008.89,0.4547,2023-01-01
acc_3051,Customer_3051,13497.03,0.5634,2023-01-01
acc_3052,Customer_3052,13006.81,0.9426,2023-01-01
acc_3053,Customer_3053,92270.93,0.277,2023-01-01
acc_3054,Customer_3054,31748.25,0.0043,2023-01-01
acc_3055,Customer_3055,99546.59,0.5768,2023-01-01
acc_3056,Customer_3056,31864.89,0.9959,2023-01-01
acc_3057,Customer_3057,26720.12,0.6516,2023-01-01
acc_3058,Customer_3058,42801.82,0.1201,2023-01-01
acc_3059,Customer_3059,25773.05,0.7053,2023-01-01
acc_3060,Customer_3060,23248.3,0.3138,2023-01-01
acc_3061,Customer_3061,18074.86,0.0374,2023-01-01
acc_3062,Customer_3062,5334.98,0.1954,2023-01-01
acc_3063,Customer_3063,9563.29,0.6871,2023-01-01
acc_3064,Customer_3064,88469.35,0.4952,2023-01-01
acc_3065,Customer_3065,30725.68,0.5044,2023-01-01
acc_3066,Customer_3066,71617.2,0.6317,2023-01-01
acc_3067,Customer_3067,16067.98,0.7729,2023-01-01
acc_3068,Customer_3068,89898.33,0.5025,2023-01-01
acc_3069,Customer_3069,69468.49,0.5816,2023-01-01
acc_3070,Customer_3070,16690.71,0.3847,2023-01-01
acc_3071,Customer_3071,96407.44,0.0537,2023-01-01
acc_3072,Customer_3072,76457.05,0.6187,2023-01-01
acc_3073,Customer_3073,56919.59,0.4928,2023-01-01
acc_3074,Customer_3074,15089.84,0.6097,2023-01-01
acc_3075,Customer_3075,94419.91,0.5078,2023-01-01
acc_3076,Customer_3076,84905.65,0.6845,2023-01-01
acc_3077,Customer_3077,17317.58,0.8212,2023-01-01
acc_3078,Customer_3078,17013.59,0.9427,2023-01-01
acc_3079,Customer_3079,16110.72,0.4115,2023-01-01
acc_3080,Customer_3080,82659.12,0.3606,2023-01-01
acc_3081,Customer_3081,61678.38,0.6631,2023-01-01
acc_3082,Customer_3082,29102.14,0.4051,2023-01-01
acc_3083,Customer_3083,58550.39,0.5007,2023-01-01
acc_3084,Customer_3084,93790.6,0.7239,2023-01-01
acc_3085,Customer_3085,8670.57,0.685,2023-01-01
acc_3086,Customer_3086,59269.6,0.5264,2023-01-01
acc_3087,Customer_3087,32536.07,0.7773,2023-01-01
acc_3088,Customer_3088,90909.35,0.3243,2023-01-01
acc_3089,Customer_3089,48422.31,0.7164,2023-01-01
acc_3090,Customer_3090,76119.03,0.2826,2023-01-01
acc_3091,Customer_3091,57496.42,0.8752,2023-01-01
acc_3092,Customer_3092,7222.96,0.8273,2023-01-01
acc_3093,Customer_3093,70182.69,0.8272,2023-01-01
acc_3094,Customer_3094,88866.81,0.7439,2023-01-01
acc_3095,Customer_3095,66636.28,0.0947,2023-01-01
acc_3096,Customer_3096,57168.96,0.034,2023-01-01
acc_3097,Customer_3097,43727.81,0.0845,2023-01-01
acc_3098,Customer_3098,60864.97,0.0327,2023-01-01
acc_3099,Customer_3099,73682.18,0.6664,2023-01-01
acc_3100,Customer_3100,8512.45,0.1311,2023-01-01
acc_3101,Customer_3101,77363.91,0.7448,2023-01-01
acc_3102,Customer_3102,90829.79,0.3513,2023-01-01
acc_3103,Customer_3103,20779.48,0.9547,2023-01-01
acc_3104,Customer_3104,47363.01,0.5665,2023-01-01
acc_3105,Customer_3105,9176.68,0.8066,2023-01-01
acc_3106,Customer_3106,22385.54,0.9503,2023-01-01
acc_3107,Customer_3107,46345.21,0.158,2023-01-01
acc_3108,Customer_3108,60370.53,0.25,2023-01-01
acc_3109,Customer_3109,11405.37,0.4861,2023-01-01
acc_3110,Customer_3110,50458.3,0.7114,2023-01-01
acc_3111,Customer_3111,90048.8,0.2173,2023-01-01
acc_3112,Customer_3112,82536.3,0.4535,2023-01-01
acc_3113,Customer_3113,12684.86,0.751,2023-01-01
acc_3114,Customer_3114,38664.95,0.5602,2023-01-01
acc_3115,Customer_3115,421.63,0.2473,2023-01-01
acc_3116,Customer_3116,57957.42,0.031,2023-01-01
acc_3117,Customer_3117,13241.26,0.5247,2023-01-01
acc_3118,Customer_3118,22124.74,0.7043,2023-01-01
acc_3119,Customer_3119,89275.63,0.1646,2023-01-01
acc_3120,Customer_3120,37230.03,0.0716,2023-01-01
acc_3121,Customer_3121,93965.71,0.7124,2023-01-01
acc_3122,Customer_3122,14471.3,0.2326,2023-01-01
acc_3123,Customer_3123,61432.42,0.2991,2023-01-01
acc_3124,Customer_3124,15838.65,0.8352,2023-01-01
acc_3125,Customer_3125,27663.32,0.7009,2023-01-01
acc_3126,Customer_3126,39760.7,0.2386,2023-01-01
acc_3127,Customer_3127,86490.47,0.7034,2023-01-01
acc_3128,Customer_3128,41369.49,0.627,2023-01-01
acc_3129,Customer_3129,13765.63,0.9751,2023-01-01
acc_3130,Customer_3130,75206.78,0.8234,2023-01-01
acc_3131,Customer_3131,20702.02,0.8397,2023-01-01
acc_3132,Customer_3132,31868.36,0.3404,2023-01-01
acc_3133,Customer_3133,66784.07,0.8738,2023-01-01
acc_3134,Customer_3134,68279.64,0.2903,2023-01-01
acc_3135,Customer_3135,82473.87,0.1349,2023-01-01
acc_3136,Customer_3136,94273.0,0.7057,2023-01-01
acc_3137,Customer_3137,56198.09,0.209,2023-01-01
acc_3138,Customer_3138,46128.01,0.4237,2023-01-01
acc_3139,Customer_3139,52943.71,0.7652,2023-01-01
acc_3140,Customer_3140,82375.95,0.4824,2023-01-01
acc_3141,Customer_3141,61590.5,0.8127,2023-01-01
acc_3142,Customer_3142,71466.93,0.5984,2023-01-01
acc_3143,Customer_3143,40296.52,0.062,2023-01-01
acc_3144,Customer_3144,83194.73,0.2025,2023-01-01
acc_3145,Customer_3145,56971.65,0.211,2023-01-01
acc_3146,Customer_3146,478.43,0.4033,2023-01-01
acc_3147,Customer_3147,54122.92,0.2606,2023-01-01
acc_3148,Customer_3148,5156.67,0.7709,2023-01-01
acc_3149,Customer_3149,48416.29,0.0543,2023-01-01
acc_3150,Customer_3150,13827.83,0.7025,2023-01-01
acc_3151,Customer_3151,98527.91,0.938,2023-01-01
acc_3152,Customer_3152,96165.07,0.4563,2023-01-01
acc_3153,Customer_3153,65928.88,0.0837,2023-01-01
acc_3154,Customer_3154,58855.3,0.7377,2023-01-01
acc_3155,Customer_3155,89775.68,0.0826,2023-01-01
acc_3156,Customer_3156,41444.03,0.2716,2023-01-01
acc_3157,Customer_3157,11627.7,0.2344,2023-01-01
acc_3158,Customer_3158,80078.1,0.5551,2023-01-01
acc_3159,Customer_3159,54794.43,0.2307,2023-01-01
acc_3160,Customer_3160,82576.99,0.4846,2023-01-01
acc_3161,Customer_3161,83471.07,0.4384,2023-01-01
acc_3162,Customer_3162,273.66,0.2267,2023-01-01
acc_3163,Customer_3163,60930.38,0.1669,2023-01-01
acc_3164,Customer_3164,48502.88,0.5981,2023-01-01
acc_3165,Customer_3165,39126.69,0.0286,2023-01-01
acc_3166,Customer_3166,6291.75,0.8096,2023-01-01
acc_3167,Customer_3167,49554.36,0.0952,2023-01-01
acc_3168,Customer_3168,20581.02,0.3213,2023-01-01
acc_3169,Customer_3169,5616.19,0.607,2023-01-01
acc_3170,Customer_3170,50127.19,0.7779,2023-01-01
acc_3171,Customer_3171,47707.46,0.5445,2023-01-01
acc_3172,Customer_3172,80412.75,0.8271,2023-01-01
acc_3173,Customer_3173,32704.27,0.0977,2023-01-01
acc_3174,Customer_3174,89765.47,0.7709,2023-01-01
acc_3175,Customer_3175,2059.79,0.06,2023-01-01
acc_3176,Customer_3176,86375.37,0.4033,2023-01-01
acc_3177,Customer_3177,644.03,0.5659,2023-01-01
acc_3178,Customer_3178,99628.07,0.9834,2023-01-01
acc_3179,Customer_3179,24499.28,0.7382,2023-01-01
acc_3180,Customer_3180,18628.74,0.8196,2023-01-01
acc_3181,Customer_3181,61542.56,0.8168,2023-01-01
acc_3182,Customer_3182,68774.27,0.8313,2023-01-01
acc_3183,Customer_3183,13833.96,0.2703,2023-01-01
acc_3184,Customer_3184,18763.19,0.1237,2023-01-01
acc_3185,Customer_3185,22281.67,0.0834,2023-01-01
acc_3186,Customer_3186,44983.59,0.3452,2023-01-01
acc_3187,Customer_3187,986.23,0.1955,2023-01-01
acc_3188,Customer_3188,70261.72,0.0434,2023-01-01
acc_3189,Customer_3189,1958.01,0.8566,2023-01-01
acc_3190,Customer_3190,91512.81,0.0369,2023-01-01
acc_3191,Customer_3191,26060.0,0.3584,2023-01-01
acc_3192,Customer_3192,58139.5,0.6272,2023-01-01
acc_3193,Customer_3193,96445.24,0.2704,2023-01-01
acc_3194,Customer_3194,40220.72,0.3762,2023-01-01
acc_3195,Customer_3195,83873.79,0.1931,2023-01-01
acc_3196,Customer_3196,90938.46,0.6621,2023-01-01
acc_3197,Customer_3197,48971.31,0.7195,2023-01-01
acc_3198,Customer_3198,19752.1,0.0441,2023-01-01
acc_3199,Customer_3199,86559.57,0.3567,2023-01-01
acc_3200,Customer_3200,87356.6,0.6234,2023-01-01
acc_3201,Customer_3201,58251.84,0.8826,2023-01-01
acc_3202,Customer_3202,30453.99,0.3832,2023-01-01
acc_3203,Customer_3203,84495.42,0.9075,2023-01-01
acc_3204,Customer_3204,78600.08,0.919,2023-01-01
acc_3205,Customer_3205,55090.06,0.1733,2023-01-01
acc_3206,Customer_3206,84838.72,0.8833,2023-01-01
acc_3207,Customer_3207,30488.75,0.6668,2023-01-01
acc_3208,Customer_3208,1978.68,0.9261,2023-01-01
acc_3209,Customer_3209,34778.77,0.5639,2023-01-01
acc_3210,Customer_3210,68444.06,0.8234,2023-01-01
acc_3211,Customer_3211,70726.97,0.327,2023-01-01
acc_3212,Customer_3212,93072.42,0.2229,2023-01-01
acc_3213,Customer_3213,74716.79,0.5071,2023-01-01
acc_3214,Customer_3214,25418.98,0.5128,2023-01-01
acc_3215,Customer_3215,31560.28,0.5209,2023-01-01
acc_3216,Customer_3216,20934.68,0.2644,2023-01-01
acc_3217,Customer_3217,24536.96,0.8616,2023-01-01
acc_3218,Customer_3218,39214.28,0.8569,2023-01-01
acc_3219,Customer_3219,37938.03,0.3205,2023-01-01
acc_3220,Customer_3220,66444.37,0.4046,2023-01-01
acc_3221,Customer_3221,81889.0,0.6472,2023-01-01
acc_3222,Customer_3222,70011.08,0.9698,2023-01-01
acc_3223,Customer_3223,84508.8,0.3416,2023-01-01
acc_3224,Customer_3224,45995.18,0.866,2023-01-01
acc_3225,Customer_3225,89289.11,0.5389,2023-01-01
acc_3226,Customer_3226,54615.24,0.0833,2023-01-01
acc_3227,Customer_3227,21354.24,0.1183,2023-01-01
acc_3228,Customer_3228,32598.24,0.0159,2023-01-01
acc_3229,Customer_3229,50821.83,0.0006,2023-01-01
acc_3230,Customer_3230,36033.74,0.1021,2023-01-01
acc_3231,Customer_3231,24392.3,0.6641,2023-01-01
acc_3232,Customer_3232,26522.02,0.0058,2023-01-01
acc_3233,Customer_3233,82575.21,0.539,2023-01-01
acc_3234,Customer_3234,88270.94,0.2686,2023-01-01
acc_3235,Customer_3235,32048.55,0.0308,2023-01-01
acc_3236,Customer_3236,50809.84,0.8948,2023-01-01
acc_3237,Customer_3237,278.42,0.5775,2023-01-01
acc_3238,Customer_3238,24109.31,0.6869,2023-01-01
acc_3239,Customer_3239,92553.94,0.4844,2023-01-01
acc_3240,Customer_3240,87688.57,0.3857,2023-01-01
acc_3241,Customer_3241,21847.39,0.4227,2023-01-01
acc_3242,Customer_3242,65894.25,0.8024,2023-01-01
acc_3243,Customer_3243,67731.06,0.0718,2023-01-01
acc_3244,Customer_3244,79569.29,0.1325,2023-01-01
acc_3245,Customer_3245,11594.5,0.2123,2023-01-01
acc_3246,Customer_3246,17503.74,0.1932,2023-01-01
acc_3247,Customer_3247,20130.77,0.5353,2023-01-01
acc_3248,Customer_3248,86044.33,0.5254,2023-01-01
acc_3249,Customer_3249,65773.58,0.7823,2023-01-01
acc_3250,Customer_3250,99011.66,0.2743,2023-01-01
acc_3251,Customer_3251,94210.3,0.1955,2023-01-01
acc_3252,Customer_3252,19360.32,0.7959,2023-01-01
acc_3253,Customer_3253,7988.26,0.9012,2023-01-01
acc_3254,Customer_3254,90320.76,0.7021,2023-01-01
acc_3255,Customer_3255,69692.06,0.4796,2023-01-01
acc_3256,Customer_3256,7167.06,0.3458,2023-01-01
acc_3257,Customer_3257,76096.67,0.5877,2023-01-01
acc_3258,Customer_3258,30654.05,0.1722,2023-01-01
acc_3259,Customer_3259,21145.04,0.5342,2023-01-01
acc_3260,Customer_3260,70033.12,0.9443,2023-01-01
acc_3261,Customer_3261,78085.24,0.7061,2023-01-01
acc_3262,Customer_3262,63318.4,0.998,2023-01-01
acc_3263,Customer_3263,60988.34,0.7817,2023-01-01
acc_3264,Customer_3264,40268.43,0.1393,2023-01-01
acc_3265,Customer_3265,36781.2,0.7924,2023-01-01
acc_3266,Customer_3266,50859.69,0.4956,2023-01-01
acc_3267,Customer_3267,20882.54,0.3624,2023-01-01
acc_3268,Customer_3268,74964.14,0.4172,2023-01-01
acc_3269,Customer_3269,17646.46,0.9588,2023-01-01
acc_3270,Customer_3270,93314.55,0.8606,2023-01-01
acc_3271,Customer_3271,48978.58,0.9867,2023-01-01
acc_3272,Customer_3272,7223.6,0.6549,2023-01-01
acc_3273,Customer_3273,3308.53,0.3445,2023-01-01
acc_3274,Customer_3274,56030.56,0.483,2023-01-01
acc_3275,Customer_3275,43699.38,0.9374,2023-01-01
acc_3276,Customer_3276,88349.13,0.8906,2023-01-01
acc_3277,Customer_3277,78029.43,0.2016,2023-01-01
acc_3278,Customer_3278,66157.9,0.37,2023-01-01
acc_3279,Customer_3279,88894.58,0.3444,2023-01-01
acc_3280,Customer_3280,59717.11,0.8269,2023-01-01
acc_3281,Customer_3281,32952.84,0.1213,2023-01-01
acc_3282,Customer_3282,35750.18,0.2704,2023-01-01
acc_3283,Customer_3283,35170.04,0.9767,2023-01-01
acc_3284,Customer_3284,85963.71,0.5846,2023-01-01
acc_3285,Customer_3285,84003.03,0.5054,2023-01-01
acc_3286,Customer_3286,93131.62,0.2532,2023-01-01
acc_3287,Customer_3287,90097.42,0.5641,2023-01-01
acc_3288,Customer_3288,11182.13,0.4732,2023-01-01
acc_3289,Customer_3289,31505.35,0.2214,2023-01-01
acc_3290,Customer_3290,78714.91,0.1683,2023-01-01
acc_3291,Customer_3291,62567.57,0.5536,2023-01-01
acc_3292,Customer_3292,54842.44,0.1871,2023-01-01
acc_3293,Customer_3293,70157.61,0.4732,2023-01-01
acc_3294,Customer_3294,55849.97,0.9284,2023-01-01
acc_3295,Customer_3295,99364.62,0.6097,2023-01-01
acc_3296,Customer_3296,50284.48,0.9778,2023-01-01
acc_3297,Customer_3297,3408.29,0.1644,2023-01-01
acc_3298,Customer_3298,70513.44,0.3143,2023-01-01
acc_3299,Customer_3299,49823.96,0.6229,2023-01-01
acc_3300,Customer_3300,40385.86,0.5911,2023-01-01
acc_3301,Customer_3301,31850.47,0.1598,2023-01-01
acc_3302,Customer_3302,63839.66,0.163,2023-01-01
acc_3303,Customer_3303,16962.74,0.8499,2023-01-01
acc_3304,Customer_3304,77566.31,0.0999,2023-01-01
acc_3305,Customer_3305,73666.97,0.8231,2023-01-01
acc_3306,Customer_3306,82571.16,0.6231,2023-01-01
acc_3307,Customer_3307,53844.33,0.6097,2023-01-01
acc_3308,Customer_3308,32105.91,0.5801,2023-01-01
acc_3309,Customer_3309,78989.69,0.4445,2023-01-01
acc_3310,Customer_3310,10939.23,0.8389,2023-01-01
acc_3311,Customer_3311,29317.36,0.4419,2023-01-01
acc_3312,Customer_3312,65873.09,0.8036,2023-01-01
acc_3313,Customer_3313,64023.6,0.3861,2023-01-01
acc_3314,Customer_3314,10720.15,0.9676,2023-01-01
acc_3315,Customer_3315,49799.46,0.4417,2023-01-01
acc_3316,Customer_3316,76256.51,0.7412,2023-01-01
acc_3317,Customer_3317,70476.02,0.9797,2023-01-01
acc_3318,Customer_3318,83243.6,0.6279,2023-01-01
acc_3319,Customer_3319,12905.37,0.8301,2023-01-01
acc_3320,Customer_3320,51620.14,0.585,2023-01-01
acc_3321,Customer_3321,55736.28,0.2222,2023-01-01
acc_3322,Customer_3322,55716.09,0.4698,2023-01-01
acc_3323,Customer_3323,89722.81,0.9411,2023-01-01
acc_3324,Customer_3324,98302.53,0.5293,2023-01-01
acc_3325,Customer_3325,29197.81,0.0944,2023-01-01
acc_3326,Customer_3326,2226.85,0.2765,2023-01-01
acc_3327,Customer_3327,4049.46,0.7176,2023-01-01
acc_3328,Customer_3328,47854.55,0.8198,2023-01-01
acc_3329,Customer_3329,83390.72,0.4727,2023-01-01
acc_3330,Customer_3330,48234.77,0.5302,2023-01-01
acc_3331,Customer_3331,65544.39,0.476,2023-01-01
acc_3332,Customer_3332,95990.64,0.2756,2023-01-01
acc_3333,Customer_3333,3906.28,0.972,2023-01-01
acc_3334,Customer_3334,8856.48,0.188,2023-01-01
acc_3335,Customer_3335,27462.49,0.841,2023-01-01
acc_3336,Customer_3336,31685.73,0.6559,2023-01-01
acc_3337,Customer_3337,84645.2,0.5433,2023-01-01
acc_3338,Customer_3338,22884.52,0.5134,2023-01-01
acc_3339,Customer_3339,2387.59,0.3661,2023-01-01
acc_3340,Customer_3340,18099.45,0.4022,2023-01-01
acc_3341,Customer_3341,6104.81,0.6701,2023-01-01
acc_3342,Customer_3342,68961.17,0.8067,2023-01-01
acc_3343,Customer_3343,59630.91,0.1233,2023-01-01
acc_3344,Customer_3344,14644.2,0.9842,2023-01-01
acc_3345,Customer_3345,69610.98,0.6625,2023-01-01
acc_3346,Customer_3346,48791.31,0.3237,2023-01-01
acc_3347,Customer_3347,85025.9,0.9397,2023-01-01
acc_3348,Customer_3348,25046.51,0.3438,2023-01-01
acc_3349,Customer_3349,31903.17,0.9851,2023-01-01
acc_3350,Customer_3350,57636.61,0.7424,2023-01-01
acc_3351,Customer_3351,33419.49,0.3267,2023-01-01
acc_3352,Customer_3352,74513.42,0.8153,2023-01-01
acc_3353,Customer_3353,14381.41,0.8754,2023-01-01
acc_3354,Customer_3354,65207.54,0.3039,2023-01-01
acc_3355,Customer_3355,19625.59,0.9468,2023-01-01
acc_3356,Customer_3356,52227.37,0.4392,2023-01-01
acc_3357,Customer_3357,30649.26,0.6603,2023-01-01
acc_3358,Customer_3358,990.52,0.9114,2023-01-01
acc_3359,Customer_3359,61660.48,0.0006,2023-01-01
acc_3360,Customer_3360,6260.74,0.6,2023-01-01
acc_3361,Customer_3361,24132.84,0.3314,2023-01-01
acc_3362,Customer_3362,87368.13,0.7866,2023-01-01
acc_3363,Customer_3363,51591.01,0.8768,2023-01-01
acc_3364,Customer_3364,58214.22,0.2802,2023-01-01
acc_3365,Customer_3365,97606.65,0.0593,2023-01-01
acc_3366,Customer_3366,6990.32,0.8961,2023-01-01
acc_3367,Customer_3367,55132.16,0.8762,2023-01-01
acc_3368,Customer_3368,79361.57,0.7326,2023-01-01
acc_3369,Customer_3369,95609.99,0.3446,2023-01-01
acc_3370,Customer_3370,62614.39,0.9061,2023-01-01
acc_3371,Customer_3371,24673.61,0.0061,2023-01-01
acc_3372,Customer_3372,54611.38,0.4278,2023-01-01
acc_3373,Customer_3373,39809.62,0.3847,2023-01-01
acc_3374,Customer_3374,67635.01,0.5267,2023-01-01
acc_3375,Customer_3375,44242.23,0.6788,2023-01-01
acc_3376,Customer_3376,35961.78,0.4903,2023-01-01
acc_3377,Customer_3377,33534.22,0.5277,2023-01-01
acc_3378,Customer_3378,90615.77,0.1011,2023-01-01
acc_3379,Customer_3379,62477.69,0.1796,2023-01-01
acc_3380,Customer_3380,92339.53,0.8211,2023-01-01
acc_3381,Customer_3381,40567.39,0.953,2023-01-01
acc_3382,Customer_3382,5845.94,0.6096,2023-01-01
acc_3383,Customer_3383,35470.79,0.7904,2023-01-01
acc_3384,Customer_3384,99487.66,0.2908,2023-01-01
acc_3385,Customer_3385,61620.13,0.6526,2023-01-01
acc_3386,Customer_3386,31342.53,0.2984,2023-01-01
acc_3387,Customer_3387,10210.11,0.946,2023-01-01
acc_3388,Customer_3388,49459.19,0.7014,2023-01-01
acc_3389,Customer_3389,78672.25,0.2679,2023-01-01
acc_3390,Customer_3390,19532.75,0.373,2023-01-01
acc_3391,Customer_3391,61025.12,0.5288,2023-01-01
acc_3392,Customer_3392,11638.31,0.9829,2023-01-01
acc_3393,Customer_3393,98920.84,0.8482,2023-01-01
acc_3394,Customer_3394,17109.97,0.4192,2023-01-01
acc_3395,Customer_3395,80634.87,0.9883,2023-01-01
acc_3396,Customer_3396,61691.62,0.178,2023-01-01
acc_3397,Customer_3397,90439.39,0.2959,2023-01-01
acc_3398,Customer_3398,81534.88,0.6605,2023-01-01
acc_3399,Customer_3399,34525.02,0.6072,2023-01-01
acc_3400,Customer_3400,37647.31,0.601,2023-01-01
acc_3401,Customer_3401,78308.66,0.7182,2023-01-01
acc_3402,Customer_3402,58227.82,0.7194,2023-01-01
acc_3403,Customer_3403,80373.49,0.3776,2023-01-01
acc_3404,Customer_3404,20596.74,0.6911,2023-01-01
acc_3405,Customer_3405,20929.71,0.6582,2023-01-01
acc_3406,Customer_3406,73701.1,0.3373,2023-01-01
acc_3407,Customer_3407,22888.64,0.7483,2023-01-01
acc_3408,Customer_3408,97516.99,0.7537,2023-01-01
acc_3409,Customer_3409,87200.38,0.4767,2023-01-01
acc_3410,Customer_3410,25036.87,0.1096,2023-01-01
acc_3411,Customer_3411,15069.36,0.2714,2023-01-01
acc_3412,Customer_3412,78232.64,0.1287,2023-01-01
acc_3413,Customer_3413,99862.6,0.0419,2023-01-01
acc_3414,Customer_3414,57009.63,0.5753,2023-01-01
acc_3415,Customer_3415,50212.12,0.166,2023-01-01
acc_3416,Customer_3416,46511.14,0.8481,2023-01-01
acc_3417,Customer_3417,25761.91,0.3688,2023-01-01
acc_3418,Customer_3418,30642.66,0.3903,2023-01-01
acc_3419,Customer_3419,61262.69,0.5222,2023-01-01
acc_3420,Customer_3420,95758.46,0.4691,2023-01-01
acc_3421,Customer_3421,30500.69,0.0182,2023-01-01
acc_3422,Customer_3422,29430.8,0.8321,2023-01-01
acc_3423,Customer_3423,99569.79,0.5726,2023-01-01
acc_3424,Customer_3424,48297.56,0.3862,2023-01-01
acc_3425,Customer_3425,33241.05,0.3501,2023-01-01
acc_3426,Customer_3426,80924.89,0.345,2023-01-01
acc_3427,Customer_3427,57679.8,0.1427,2023-01-01
acc_3428,Customer_3428,88029.32,0.3072,2023-01-01
acc_3429,Customer_3429,45800.43,0.2514,2023-01-01
acc_3430,Customer_3430,16525.26,0.9392,2023-01-01
acc_3431,Customer_3431,70401.99,0.9276,2023-01-01
acc_3432,Customer_3432,4158.5,0.5525,2023-01-01
acc_3433,Customer_3433,60004.01,0.9641,2023-01-01
acc_3434,Customer_3434,71674.98,0.6335,2023-01-01
acc_3435,Customer_3435,26896.64,0.8957,2023-01-01
acc_3436,Customer_3436,59171.4,0.001,2023-01-01
acc_3437,Customer_3437,63981.74,0.8603,2023-01-01
acc_3438,Customer_3438,9972.6,0.1921,2023-01-01
acc_3439,Customer_3439,54436.19,0.0419,2023-01-01
acc_3440,Customer_3440,38815.58,0.5781,2023-01-01
acc_3441,Customer_3441,24661.27,0.8509,2023-01-01
acc_3442,Customer_3442,10003.5,0.8017,2023-01-01
acc_3443,Customer_3443,21024.76,0.8342,2023-01-01
acc_3444,Customer_3444,65586.35,0.7461,2023-01-01
acc_3445,Customer_3445,52003.82,0.8213,2023-01-01
acc_3446,Customer_3446,16285.86,0.7538,2023-01-01
acc_3447,Customer_3447,2039.87,0.251,2023-01-01
acc_3448,Customer_3448,8617.76,0.4521,2023-01-01
acc_3449,Customer_3449,27697.08,0.8825,2023-01-01
acc_3450,Customer_3450,4159.99,0.7621,2023-01-01
acc_3451,Customer_3451,87718.22,0.6197,2023-01-01
acc_3452,Customer_3452,19802.27,0.0017,2023-01-01
acc_3453,Customer_3453,8702.3,0.8271,2023-01-01
acc_3454,Customer_3454,64292.05,0.9058,2023-01-01
acc_3455,Customer_3455,69701.22,0.1081,2023-01-01
acc_3456,Customer_3456,64265.23,0.3157,2023-01-01
acc_3457,Customer_3457,62671.2,0.1795,2023-01-01
acc_3458,Customer_3458,79676.95,0.7047,2023-01-01
acc_3459,Customer_3459,52541.68,0.6028,2023-01-01
acc_3460,Customer_3460,43259.94,0.5133,2023-01-01
acc_3461,Customer_3461,50953.49,0.3346,2023-01-01
acc_3462,Customer_3462,27196.12,0.3818,2023-01-01
acc_3463,Customer_3463,11026.5,0.0002,2023-01-01
acc_3464,Customer_3464,75457.21,0.8737,2023-01-01
acc_3465,Customer_3465,34529.0,0.2944,2023-01-01
acc_3466,Customer_3466,74039.5,0.886,2023-01-01
acc_3467,Customer_3467,4790.86,0.1826,2023-01-01
acc_3468,Customer_3468,9972.94,0.3589,2023-01-01
acc_3469,Customer_3469,83207.55,0.0348,2023-01-01
acc_3470,Customer_3470,33235.46,0.9403,2023-01-01
acc_3471,Customer_3471,57286.72,0.3169,2023-01-01
acc_3472,Customer_3472,86761.79,0.7542,2023-01-01
acc_3473,Customer_3473,5565.4,0.8833,2023-01-01
acc_3474,Customer_3474,91805.32,0.4999,2023-01-01
acc_3475,Customer_3475,62853.59,0.4039,2023-01-01
acc_3476,Customer_3476,34305.87,0.6309,2023-01-01
acc_3477,Customer_3477,77205.69,0.4484,2023-01-01
acc_3478,Customer_3478,54352.78,0.1365,2023-01-01
acc_3479,Customer_3479,34280.6,0.4441,2023-01-01
acc_3480,Customer_3480,89225.8,0.611,2023-01-01
acc_3481,Customer_3481,35713.92,0.8047,2023-01-01
acc_3482,Customer_3482,24016.18,0.5809,2023-01-01
acc_3483,Customer_3483,94444.48,0.013,2023-01-01
acc_3484,Customer_3484,57844.08,0.773,2023-01-01
acc_3485,Customer_3485,54426.24,0.2463,2023-01-01
acc_3486,Customer_3486,86837.08,0.6074,2023-01-01
acc_3487,Customer_3487,41729.83,0.441,2023-01-01
acc_3488,Customer_3488,88444.04,0.6744,2023-01-01
acc_3489,Customer_3489,98978.34,0.6713,2023-01-01
acc_3490,Customer_3490,10863.14,0.4932,2023-01-01
acc_3491,Customer_3491,63668.46,0.0158,2023-01-01
acc_3492,Customer_3492,15655.25,0.6451,2023-01-01
acc_3493,Customer_3493,5315.58,0.7088,2023-01-01
acc_3494,Customer_3494,13513.13,0.434,2023-01-01
acc_3495,Customer_3495,79710.46,0.6375,2023-01-01
acc_3496,Customer_3496,20533.81,0.5599,2023-01-01
acc_3497,Customer_3497,71585.02,0.2087,2023-01-01
acc_3498,Customer_3498,6814.65,0.1541,2023-01-01
acc_3499,Customer_3499,78015.47,0.1992,2023-01-01
acc_3500,Customer_3500,78049.06,0.956,2023-01-01
acc_3501,Customer_3501,70686.73,0.8068,2023-01-01
acc_3502,Customer_3502,78504.04,0.7323,2023-01-01
acc_3503,Customer_3503,69463.84,0.0093,2023-01-01
acc_3504,Customer_3504,46244.42,0.4004,2023-01-01
acc_3505,Customer_3505,78254.24,0.7675,2023-01-01
acc_3506,Customer_3506,43990.37,0.73,2023-01-01
acc_3507,Customer_3507,17550.02,0.8615,2023-01-01
acc_3508,Customer_3508,7511.14,0.4644,2023-01-01
acc_3509,Customer_3509,32494.23,0.8373,2023-01-01
acc_3510,Customer_3510,38704.27,0.1176,2023-01-01
acc_3511,Customer_3511,68752.38,0.182,2023-01-01
acc_3512,Customer_3512,91051.97,0.7274,2023-01-01
acc_3513,Customer_3513,74010.75,0.3116,2023-01-01
acc_3514,Customer_3514,95393.71,0.4128,2023-01-01
acc_3515,Customer_3515,26786.36,0.6536,2023-01-01
acc_3516,Customer_3516,82461.5,0.9373,2023-01-01
acc_3517,Customer_3517,41634.11,0.7391,2023-01-01
acc_3518,Customer_3518,8880.19,0.927,2023-01-01
acc_3519,Customer_3519,1019.71,0.5415,2023-01-01
acc_3520,Customer_3520,29738.46,0.3901,2023-01-01
acc_3521,Customer_3521,44218.77,0.496,2023-01-01
acc_3522,Customer_3522,80845.34,0.4767,2023-01-01
acc_3523,Customer_3523,50583.05,0.027,2023-01-01
acc_3524,Customer_3524,36326.31,0.8205,2023-01-01
acc_3525,Customer_3525,30854.34,0.8786,2023-01-01
acc_3526,Customer_3526,43143.23,0.2778,2023-01-01
acc_3527,Customer_3527,12756.26,0.242,2023-01-01
acc_3528,Customer_3528,61248.76,0.2045,2023-01-01
acc_3529,Customer_3529,97405.68,0.8668,2023-01-01
acc_3530,Customer_3530,49550.7,0.9535,2023-01-01
acc_3531,Customer_3531,5566.24,0.6581,2023-01-01
acc_3532,Customer_3532,47221.84,0.0444,2023-01-01
acc_3533,Customer_3533,69780.25,0.6173,2023-01-01
acc_3534,Customer_3534,68750.09,0.2282,2023-01-01
acc_3535,Customer_3535,7810.91,0.2415,2023-01-01
acc_3536,Customer_3536,42466.38,0.6595,2023-01-01
acc_3537,Customer_3537,72446.75,0.3042,2023-01-01
acc_3538,Customer_3538,82578.07,0.6356,2023-01-01
acc_3539,Customer_3539,21479.79,0.9744,2023-01-01
acc_3540,Customer_3540,90914.13,0.7967,2023-01-01
acc_3541,Customer_3541,57173.79,0.2935,2023-01-01
acc_3542,Customer_3542,14817.38,0.2551,2023-01-01
acc_3543,Customer_3543,54760.05,0.4168,2023-01-01
acc_3544,Customer_3544,24611.72,0.6776,2023-01-01
acc_3545,Customer_3545,50836.06,0.1359,2023-01-01
acc_3546,Customer_3546,27571.81,0.36,2023-01-01
acc_3547,Customer_3547,26485.85,0.9421,2023-01-01
acc_3548,Customer_3548,21973.23,0.8109,2023-01-01
acc_3549,Customer_3549,1920.93,0.6035,2023-01-01
acc_3550,Customer_3550,7608.91,0.2692,2023-01-01
acc_3551,Customer_3551,98894.18,0.0304,2023-01-01
acc_3552,Customer_3552,37945.42,0.4403,2023-01-01
acc_3553,Customer_3553,37530.42,0.7087,2023-01-01
acc_3554,Customer_3554,77440.09,0.7252,2023-01-01
acc_3555,Customer_3555,26118.52,0.5401,2023-01-01
acc_3556,Customer_3556,84687.45,0.3392,2023-01-01
acc_3557,Customer_3557,29123.8,0.7337,2023-01-01
acc_3558,Customer_3558,430.82,0.7177,2023-01-01
acc_3559,Customer_3559,37620.22,0.8151,2023-01-01
acc_3560,Customer_3560,88535.21,0.4984,2023-01-01
acc_3561,Customer_3561,48032.83,0.3661,2023-01-01
acc_3562,Customer_3562,79580.92,0.158,2023-01-01
acc_3563,Customer_3563,39549.3,0.2451,2023-01-01
acc_3564,Customer_3564,10692.11,0.7608,2023-01-01
acc_3565,Customer_3565,88312.45,0.7836,2023-01-01
acc_3566,Customer_3566,20159.92,0.2752,2023-01-01
acc_3567,Customer_3567,59745.21,0.2582,2023-01-01
acc_3568,Customer_3568,30324.71,0.5193,2023-01-01
acc_3569,Customer_3569,80169.77,0.599,2023-01-01
acc_3570,Customer_3570,96648.44,0.3346,2023-01-01
acc_3571,Customer_3571,78909.9,0.569,2023-01-01
acc_3572,Customer_3572,20133.55,0.1166,2023-01-01
acc_3573,Customer_3573,49836.07,0.2026,2023-01-01
acc_3574,Customer_3574,39494.23,0.043,2023-01-01
acc_3575,Customer_3575,43512.49,0.3802,2023-01-01
acc_3576,Customer_3576,46423.45,0.8115,2023-01-01
acc_3577,Customer_3577,64400.77,0.327,2023-01-01
acc_3578,Customer_3578,2259.51,0.1424,2023-01-01
acc_3579,Customer_3579,50510.2,0.8812,2023-01-01
acc_3580,Customer_3580,45988.7,0.4204,2023-01-01
acc_3581,Customer_3581,50681.6,0.1306,2023-01-01
acc_3582,Customer_3582,80088.78,0.4907,2023-01-01
acc_3583,Customer_3583,7438.62,0.9129,2023-01-01
acc_3584,Customer_3584,6939.55,0.0285,2023-01-01
acc_3585,Customer_3585,356.89,0.5452,2023-01-01
acc_3586,Customer_3586,32541.48,0.0655,2023-01-01
acc_3587,Customer_3587,4622.88,0.4702,2023-01-01
acc_3588,Customer_3588,7161.13,0.1998,2023-01-01
acc_3589,Customer_3589,74256.18,0.3092,2023-01-01
acc_3590,Customer_3590,3035.01,0.9581,2023-01-01
acc_3591,Customer_3591,93352.57,0.6377,2023-01-01
acc_3592,Customer_3592,76041.22,0.9259,2023-01-01
acc_3593,Customer_3593,34443.59,0.626,2023-01-01
acc_3594,Customer_3594,97582.05,0.0616,2023-01-01
acc_3595,Customer_3595,86158.94,0.4521,2023-01-01
acc_3596,Customer_3596,91730.35,0.3766,2023-01-01
acc_3597,Customer_3597,4414.41,0.5158,2023-01-01
acc_3598,Customer_3598,93014.01,0.5508,2023-01-01
acc_3599,Customer_3599,24197.98,0.6793,2023-01-01
acc_3600,Customer_3600,55436.88,0.5534,2023-01-01
acc_3601,Customer_3601,23971.5,0.2205,2023-01-01
acc_3602,Customer_3602,1190.5,0.969,2023-01-01
acc_3603,Customer_3603,75143.44,0.9009,2023-01-01
acc_3604,Customer_3604,45336.08,0.2365,2023-01-01
acc_3605,Customer_3605,47334.22,0.9746,2023-01-01
acc_3606,Customer_3606,87125.04,0.7295,2023-01-01
acc_3607,Customer_3607,67908.1,0.4297,2023-01-01
acc_3608,Customer_3608,57307.43,0.7597,2023-01-01
acc_3609,Customer_3609,24075.8,0.067,2023-01-01
acc_3610,Customer_3610,73450.12,0.4835,2023-01-01
acc_3611,Customer_3611,66186.53,0.2885,2023-01-01
acc_3612,Customer_3612,70874.07,0.8641,2023-01-01
acc_3613,Customer_3613,60418.88,0.0054,2023-01-01
acc_3614,Customer_3614,81536.0,0.2248,2023-01-01
acc_3615,Customer_3615,46758.92,0.0893,2023-01-01
acc_3616,Customer_3616,39730.04,0.8932,2023-01-01
acc_3617,Customer_3617,49733.11,0.7142,2023-01-01
acc_3618,Customer_3618,45162.86,0.4953,2023-01-01
acc_3619,Customer_3619,27558.42,0.6768,2023-01-01
acc_3620,Customer_3620,20311.56,0.904,2023-01-01
acc_3621,Customer_3621,84152.92,0.2534,2023-01-01
acc_3622,Customer_3622,51338.07,0.9541,2023-01-01
acc_3623,Customer_3623,85394.4,0.1055,2023-01-01
acc_3624,Customer_3624,40857.99,0.3771,2023-01-01
acc_3625,Customer_3625,87951.36,0.9616,2023-01-01
acc_3626,Customer_3626,77204.43,0.6426,2023-01-01
acc_3627,Customer_3627,26597.34,0.2646,2023-01-01
acc_3628,Customer_3628,44644.19,0.4087,2023-01-01
acc_3629,Customer_3629,70607.4,0.4179,2023-01-01
acc_3630,Customer_3630,88621.6,0.1024,2023-01-01
acc_3631,Customer_3631,14989.56,0.7641,2023-01-01
acc_3632,Customer_3632,88108.27,0.5307,2023-01-01
acc_3633,Customer_3633,55614.59,0.5806,2023-01-01
acc_3634,Customer_3634,81060.3,0.8421,2023-01-01
acc_3635,Customer_3635,31849.22,0.4,2023-01-01
acc_3636,Customer_3636,72587.85,0.6917,2023-01-01
acc_3637,Customer_3637,52639.14,0.3003,2023-01-01
acc_3638,Customer_3638,69766.44,0.7738,2023-01-01
acc_3639,Customer_3639,67965.35,0.9159,2023-01-01
acc_3640,Customer_3640,3104.69,0.248,2023-01-01
acc_3641,Customer_3641,20281.57,0.2068,2023-01-01
acc_3642,Customer_3642,4309.71,0.6464,2023-01-01
acc_3643,Customer_3643,58748.34,0.1857,2023-01-01
acc_3644,Customer_3644,55039.96,0.2791,2023-01-01
acc_3645,Customer_3645,79805.47,0.6937,2023-01-01
acc_3646,Customer_3646,49380.25,0.6886,2023-01-01
acc_3647,Customer_3647,88226.81,0.6016,2023-01-01
acc_3648,Customer_3648,35983.09,0.1761,2023-01-01
acc_3649,Customer_3649,47893.4,0.0077,2023-01-01
acc_3650,Customer_3650,26685.11,0.5262,2023-01-01
acc_3651,Customer_3651,54734.33,0.1766,2023-01-01
acc_3652,Customer_3652,39327.57,0.4745,2023-01-01
acc_3653,Customer_3653,84930.14,0.2031,2023-01-01
acc_3654,Customer_3654,36818.05,0.9193,2023-01-01
acc_3655,Customer_3655,36314.94,0.5463,2023-01-01
acc_3656,Customer_3656,52133.67,0.9143,2023-01-01
acc_3657,Customer_3657,94659.07,0.2838,2023-01-01
acc_3658,Customer_3658,60418.5,0.7386,2023-01-01
acc_3659,Customer_3659,4790.4,0.7523,2023-01-01
acc_3660,Customer_3660,39017.64,0.6498,2023-01-01
acc_3661,Customer_3661,39411.43,0.1917,2023-01-01
acc_3662,Customer_3662,65590.17,0.0575,2023-01-01
acc_3663,Customer_3663,57128.91,0.5255,2023-01-01
acc_3664,Customer_3664,2262.55,0.6736,2023-01-01
acc_3665,Customer_3665,49722.04,0.2466,2023-01-01
acc_3666,Customer_3666,53628.6,0.6519,2023-01-01
acc_3667,Customer_3667,61963.38,0.7093,2023-01-01
acc_3668,Customer_3668,22325.08,0.9168,2023-01-01
acc_3669,Customer_3669,49738.78,0.2768,2023-01-01
acc_3670,Customer_3670,59735.33,0.0874,2023-01-01
acc_3671,Customer_3671,1873.14,0.2552,2023-01-01
acc_3672,Customer_3672,84976.38,0.1057,2023-01-01
acc_3673,Customer_3673,53206.05,0.7471,2023-01-01
acc_3674,Customer_3674,57724.4,0.2297,2023-01-01
acc_3675,Customer_3675,49129.47,0.4123,2023-01-01
acc_3676,Customer_3676,11930.5,0.3534,2023-01-01
acc_3677,Customer_3677,99013.04,0.047,2023-01-01
acc_3678,Customer_3678,15456.21,0.851,2023-01-01
acc_3679,Customer_3679,85474.1,0.1093,2023-01-01
acc_3680,Customer_3680,84727.18,0.8647,2023-01-01
acc_3681,Customer_3681,48502.97,0.1743,2023-01-01
acc_3682,Customer_3682,49606.63,0.0246,2023-01-01
acc_3683,Customer_3683,77045.67,0.1931,2023-01-01
acc_3684,Customer_3684,33064.62,0.5897,2023-01-01
acc_3685,Customer_3685,65407.08,0.2391,2023-01-01
acc_3686,Customer_3686,38558.71,0.5901,2023-01-01
acc_3687,Customer_3687,26880.13,0.859,2023-01-01
acc_3688,Customer_3688,52267.15,0.6505,2023-01-01
acc_3689,Customer_3689,85478.32,0.0811,2023-01-01
acc_3690,Customer_3690,82983.64,0.2642,2023-01-01
acc_3691,Customer_3691,20887.69,0.6828,2023-01-01
acc_3692,Customer_3692,43174.93,0.7505,2023-01-01
acc_3693,Customer_3693,9289.8,0.6264,2023-01-01
acc_3694,Customer_3694,47894.55,0.741,2023-01-01
acc_3695,Customer_3695,2655.78,0.073,2023-01-01
acc_3696,Customer_3696,65174.06,0.9941,2023-01-01
acc_3697,Customer_3697,11377.63,0.2521,2023-01-01
acc_3698,Customer_3698,5349.81,0.8151,2023-01-01
acc_3699,Customer_3699,10734.93,0.7171,2023-01-01
acc_3700,Customer_3700,37752.54,0.5346,2023-01-01
acc_3701,Customer_3701,37452.03,0.2092,2023-01-01
acc_3702,Customer_3702,84973.99,0.0696,2023-01-01
acc_3703,Customer_3703,37696.2,0.7841,2023-01-01
acc_3704,Customer_3704,50426.91,0.5188,2023-01-01
acc_3705,Customer_3705,11368.68,0.2101,2023-01-01
acc_3706,Customer_3706,73121.86,0.3128,2023-01-01
acc_3707,Customer_3707,73812.14,0.5988,2023-01-01
acc_3708,Customer_3708,69728.06,0.2996,2023-01-01
acc_3709,Customer_3709,41618.91,0.8508,2023-01-01
acc_3710,Customer_3710,19300.61,0.0737,2023-01-01
acc_3711,Customer_3711,80093.24,0.8625,2023-01-01
acc_3712,Customer_3712,18009.44,0.8163,2023-01-01
acc_3713,Customer_3713,23069.19,0.7921,2023-01-01
acc_3714,Customer_3714,68996.28,0.4618,2023-01-01
acc_3715,Customer_3715,39364.08,0.8702,2023-01-01
acc_3716,Customer_3716,21545.39,0.5858,2023-01-01
acc_3717,Customer_3717,18874.74,0.9322,2023-01-01
acc_3718,Customer_3718,10171.79,0.9369,2023-01-01
acc_3719,Customer_3719,89676.35,0.9678,2023-01-01
acc_3720,Customer_3720,72158.6,0.9452,2023-01-01
acc_3721,Customer_3721,1583.81,0.3627,2023-01-01
acc_3722,Customer_3722,52857.77,0.5663,2023-01-01
acc_3723,Customer_3723,3028.67,0.8696,2023-01-01
acc_3724,Customer_3724,13868.39,0.1376,2023-01-01
acc_3725,Customer_3725,7666.21,0.8955,2023-01-01
acc_3726,Customer_3726,21670.96,0.622,2023-01-01
acc_3727,Customer_3727,89996.4,0.6927,2023-01-01
acc_3728,Customer_3728,68606.01,0.8163,2023-01-01
acc_3729,Customer_3729,8223.23,0.6548,2023-01-01
acc_3730,Customer_3730,41713.65,0.7168,2023-01-01
acc_3731,Customer_3731,65164.45,0.314,2023-01-01
acc_3732,Customer_3732,56845.12,0.765,2023-01-01
acc_3733,Customer_3733,90515.46,0.8888,2023-01-01
acc_3734,Customer_3734,19096.71,0.406,2023-01-01
acc_3735,Customer_3735,92543.72,0.5973,2023-01-01
acc_3736,Customer_3736,7794.32,0.2396,2023-01-01
acc_3737,Customer_3737,29334.4,0.7114,2023-01-01
acc_3738,Customer_3738,43601.84,0.4099,2023-01-01
acc_3739,Customer_3739,79193.91,0.0624,2023-01-01
acc_3740,Customer_3740,39229.86,0.9831,2023-01-01
acc_3741,Customer_3741,80684.44,0.799,2023-01-01
acc_3742,Customer_3742,10288.0,0.1129,2023-01-01
acc_3743,Customer_3743,2125.38,0.0442,2023-01-01
acc_3744,Customer_3744,96247.24,0.9434,2023-01-01
acc_3745,Customer_3745,95771.69,0.5622,2023-01-01
acc_3746,Customer_3746,14401.91,0.0945,2023-01-01
acc_3747,Customer_3747,84288.02,0.5728,2023-01-01
acc_3748,Customer_3748,96823.77,0.2051,2023-01-01
acc_3749,Customer_3749,23698.17,0.7813,2023-01-01
acc_3750,Customer_3750,7331.81,0.6587,2023-01-01
acc_3751,Customer_3751,21865.88,0.6548,2023-01-01
acc_3752,Customer_3752,79081.98,0.9039,2023-01-01
acc_3753,Customer_3753,85685.86,0.5388,2023-01-01
acc_3754,Customer_3754,70448.0,0.3485,2023-01-01
acc_3755,Customer_3755,66705.42,0.6103,2023-01-01
acc_3756,Customer_3756,43546.92,0.3791,2023-01-01
acc_3757,Customer_3757,48408.19,0.9363,2023-01-01
acc_3758,Customer_3758,82337.8,0.0072,2023-01-01
acc_3759,Customer_3759,80163.51,0.4023,2023-01-01
acc_3760,Customer_3760,97822.26,0.1303,2023-01-01
acc_3761,Customer_3761,84915.05,0.4901,2023-01-01
acc_3762,Customer_3762,26790.12,0.9245,2023-01-01
acc_3763,Customer_3763,56210.16,0.7853,2023-01-01
acc_3764,Customer_3764,41731.98,0.3245,2023-01-01
acc_3765,Customer_3765,87718.21,0.4147,2023-01-01
acc_3766,Customer_3766,17864.52,0.654,2023-01-01
acc_3767,Customer_3767,74397.41,0.9114,2023-01-01
acc_3768,Customer_3768,67561.75,0.3166,2023-01-01
acc_3769,Customer_3769,19595.29,0.5872,2023-01-01
acc_3770,Customer_3770,82001.1,0.1089,2023-01-01
acc_3771,Customer_3771,77022.38,0.8545,2023-01-01
acc_3772,Customer_3772,56192.01,0.6287,2023-01-01
acc_3773,Customer_3773,98651.55,0.7422,2023-01-01
acc_3774,Customer_3774,30033.49,0.8004,2023-01-01
acc_3775,Customer_3775,58805.92,0.3621,2023-01-01
acc_3776,Customer_3776,92139.65,0.3364,2023-01-01
acc_3777,Customer_3777,59131.78,0.9707,2023-01-01
acc_3778,Customer_3778,91032.46,0.953,2023-01-01
acc_3779,Customer_3779,34942.08,0.2473,2023-01-01
acc_3780,Customer_3780,67596.69,0.2,2023-01-01
acc_3781,Customer_3781,88680.77,0.3262,2023-01-01
acc_3782,Customer_3782,83308.5,0.935,2023-01-01
acc_3783,Customer_3783,94319.35,0.3748,2023-01-01
acc_3784,Customer_3784,25211.86,0.6294,2023-01-01
acc_3785,Customer_3785,2495.55,0.9906,2023-01-01
acc_3786,Customer_3786,27669.86,0.4398,2023-01-01
acc_3787,Customer_3787,27668.41,0.9281,2023-01-01
acc_3788,Customer_3788,84291.2,0.5358,2023-01-01
acc_3789,Customer_3789,59491.87,0.9436,2023-01-01
acc_3790,Customer_3790,12070.21,0.0655,2023-01-01
acc_3791,Customer_3791,24529.99,0.056,2023-01-01
acc_3792,Customer_3792,56244.35,0.3364,2023-01-01
acc_3793,Customer_3793,86173.69,0.0761,2023-01-01
acc_3794,Customer_3794,14133.68,0.5767,2023-01-01
acc_3795,Customer_3795,17583.06,0.7677,2023-01-01
acc_3796,Customer_3796,13483.79,0.5281,2023-01-01
acc_3797,Customer_3797,65362.34,0.2777,2023-01-01
acc_3798,Customer_3798,70027.88,0.538,2023-01-01
acc_3799,Customer_3799,436.89,0.2142,2023-01-01
acc_3800,Customer_3800,19621.69,0.4934,2023-01-01
acc_3801,Customer_3801,25614.61,0.0128,2023-01-01
acc_3802,Customer_3802,78798.69,0.2652,2023-01-01
acc_3803,Customer_3803,30480.13,0.9859,2023-01-01
acc_3804,Customer_3804,14128.4,0.3248,2023-01-01
acc_3805,Customer_3805,56135.92,0.8637,2023-01-01
acc_3806,Customer_3806,10822.77,0.3374,2023-01-01
acc_3807,Customer_3807,61462.73,0.8049,2023-01-01
acc_3808,Customer_3808,66737.84,0.2941,2023-01-01
acc_3809,Customer_3809,4076.48,0.0153,2023-01-01
acc_3810,Customer_3810,84289.49,0.3073,2023-01-01
acc_3811,Customer_3811,66244.79,0.4262,2023-01-01
acc_3812,Customer_3812,41965.42,0.6485,2023-01-01
acc_3813,Customer_3813,61136.02,0.5281,2023-01-01
acc_3814,Customer_3814,11424.38,0.8295,2023-01-01
acc_3815,Customer_3815,45030.29,0.3014,2023-01-01
acc_3816,Customer_3816,47650.77,0.8865,2023-01-01
acc_3817,Customer_3817,69417.94,0.8529,2023-01-01
acc_3818,Customer_3818,89768.75,0.9955,2023-01-01
acc_3819,Customer_3819,10586.19,0.4454,2023-01-01
acc_3820,Customer_3820,16731.88,0.6031,2023-01-01
acc_3821,Customer_3821,56860.47,0.1914,2023-01-01
acc_3822,Customer_3822,16230.93,0.9281,2023-01-01
acc_3823,Customer_3823,9388.8,0.8889,2023-01-01
acc_3824,Customer_3824,36718.42,0.7915,2023-01-01
acc_3825,Customer_3825,79470.49,0.4917,2023-01-01
acc_3826,Customer_3826,50255.21,0.0414,2023-01-01
acc_3827,Customer_3827,27807.26,0.43,2023-01-01
acc_3828,Customer_3828,55543.41,0.587,2023-01-01
acc_3829,Customer_3829,28277.26,0.4259,2023-01-01
acc_3830,Customer_3830,19421.86,0.6941,2023-01-01
acc_3831,Customer_3831,24108.26,0.6464,2023-01-01
acc_3832,Customer_3832,97619.51,0.2248,2023-01-01
acc_3833,Customer_3833,2436.31,0.4157,2023-01-01
acc_3834,Customer_3834,8497.16,0.5309,2023-01-01
acc_3835,Customer_3835,95087.27,0.2635,2023-01-01
acc_3836,Customer_3836,9864.7,0.3815,2023-01-01
acc_3837,Customer_3837,71117.28,0.8798,2023-01-01
acc_3838,Customer_3838,44760.5,0.0144,2023-01-01
acc_3839,Customer_3839,79154.97,0.163,2023-01-01
acc_3840,Customer_3840,49760.87,0.2121,2023-01-01
acc_3841,Customer_3841,35277.35,0.7783,2023-01-01
acc_3842,Customer_3842,14901.46,0.4972,2023-01-01
acc_3843,Customer_3843,49439.04,0.1844,2023-01-01
acc_3844,Customer_3844,32734.16,0.6865,2023-01-01
acc_3845,Customer_3845,15625.01,0.8187,2023-01-01
acc_3846,Customer_3846,7717.52,0.4378,2023-01-01
acc_3847,Customer_3847,53513.97,0.4244,2023-01-01
acc_3848,Customer_3848,74582.37,0.4475,2023-01-01
acc_3849,Customer_3849,53878.04,0.6833,2023-01-01
acc_3850,Customer_3850,10686.23,0.2774,2023-01-01
acc_3851,Customer_3851,57895.07,0.9282,2023-01-01
acc_3852,Customer_3852,49920.77,0.1893,2023-01-01
acc_3853,Customer_3853,18566.96,0.0312,2023-01-01
acc_3854,Customer_3854,12455.9,0.5928,2023-01-01
acc_3855,Customer_3855,11455.19,0.158,2023-01-01
acc_3856,Customer_3856,33181.05,0.3003,2023-01-01
acc_3857,Customer_3857,89243.96,0.1128,2023-01-01
acc_3858,Customer_3858,54488.79,0.3435,2023-01-01
acc_3859,Customer_3859,62640.16,0.8837,2023-01-01
acc_3860,Customer_3860,14619.23,0.3382,2023-01-01
acc_3861,Customer_3861,77240.04,0.2497,2023-01-01
acc_3862,Customer_3862,28671.1,0.0051,2023-01-01
acc_3863,Customer_3863,25314.42,0.7812,2023-01-01
acc_3864,Customer_3864,62262.25,0.6398,2023-01-01
acc_3865,Customer_3865,20783.06,0.7055,2023-01-01
acc_3866,Customer_3866,95646.19,0.0244,2023-01-01
acc_3867,Customer_3867,45211.14,0.406,2023-01-01
acc_3868,Customer_3868,50897.14,0.7887,2023-01-01
acc_3869,Customer_3869,72750.44,0.9736,2023-01-01
acc_3870,Customer_3870,67079.26,0.679,2023-01-01
acc_3871,Customer_3871,48380.44,0.271,2023-01-01
acc_3872,Customer_3872,42915.77,0.1959,2023-01-01
acc_3873,Customer_3873,71905.13,0.0794,2023-01-01
acc_3874,Customer_3874,35060.38,0.0844,2023-01-01
acc_3875,Customer_3875,69506.43,0.8628,2023-01-01
acc_3876,Customer_3876,41709.95,0.3434,2023-01-01
acc_3877,Customer_3877,80266.09,0.4931,2023-01-01
acc_3878,Customer_3878,31605.4,0.1334,2023-01-01
acc_3879,Customer_3879,29488.78,0.7238,2023-01-01
acc_3880,Customer_3880,1047.03,0.1298,2023-01-01
acc_3881,Customer_3881,85171.71,0.5513,2023-01-01
acc_3882,Customer_3882,32458.99,0.6027,2023-01-01
acc_3883,Customer_3883,40482.89,0.2287,2023-01-01
acc_3884,Customer_3884,33264.32,0.8041,2023-01-01
acc_3885,Customer_3885,85685.25,0.1774,2023-01-01
acc_3886,Customer_3886,86831.61,0.2706,2023-01-01
acc_3887,Customer_3887,75660.19,0.2234,2023-01-01
acc_3888,Customer_3888,78161.53,0.7837,2023-01-01
acc_3889,Customer_3889,77884.1,0.6611,2023-01-01
acc_3890,Customer_3890,40571.74,0.6697,2023-01-01
acc_3891,Customer_3891,12385.03,0.8346,2023-01-01
acc_3892,Customer_3892,44121.7,0.6661,2023-01-01
acc_3893,Customer_3893,8937.76,0.008,2023-01-01
acc_3894,Customer_3894,30957.54,0.23,2023-01-01
acc_3895,Customer_3895,84194.11,0.6872,2023-01-01
acc_3896,Customer_3896,68231.08,0.828,2023-01-01
acc_3897,Customer_3897,13293.57,0.8925,2023-01-01
acc_3898,Customer_3898,17249.8,0.4242,2023-01-01
acc_3899,Customer_3899,99825.9,0.6229,2023-01-01
acc_3900,Customer_3900,52992.26,0.0402,2023-01-01
acc_3901,Customer_3901,17948.08,0.8954,2023-01-01
acc_3902,Customer_3902,60478.45,0.1332,2023-01-01
acc_3903,Customer_3903,27987.27,0.7689,2023-01-01
acc_3904,Customer_3904,97125.31,0.1984,2023-01-01
acc_3905,Customer_3905,8437.16,0.3004,2023-01-01
acc_3906,Customer_3906,53825.26,0.6684,2023-01-01
acc_3907,Customer_3907,66808.97,0.7008,2023-01-01
acc_3908,Customer_3908,52876.54,0.9181,2023-01-01
acc_3909,Customer_3909,32363.78,0.6104,2023-01-01
acc_3910,Customer_3910,7270.82,0.4843,2023-01-01
acc_3911,Customer_3911,55407.23,0.9331,2023-01-01
acc_3912,Customer_3912,71335.12,0.6285,2023-01-01
acc_3913,Customer_3913,43859.71,0.5773,2023-01-01
acc_3914,Customer_3914,23847.89,0.7794,2023-01-01
acc_3915,Customer_3915,80755.51,0.5443,2023-01-01
acc_3916,Customer_3916,54845.07,0.594,2023-01-01
acc_3917,Customer_3917,83128.42,0.0563,2023-01-01
acc_3918,Customer_3918,60394.75,0.4093,2023-01-01
acc_3919,Customer_3919,90484.08,0.2067,2023-01-01
acc_3920,Customer_3920,32316.72,0.4371,2023-01-01
acc_3921,Customer_3921,59052.93,0.9887,2023-01-01
acc_3922,Customer_3922,49492.62,0.8236,2023-01-01
acc_3923,Customer_3923,57181.17,0.2776,2023-01-01
acc_3924,Customer_3924,61916.43,0.1289,2023-01-01
acc_3925,Customer_3925,28520.62,0.6923,2023-01-01
acc_3926,Customer_3926,3163.92,0.7391,2023-01-01
acc_3927,Customer_3927,99919.46,0.5492,2023-01-01
acc_3928,Customer_3928,69631.13,0.3747,2023-01-01
acc_3929,Customer_3929,5737.34,0.1434,2023-01-01
acc_3930,Customer_3930,93361.6,0.4562,2023-01-01
acc_3931,Customer_3931,10198.78,0.7984,2023-01-01
acc_3932,Customer_3932,6099.86,0.2293,2023-01-01
acc_3933,Customer_3933,38118.63,0.9169,2023-01-01
acc_3934,Customer_3934,17348.8,0.765,2023-01-01
acc_3935,Customer_3935,51004.75,0.3654,2023-01-01
acc_3936,Customer_3936,94081.72,0.0282,2023-01-01
acc_3937,Customer_3937,7449.14,0.661,2023-01-01
acc_3938,Customer_3938,48974.13,0.7398,2023-01-01
acc_3939,Customer_3939,10048.22,0.5435,2023-01-01
acc_3940,Customer_3940,9913.34,0.4806,2023-01-01
acc_3941,Customer_3941,36361.56,0.6517,2023-01-01
acc_3942,Customer_3942,16140.83,0.5259,2023-01-01
acc_3943,Customer_3943,91367.29,0.2069,2023-01-01
acc_3944,Customer_3944,49968.2,0.427,2023-01-01
acc_3945,Customer_3945,89847.47,0.0616,2023-01-01
acc_3946,Customer_3946,46712.35,0.9953,2023-01-01
acc_3947,Customer_3947,98667.84,0.4854,2023-01-01
acc_3948,Customer_3948,7269.06,0.3855,2023-01-01
acc_3949,Customer_3949,90480.28,0.1083,2023-01-01
acc_3950,Customer_3950,87159.03,0.7632,2023-01-01
acc_3951,Customer_3951,30036.48,0.3023,2023-01-01
acc_3952,Customer_3952,12230.37,0.7209,2023-01-01
acc_3953,Customer_3953,42498.61,0.7457,2023-01-01
acc_3954,Customer_3954,38039.33,0.1405,2023-01-01
acc_3955,Customer_3955,98879.02,0.0748,2023-01-01
acc_3956,Customer_3956,1989.24,0.6884,2023-01-01
acc_3957,Customer_3957,22788.28,0.0849,2023-01-01
acc_3958,Customer_3958,14614.51,0.668,2023-01-01
acc_3959,Customer_3959,50473.74,0.0537,2023-01-01
acc_3960,Customer_3960,28282.57,0.7672,2023-01-01
acc_3961,Customer_3961,7441.93,0.5965,2023-01-01
acc_3962,Customer_3962,86974.92,0.0677,2023-01-01
acc_3963,Customer_3963,52705.35,0.5473,2023-01-01
acc_3964,Customer_3964,81361.58,0.6139,2023-01-01
acc_3965,Customer_3965,78952.41,0.1148,2023-01-01
acc_3966,Customer_3966,6513.42,0.4145,2023-01-01
acc_3967,Customer_3967,61034.11,0.738,2023-01-01
acc_3968,Customer_3968,76101.99,0.0387,2023-01-01
acc_3969,Customer_3969,40431.79,0.5869,2023-01-01
acc_3970,Customer_3970,39082.81,0.004,2023-01-01
acc_3971,Customer_3971,53684.74,0.3731,2023-01-01
acc_3972,Customer_3972,71199.35,0.9486,2023-01-01
acc_3973,Customer_3973,87058.11,0.0036,2023-01-01
acc_3974,Customer_3974,28364.28,0.1767,2023-01-01
acc_3975,Customer_3975,29922.38,0.9492,2023-01-01
acc_3976,Customer_3976,55949.19,0.0955,2023-01-01
acc_3977,Customer_3977,68670.21,0.1903,2023-01-01
acc_3978,Customer_3978,96171.51,0.4474,2023-01-01
acc_3979,Customer_3979,41641.65,0.117,2023-01-01
acc_3980,Customer_3980,861.03,0.1304,2023-01-01
acc_3981,Customer_3981,9833.35,0.788,2023-01-01
acc_3982,Customer_3982,38859.05,0.827,2023-01-01
acc_3983,Customer_3983,66385.86,0.4398,2023-01-01
acc_3984,Customer_3984,92093.59,0.8027,2023-01-01
acc_3985,Customer_3985,19743.35,0.066,2023-01-01
acc_3986,Customer_3986,13495.82,0.7648,2023-01-01
acc_3987,Customer_3987,78104.86,0.4247,2023-01-01
acc_3988,Customer_3988,86249.12,0.5269,2023-01-01
acc_3989,Customer_3989,83727.96,0.5496,2023-01-01
acc_3990,Customer_3990,87579.42,0.9254,2023-01-01
acc_3991,Customer_3991,39717.35,0.2543,2023-01-01
acc_3992,Customer_3992,33712.03,0.6655,2023-01-01
acc_3993,Customer_3993,72329.76,0.0761,2023-01-01
acc_3994,Customer_3994,59213.39,0.0968,2023-01-01
acc_3995,Customer_3995,87347.68,0.0676,2023-01-01
acc_3996,Customer_3996,33659.29,0.0689,2023-01-01
acc_3997,Customer_3997,41394.26,0.277,2023-01-01
acc_3998,Customer_3998,39963.54,0.3085,2023-01-01
acc_3999,Customer_3999,51251.09,0.5852,2023-01-01
acc_4000,Customer_4000,5824.17,0.3061,2023-01-01
acc_4001,Customer_4001,15199.66,0.1919,2023-01-01
acc_4002,Customer_4002,43495.79,0.6678,2023-01-01
acc_4003,Customer_4003,90736.12,0.69,2023-01-01
acc_4004,Customer_4004,29025.29,0.8434,2023-01-01
acc_4005,Customer_4005,92927.12,0.9211,2023-01-01
acc_4006,Customer_4006,63921.51,0.5768,2023-01-01
acc_4007,Customer_4007,74812.74,0.6947,2023-01-01
acc_4008,Customer_4008,27629.49,0.3223,2023-01-01
acc_4009,Customer_4009,16653.93,0.4277,2023-01-01
acc_4010,Customer_4010,92932.26,0.0105,2023-01-01
acc_4011,Customer_4011,14836.43,0.6687,2023-01-01
acc_4012,Customer_4012,71526.76,0.3526,2023-01-01
acc_4013,Customer_4013,42786.97,0.3632,2023-01-01
acc_4014,Customer_4014,6386.51,0.5707,2023-01-01
acc_4015,Customer_4015,35086.41,0.9936,2023-01-01
acc_4016,Customer_4016,34272.06,0.4609,2023-01-01
acc_4017,Customer_4017,98529.24,0.7402,2023-01-01
acc_4018,Customer_4018,70303.62,0.7459,2023-01-01
acc_4019,Customer_4019,62262.65,0.838,2023-01-01
acc_4020,Customer_4020,13324.78,0.7315,2023-01-01
acc_4021,Customer_4021,37916.73,0.558,2023-01-01
acc_4022,Customer_4022,85906.47,0.7473,2023-01-01
acc_4023,Customer_4023,65312.96,0.9584,2023-01-01
acc_4024,Customer_4024,42334.38,0.0243,2023-01-01
acc_4025,Customer_4025,96132.8,0.4084,2023-01-01
acc_4026,Customer_4026,60704.05,0.8319,2023-01-01
acc_4027,Customer_4027,78433.32,0.2133,2023-01-01
acc_4028,Customer_4028,19730.65,0.7317,2023-01-01
acc_4029,Customer_4029,41373.91,0.6277,2023-01-01
acc_4030,Customer_4030,73391.81,0.6765,2023-01-01
acc_4031,Customer_4031,73550.99,0.3306,2023-01-01
acc_4032,Customer_4032,62991.53,0.9555,2023-01-01
acc_4033,Customer_4033,296.31,0.9804,2023-01-01
acc_4034,Customer_4034,37244.14,0.2781,2023-01-01
acc_4035,Customer_4035,68567.57,0.2321,2023-01-01
acc_4036,Customer_4036,22125.72,0.7027,2023-01-01
acc_4037,Customer_4037,58814.02,0.651,2023-01-01
acc_4038,Customer_4038,88567.53,0.0169,2023-01-01
acc_4039,Customer_4039,39674.58,0.2928,2023-01-01
acc_4040,Customer_4040,83865.4,0.4056,2023-01-01
acc_4041,Customer_4041,36171.47,0.6026,2023-01-01
acc_4042,Customer_4042,58348.29,0.1238,2023-01-01
acc_4043,Customer_4043,78739.84,0.935,2023-01-01
acc_4044,Customer_4044,76069.1,0.3327,2023-01-01
acc_4045,Customer_4045,33515.32,0.0941,2023-01-01
acc_4046,Customer_4046,17908.93,0.8746,2023-01-01
acc_4047,Customer_4047,19094.04,0.448,2023-01-01
acc_4048,Customer_4048,16526.75,0.675,2023-01-01
acc_4049,Customer_4049,18628.22,0.7973,2023-01-01
acc_4050,Customer_4050,5596.5,0.3052,2023-01-01
acc_4051,Customer_4051,16245.28,0.5371,2023-01-01
acc_4052,Customer_4052,32738.37,0.6157,2023-01-01
acc_4053,Customer_4053,57251.8,0.3261,2023-01-01
acc_4054,Customer_4054,4012.65,0.3231,2023-01-01
acc_4055,Customer_4055,11528.53,0.9874,2023-01-01
acc_4056,Customer_4056,48082.23,0.8288,2023-01-01
acc_4057,Customer_4057,84935.57,0.5774,2023-01-01
acc_4058,Customer_4058,27703.07,0.574,2023-01-01
acc_4059,Customer_4059,81028.65,0.242,2023-01-01
acc_4060,Customer_4060,27175.18,0.6656,2023-01-01
acc_4061,Customer_4061,73326.76,0.0013,2023-01-01
acc_4062,Customer_4062,62974.22,0.4949,2023-01-01
acc_4063,Customer_4063,66250.38,0.7633,2023-01-01
acc_4064,Customer_4064,2858.99,0.0039,2023-01-01
acc_4065,Customer_4065,17677.84,0.3614,2023-01-01
acc_4066,Customer_4066,49535.7,0.5545,2023-01-01
acc_4067,Customer_4067,77404.74,0.4039,2023-01-01
acc_4068,Customer_4068,93266.01,0.782,2023-01-01
acc_4069,Customer_4069,96220.27,0.8329,2023-01-01
acc_4070,Customer_4070,73721.25,0.4624,2023-01-01
acc_4071,Customer_4071,99398.64,0.369,2023-01-01
acc_4072,Customer_4072,16391.96,0.8797,2023-01-01
acc_4073,Customer_4073,46244.31,0.8636,2023-01-01
acc_4074,Customer_4074,46731.93,0.8387,2023-01-01
acc_4075,Customer_4075,7914.95,0.0514,2023-01-01
acc_4076,Customer_4076,46321.84,0.8221,2023-01-01
acc_4077,Customer_4077,83293.86,0.1127,2023-01-01
acc_4078,Customer_4078,15389.39,0.6638,2023-01-01
acc_4079,Customer_4079,15747.31,0.5678,2023-01-01
acc_4080,Customer_4080,12573.49,0.4321,2023-01-01
acc_4081,Customer_4081,34337.49,0.3715,2023-01-01
acc_4082,Customer_4082,49760.33,0.9384,2023-01-01
acc_4083,Customer_4083,6090.38,0.1249,2023-01-01
acc_4084,Customer_4084,97181.09,0.458,2023-01-01
acc_4085,Customer_4085,49450.12,0.5405,2023-01-01
acc_4086,Customer_4086,59674.44,0.0163,2023-01-01
acc_4087,Customer_4087,92674.66,0.6969,2023-01-01
acc_4088,Customer_4088,72625.0,0.9317,2023-01-01
acc_4089,Customer_4089,11043.93,0.5066,2023-01-01
acc_4090,Customer_4090,23086.25,0.2479,2023-01-01
acc_4091,Customer_4091,2590.91,0.6649,2023-01-01
acc_4092,Customer_4092,76959.98,0.9074,2023-01-01
acc_4093,Customer_4093,77000.23,0.6129,2023-01-01
acc_4094,Customer_4094,94275.67,0.3649,2023-01-01
acc_4095,Customer_4095,31622.42,0.3182,2023-01-01
acc_4096,Customer_4096,58843.18,0.0497,2023-01-01
acc_4097,Customer_4097,52494.14,0.49,2023-01-01
acc_4098,Customer_4098,57990.36,0.9327,2023-01-01
acc_4099,Customer_4099,68549.02,0.3279,2023-01-01
acc_4100,Customer_4100,47842.99,0.5075,2023-01-01
acc_4101,Customer_4101,92548.79,0.6415,2023-01-01
acc_4102,Customer_4102,34811.59,0.8875,2023-01-01
acc_4103,Customer_4103,4517.71,0.1713,2023-01-01
acc_4104,Customer_4104,27940.68,0.9563,2023-01-01
acc_4105,Customer_4105,87655.19,0.2447,2023-01-01
acc_4106,Customer_4106,58455.19,0.2876,2023-01-01
acc_4107,Customer_4107,93574.32,0.6233,2023-01-01
acc_4108,Customer_4108,72897.67,0.9312,2023-01-01
acc_4109,Customer_4109,80624.86,0.9286,2023-01-01
acc_4110,Customer_4110,15228.36,0.2594,2023-01-01
acc_4111,Customer_4111,87127.63,0.8464,2023-01-01
acc_4112,Customer_4112,76806.39,0.7195,2023-01-01
acc_4113,Customer_4113,85476.2,0.4751,2023-01-01
acc_4114,Customer_4114,10125.38,0.7272,2023-01-01
acc_4115,Customer_4115,24768.18,0.6091,2023-01-01
acc_4116,Customer_4116,56026.85,0.3891,2023-01-01
acc_4117,Customer_4117,65584.33,0.3854,2023-01-01
acc_4118,Customer_4118,9701.48,0.8605,2023-01-01
acc_4119,Customer_4119,84702.01,0.2829,2023-01-01
acc_4120,Customer_4120,56043.88,0.1345,2023-01-01
acc_4121,Customer_4121,73827.94,0.4553,2023-01-01
acc_4122,Customer_4122,38373.12,0.9315,2023-01-01
acc_4123,Customer_4123,82771.36,0.8429,2023-01-01
acc_4124,Customer_4124,80647.8,0.7269,2023-01-01
acc_4125,Customer_4125,90334.95,0.3194,2023-01-01
acc_4126,Customer_4126,91963.67,0.4154,2023-01-01
acc_4127,Customer_4127,75332.4,0.3474,2023-01-01
acc_4128,Customer_4128,47168.56,0.2488,2023-01-01
acc_4129,Customer_4129,11805.25,0.3205,2023-01-01
acc_4130,Customer_4130,5457.34,0.3126,2023-01-01
acc_4131,Customer_4131,32766.01,0.0774,2023-01-01
acc_4132,Customer_4132,57527.29,0.8413,2023-01-01
acc_4133,Customer_4133,61088.61,0.1045,2023-01-01
acc_4134,Customer_4134,25021.67,0.2963,2023-01-01
acc_4135,Customer_4135,31284.45,0.7288,2023-01-01
acc_4136,Customer_4136,42000.67,0.0637,2023-01-01
acc_4137,Customer_4137,69574.66,0.2265,2023-01-01
acc_4138,Customer_4138,99137.01,0.0233,2023-01-01
acc_4139,Customer_4139,82002.61,0.5106,2023-01-01
acc_4140,Customer_4140,26678.13,0.1535,2023-01-01
acc_4141,Customer_4141,20441.74,0.2862,2023-01-01
acc_4142,Customer_4142,6475.76,0.8661,2023-01-01
acc_4143,Customer_4143,22271.28,0.0668,2023-01-01
acc_4144,Customer_4144,49219.86,0.1301,2023-01-01
acc_4145,Customer_4145,35477.68,0.8749,2023-01-01
acc_4146,Customer_4146,86683.84,0.9506,2023-01-01
acc_4147,Customer_4147,64886.49,0.8764,2023-01-01
acc_4148,Customer_4148,46506.99,0.6168,2023-01-01
acc_4149,Customer_4149,60876.82,0.9619,2023-01-01
acc_4150,Customer_4150,91895.41,0.9878,2023-01-01
acc_4151,Customer_4151,93229.21,0.2174,2023-01-01
acc_4152,Customer_4152,96019.36,0.0739,2023-01-01
acc_4153,Customer_4153,27818.26,0.7922,2023-01-01
acc_4154,Customer_4154,99784.53,0.1161,2023-01-01
acc_4155,Customer_4155,30194.19,0.4674,2023-01-01
acc_4156,Customer_4156,38545.53,0.1945,2023-01-01
acc_4157,Customer_4157,25060.94,0.8108,2023-01-01
acc_4158,Customer_4158,5436.61,0.8161,2023-01-01
acc_4159,Customer_4159,33655.65,0.6814,2023-01-01
acc_4160,Customer_4160,83418.04,0.6211,2023-01-01
acc_4161,Customer_4161,24254.96,0.6965,2023-01-01
acc_4162,Customer_4162,65725.51,0.9183,2023-01-01
acc_4163,Customer_4163,29428.89,0.0357,2023-01-01
acc_4164,Customer_4164,17460.72,0.9673,2023-01-01
acc_4165,Customer_4165,63590.35,0.4173,2023-01-01
acc_4166,Customer_4166,68767.96,0.3329,2023-01-01
acc_4167,Customer_4167,11848.07,0.5959,2023-01-01
acc_4168,Customer_4168,91287.07,0.0758,2023-01-01
acc_4169,Customer_4169,37852.83,0.4711,2023-01-01
acc_4170,Customer_4170,60563.9,0.9479,2023-01-01
acc_4171,Customer_4171,84326.07,0.9684,2023-01-01
acc_4172,Customer_4172,47371.58,0.4102,2023-01-01
acc_4173,Customer_4173,75733.07,0.2183,2023-01-01
acc_4174,Customer_4174,41476.49,0.1706,2023-01-01
acc_4175,Customer_4175,10024.48,0.7863,2023-01-01
acc_4176,Customer_4176,1840.57,0.7028,2023-01-01
acc_4177,Customer_4177,81706.07,0.9375,2023-01-01
acc_4178,Customer_4178,83325.01,0.809,2023-01-01
acc_4179,Customer_4179,95274.15,0.3866,2023-01-01
acc_4180,Customer_4180,23496.67,0.1126,2023-01-01
acc_4181,Customer_4181,15120.48,0.1638,2023-01-01
acc_4182,Customer_4182,37428.0,0.569,2023-01-01
acc_4183,Customer_4183,10555.02,0.7607,2023-01-01
acc_4184,Customer_4184,81011.47,0.0264,2023-01-01
acc_4185,Customer_4185,40872.51,0.2682,2023-01-01
acc_4186,Customer_4186,95591.74,0.772,2023-01-01
acc_4187,Customer_4187,51188.86,0.5447,2023-01-01
acc_4188,Customer_4188,8965.86,0.3533,2023-01-01
acc_4189,Customer_4189,79307.53,0.0669,2023-01-01
acc_4190,Customer_4190,34761.48,0.8024,2023-01-01
acc_4191,Customer_4191,50234.73,0.68,2023-01-01
acc_4192,Customer_4192,40640.2,0.0905,2023-01-01
acc_4193,Customer_4193,65464.17,0.5114,2023-01-01
acc_4194,Customer_4194,61797.44,0.0365,2023-01-01
acc_4195,Customer_4195,2870.49,0.9278,2023-01-01
acc_4196,Customer_4196,88809.23,0.5107,2023-01-01
acc_4197,Customer_4197,41176.94,0.0978,2023-01-01
acc_4198,Customer_4198,83409.62,0.7846,2023-01-01
acc_4199,Customer_4199,65750.35,0.8023,2023-01-01
acc_4200,Customer_4200,49509.77,0.8347,2023-01-01
acc_4201,Customer_4201,17517.47,0.0687,2023-01-01
acc_4202,Customer_4202,54815.48,0.5583,2023-01-01
acc_4203,Customer_4203,57938.52,0.2303,2023-01-01
acc_4204,Customer_4204,39449.33,0.121,2023-01-01
acc_4205,Customer_4205,81276.19,0.8474,2023-01-01
acc_4206,Customer_4206,64883.94,0.9664,2023-01-01
acc_4207,Customer_4207,62886.79,0.9355,2023-01-01
acc_4208,Customer_4208,80703.55,0.8948,2023-01-01
acc_4209,Customer_4209,37197.37,0.0938,2023-01-01
acc_4210,Customer_4210,14629.27,0.6404,2023-01-01
acc_4211,Customer_4211,79004.71,0.4417,2023-01-01
acc_4212,Customer_4212,79235.19,0.6796,2023-01-01
acc_4213,Customer_4213,20558.74,0.189,2023-01-01
acc_4214,Customer_4214,20223.24,0.2675,2023-01-01
acc_4215,Customer_4215,25297.4,0.5445,2023-01-01
acc_4216,Customer_4216,23850.52,0.5733,2023-01-01
acc_4217,Customer_4217,62177.92,0.7975,2023-01-01
acc_4218,Customer_4218,66254.58,0.7634,2023-01-01
acc_4219,Customer_4219,48712.26,0.028,2023-01-01
acc_4220,Customer_4220,33196.08,0.6269,2023-01-01
acc_4221,Customer_4221,48125.26,0.919,2023-01-01
acc_4222,Customer_4222,18390.57,0.0316,2023-01-01
acc_4223,Customer_4223,44126.02,0.2218,2023-01-01
acc_4224,Customer_4224,84498.94,0.5405,2023-01-01
acc_4225,Customer_4225,71586.97,0.646,2023-01-01
acc_4226,Customer_4226,23421.46,0.4057,2023-01-01
acc_4227,Customer_4227,84493.87,0.242,2023-01-01
acc_4228,Customer_4228,93123.77,0.8051,2023-01-01
acc_4229,Customer_4229,51059.0,0.5413,2023-01-01
acc_4230,Customer_4230,51172.16,0.7151,2023-01-01
acc_4231,Customer_4231,64082.07,0.8156,2023-01-01
acc_4232,Customer_4232,52594.1,0.8944,2023-01-01
acc_4233,Customer_4233,8346.96,0.7898,2023-01-01
acc_4234,Customer_4234,88057.51,0.7892,2023-01-01
acc_4235,Customer_4235,11945.01,0.5155,2023-01-01
acc_4236,Customer_4236,12819.23,0.6656,2023-01-01
acc_4237,Customer_4237,58611.06,0.7039,2023-01-01
acc_4238,Customer_4238,66062.99,0.5433,2023-01-01
acc_4239,Customer_4239,74427.28,0.9522,2023-01-01
acc_4240,Customer_4240,33193.05,0.2809,2023-01-01
acc_4241,Customer_4241,91422.1,0.5879,2023-01-01
acc_4242,Customer_4242,6821.08,0.3126,2023-01-01
acc_4243,Customer_4243,38004.37,0.4654,2023-01-01
acc_4244,Customer_4244,61322.13,0.2884,2023-01-01
acc_4245,Customer_4245,10279.96,0.4727,2023-01-01
acc_4246,Customer_4246,94388.66,0.2134,2023-01-01
acc_4247,Customer_4247,75062.68,0.0977,2023-01-01
acc_4248,Customer_4248,51281.6,0.516,2023-01-01
acc_4249,Customer_4249,19075.39,0.572,2023-01-01
acc_4250,Customer_4250,89622.05,0.8435,2023-01-01
acc_4251,Customer_4251,91732.14,0.2666,2023-01-01
acc_4252,Customer_4252,74433.7,0.7717,2023-01-01
acc_4253,Customer_4253,8014.85,0.9019,2023-01-01
acc_4254,Customer_4254,72774.37,0.7442,2023-01-01
acc_4255,Customer_4255,19146.5,0.128,2023-01-01
acc_4256,Customer_4256,64972.11,0.9689,2023-01-01
acc_4257,Customer_4257,48688.72,0.9432,2023-01-01
acc_4258,Customer_4258,35911.29,0.4548,2023-01-01
acc_4259,Customer_4259,25355.27,0.7514,2023-01-01
acc_4260,Customer_4260,99162.93,0.3279,2023-01-01
acc_4261,Customer_4261,88616.36,0.2441,2023-01-01
acc_4262,Customer_4262,1835.52,0.1329,2023-01-01
acc_4263,Customer_4263,7250.91,0.4267,2023-01-01
acc_4264,Customer_4264,73215.09,0.0801,2023-01-01
acc_4265,Customer_4265,57597.34,0.2597,2023-01-01
acc_4266,Customer_4266,34703.83,0.8039,2023-01-01
acc_4267,Customer_4267,87479.91,0.6741,2023-01-01
acc_4268,Customer_4268,74493.32,0.9472,2023-01-01
acc_4269,Customer_4269,56800.23,0.8427,2023-01-01
acc_4270,Customer_4270,15057.55,0.8686,2023-01-01
acc_4271,Customer_4271,4564.85,0.0215,2023-01-01
acc_4272,Customer_4272,22776.11,0.7955,2023-01-01
acc_4273,Customer_4273,70948.51,0.8805,2023-01-01
acc_4274,Customer_4274,34316.8,0.891,2023-01-01
acc_4275,Customer_4275,81471.35,0.4346,2023-01-01
acc_4276,Customer_4276,85735.75,0.3265,2023-01-01
acc_4277,Customer_4277,59408.31,0.23,2023-01-01
acc_4278,Customer_4278,28150.49,0.7553,2023-01-01
acc_4279,Customer_4279,88926.7,0.0036,2023-01-01
acc_4280,Customer_4280,81644.36,0.8401,2023-01-01
acc_4281,Customer_4281,97270.03,0.6738,2023-01-01
acc_4282,Customer_4282,13831.14,0.9529,2023-01-01
acc_4283,Customer_4283,88608.23,0.7448,2023-01-01
acc_4284,Customer_4284,50915.75,0.6768,2023-01-01
acc_4285,Customer_4285,57519.77,0.5052,2023-01-01
acc_4286,Customer_4286,8798.51,0.3855,2023-01-01
acc_4287,Customer_4287,39316.82,0.4579,2023-01-01
acc_4288,Customer_4288,82614.13,0.2993,2023-01-01
acc_4289,Customer_4289,10906.63,0.2038,2023-01-01
acc_4290,Customer_4290,55764.24,0.4025,2023-01-01
acc_4291,Customer_4291,97000.9,0.128,2023-01-01
acc_4292,Customer_4292,51657.5,0.8055,2023-01-01
acc_4293,Customer_4293,28738.37,0.8931,2023-01-01
acc_4294,Customer_4294,82640.57,0.4198,2023-01-01
acc_4295,Customer_4295,76107.8,0.4281,2023-01-01
acc_4296,Customer_4296,78339.94,0.338,2023-01-01
acc_4297,Customer_4297,56541.43,0.4084,2023-01-01
acc_4298,Customer_4298,28785.71,0.4543,2023-01-01
acc_4299,Customer_4299,41619.34,0.7177,2023-01-01
acc_4300,Customer_4300,23545.93,0.9455,2023-01-01
acc_4301,Customer_4301,74974.37,0.7505,2023-01-01
acc_4302,Customer_4302,39897.58,0.8979,2023-01-01
acc_4303,Customer_4303,56579.85,0.8923,2023-01-01
acc_4304,Customer_4304,47548.24,0.9645,2023-01-01
acc_4305,Customer_4305,26792.95,0.2082,2023-01-01
acc_4306,Customer_4306,22714.32,0.362,2023-01-01
acc_4307,Customer_4307,77923.0,0.0457,2023-01-01
acc_4308,Customer_4308,61451.39,0.3118,2023-01-01
acc_4309,Customer_4309,49221.96,0.2964,2023-01-01
acc_4310,Customer_4310,39758.1,0.4185,2023-01-01
acc_4311,Customer_4311,12450.55,0.7417,2023-01-01
acc_4312,Customer_4312,34516.2,0.0944,2023-01-01
acc_4313,Customer_4313,81680.44,0.2176,2023-01-01
acc_4314,Customer_4314,72592.98,0.595,2023-01-01
acc_4315,Customer_4315,3888.22,0.9464,2023-01-01
acc_4316,Customer_4316,97039.14,0.7323,2023-01-01
acc_4317,Customer_4317,9397.65,0.6974,2023-01-01
acc_4318,Customer_4318,19286.78,0.4634,2023-01-01
acc_4319,Customer_4319,49594.77,0.2545,2023-01-01
acc_4320,Customer_4320,82459.2,0.1247,2023-01-01
acc_4321,Customer_4321,47874.33,0.6053,2023-01-01
acc_4322,Customer_4322,75402.81,0.8606,2023-01-01
acc_4323,Customer_4323,57127.07,0.9705,2023-01-01
acc_4324,Customer_4324,6384.63,0.3364,2023-01-01
acc_4325,Customer_4325,80656.3,0.2203,2023-01-01
acc_4326,Customer_4326,41346.81,0.4374,2023-01-01
acc_4327,Customer_4327,52328.71,0.1347,2023-01-01
acc_4328,Customer_4328,76120.13,0.978,2023-01-01
acc_4329,Customer_4329,63729.83,0.6941,2023-01-01
acc_4330,Customer_4330,25460.08,0.1969,2023-01-01
acc_4331,Customer_4331,35048.49,0.283,2023-01-01
acc_4332,Customer_4332,41223.36,0.5349,2023-01-01
acc_4333,Customer_4333,50166.27,0.6431,2023-01-01
acc_4334,Customer_4334,23393.93,0.1627,2023-01-01
acc_4335,Customer_4335,23689.58,0.095,2023-01-01
acc_4336,Customer_4336,28520.47,0.2575,2023-01-01
acc_4337,Customer_4337,56126.72,0.7867,2023-01-01
acc_4338,Customer_4338,28428.02,0.6138,2023-01-01
acc_4339,Customer_4339,32522.32,0.1044,2023-01-01
acc_4340,Customer_4340,39878.88,0.0757,2023-01-01
acc_4341,Customer_4341,53581.58,0.9868,2023-01-01
acc_4342,Customer_4342,2243.08,0.4838,2023-01-01
acc_4343,Customer_4343,22147.54,0.9563,2023-01-01
acc_4344,Customer_4344,42292.84,0.5973,2023-01-01
acc_4345,Customer_4345,38962.01,0.4364,2023-01-01
acc_4346,Customer_4346,8371.93,0.2834,2023-01-01
acc_4347,Customer_4347,85021.81,0.4505,2023-01-01
acc_4348,Customer_4348,71855.62,0.2846,2023-01-01
acc_4349,Customer_4349,80620.9,0.6324,2023-01-01
acc_4350,Customer_4350,99078.17,0.3249,2023-01-01
acc_4351,Customer_4351,23613.26,0.2529,2023-01-01
acc_4352,Customer_4352,47629.12,0.8509,2023-01-01
acc_4353,Customer_4353,81813.42,0.102,2023-01-01
acc_4354,Customer_4354,71029.66,0.1667,2023-01-01
acc_4355,Customer_4355,68625.23,0.4962,2023-01-01
acc_4356,Customer_4356,53740.55,0.7972,2023-01-01
acc_4357,Customer_4357,37117.13,0.5044,2023-01-01
acc_4358,Customer_4358,58507.51,0.58,2023-01-01
acc_4359,Customer_4359,46025.14,0.3194,2023-01-01
acc_4360,Customer_4360,27827.95,0.7402,2023-01-01
acc_4361,Customer_4361,75346.91,0.8218,2023-01-01
acc_4362,Customer_4362,33219.43,0.858,2023-01-01
acc_4363,Customer_4363,16352.67,0.3151,2023-01-01
acc_4364,Customer_4364,62368.88,0.4368,2023-01-01
acc_4365,Customer_4365,72053.45,0.6669,2023-01-01
acc_4366,Customer_4366,64892.9,0.472,2023-01-01
acc_4367,Customer_4367,6965.43,0.8542,2023-01-01
acc_4368,Customer_4368,27993.85,0.0493,2023-01-01
acc_4369,Customer_4369,54467.49,0.5053,2023-01-01
acc_4370,Customer_4370,4220.77,0.5111,2023-01-01
acc_4371,Customer_4371,76693.99,0.5697,2023-01-01
acc_4372,Customer_4372,74252.04,0.2746,2023-01-01
acc_4373,Customer_4373,56767.15,0.7354,2023-01-01
acc_4374,Customer_4374,901.29,0.1379,2023-01-01
acc_4375,Customer_4375,85493.67,0.6705,2023-01-01
acc_4376,Customer_4376,72726.52,0.287,2023-01-01
acc_4377,Customer_4377,44122.31,0.4963,2023-01-01
acc_4378,Customer_4378,1421.23,0.1216,2023-01-01
acc_4379,Customer_4379,17405.19,0.0493,2023-01-01
acc_4380,Customer_4380,24946.22,0.038,2023-01-01
acc_4381,Customer_4381,37955.84,0.1958,2023-01-01
acc_4382,Customer_4382,50199.04,0.2882,2023-01-01
acc_4383,Customer_4383,53479.24,0.6072,2023-01-01
acc_4384,Customer_4384,78706.48,0.6158,2023-01-01
acc_4385,Customer_4385,40611.79,0.6814,2023-01-01
acc_4386,Customer_4386,90623.05,0.9053,2023-01-01
acc_4387,Customer_4387,65230.49,0.1191,2023-01-01
acc_4388,Customer_4388,61086.27,0.5818,2023-01-01
acc_4389,Customer_4389,79826.74,0.5657,2023-01-01
acc_4390,Customer_4390,9887.52,0.8119,2023-01-01
acc_4391,Customer_4391,46011.2,0.5783,2023-01-01
acc_4392,Customer_4392,35267.45,0.4109,2023-01-01
acc_4393,Customer_4393,4467.61,0.5075,2023-01-01
acc_4394,Customer_4394,53356.84,0.8242,2023-01-01
acc_4395,Customer_4395,36094.82,0.1938,2023-01-01
acc_4396,Customer_4396,97643.37,0.8595,2023-01-01
acc_4397,Customer_4397,27150.89,0.9593,2023-01-01
acc_4398,Customer_4398,15105.32,0.1177,2023-01-01
acc_4399,Customer_4399,81372.06,0.0297,2023-01-01
acc_4400,Customer_4400,1196.19,0.9682,2023-01-01
acc_4401,Customer_4401,7987.82,0.7372,2023-01-01
acc_4402,Customer_4402,27404.08,0.5709,2023-01-01
acc_4403,Customer_4403,47828.29,0.143,2023-01-01
acc_4404,Customer_4404,10394.48,0.6151,2023-01-01
acc_4405,Customer_4405,21230.74,0.5531,2023-01-01
acc_4406,Customer_4406,18668.83,0.8034,2023-01-01
acc_4407,Customer_4407,57259.65,0.8879,2023-01-01
acc_4408,Customer_4408,29343.73,0.1481,2023-01-01
acc_4409,Customer_4409,96028.88,0.6151,2023-01-01
acc_4410,Customer_4410,19121.87,0.2136,2023-01-01
acc_4411,Customer_4411,17424.3,0.699,2023-01-01
acc_4412,Customer_4412,76639.21,0.2972,2023-01-01
acc_4413,Customer_4413,21988.81,0.154,2023-01-01
acc_4414,Customer_4414,88135.03,0.6825,2023-01-01
acc_4415,Customer_4415,2726.2,0.8435,2023-01-01
acc_4416,Customer_4416,9327.6,0.1097,2023-01-01
acc_4417,Customer_4417,70671.18,0.559,2023-01-01
acc_4418,Customer_4418,4489.62,0.4157,2023-01-01
acc_4419,Customer_4419,24274.97,0.0957,2023-01-01
acc_4420,Customer_4420,46593.51,0.1495,2023-01-01
acc_4421,Customer_4421,43124.21,0.7326,2023-01-01
acc_4422,Customer_4422,56030.47,0.8281,2023-01-01
acc_4423,Customer_4423,84197.97,0.3311,2023-01-01
acc_4424,Customer_4424,59553.71,0.1883,2023-01-01
acc_4425,Customer_4425,34815.54,0.4105,2023-01-01
acc_4426,Customer_4426,20940.12,0.8015,2023-01-01
acc_4427,Customer_4427,65448.71,0.6002,2023-01-01
acc_4428,Customer_4428,39735.5,0.1459,2023-01-01
acc_4429,Customer_4429,22109.74,0.1961,2023-01-01
acc_4430,Customer_4430,79070.82,0.0602,2023-01-01
acc_4431,Customer_4431,79055.8,0.4669,2023-01-01
acc_4432,Customer_4432,73168.34,0.8389,2023-01-01
acc_4433,Customer_4433,63900.22,0.6198,2023-01-01
acc_4434,Customer_4434,18951.3,0.2247,2023-01-01
acc_4435,Customer_4435,65129.75,0.9408,2023-01-01
acc_4436,Customer_4436,53693.16,0.0176,2023-01-01
acc_4437,Customer_4437,84780.58,0.91,2023-01-01
acc_4438,Customer_4438,13926.58,0.3978,2023-01-01
acc_4439,Customer_4439,71440.33,0.4326,2023-01-01
acc_4440,Customer_4440,46905.65,0.8009,2023-01-01
acc_4441,Customer_4441,79531.25,0.5201,2023-01-01
acc_4442,Customer_4442,67832.76,0.3022,2023-01-01
acc_4443,Customer_4443,58322.34,0.6331,2023-01-01
acc_4444,Customer_4444,25635.12,0.0296,2023-01-01
acc_4445,Customer_4445,82882.13,0.3739,2023-01-01
acc_4446,Customer_4446,98641.56,0.1137,2023-01-01
acc_4447,Customer_4447,58781.06,0.9873,2023-01-01
acc_4448,Customer_4448,9564.07,0.5013,2023-01-01
acc_4449,Customer_4449,50045.99,0.3895,2023-01-01
acc_4450,Customer_4450,27291.24,0.381,2023-01-01
acc_4451,Customer_4451,95687.19,0.0084,2023-01-01
acc_4452,Customer_4452,13675.43,0.3931,2023-01-01
acc_4453,Customer_4453,26792.71,0.6514,2023-01-01
acc_4454,Customer_4454,85701.31,0.5266,2023-01-01
acc_4455,Customer_4455,27966.52,0.711,2023-01-01
acc_4456,Customer_4456,13512.26,0.5143,2023-01-01
acc_4457,Customer_4457,96948.63,0.7376,2023-01-01
acc_4458,Customer_4458,92907.17,0.9813,2023-01-01
acc_4459,Customer_4459,6070.26,0.8248,2023-01-01
acc_4460,Customer_4460,47288.32,0.2191,2023-01-01
acc_4461,Customer_4461,45078.86,0.1686,2023-01-01
acc_4462,Customer_4462,60202.66,0.5314,2023-01-01
acc_4463,Customer_4463,16365.02,0.8037,2023-01-01
acc_4464,Customer_4464,73011.66,0.0243,2023-01-01
acc_4465,Customer_4465,48059.41,0.778,2023-01-01
acc_4466,Customer_4466,63613.51,0.5827,2023-01-01
acc_4467,Customer_4467,91581.51,0.4181,2023-01-01
acc_4468,Customer_4468,69872.37,0.8483,2023-01-01
acc_4469,Customer_4469,3109.62,0.4001,2023-01-01
acc_4470,Customer_4470,16379.04,0.9034,2023-01-01
acc_4471,Customer_4471,52579.62,0.7938,2023-01-01
acc_4472,Customer_4472,5921.36,0.5799,2023-01-01
acc_4473,Customer_4473,17030.73,0.4834,2023-01-01
acc_4474,Customer_4474,29185.16,0.5479,2023-01-01
acc_4475,Customer_4475,11854.18,0.5832,2023-01-01
acc_4476,Customer_4476,2553.61,0.6079,2023-01-01
acc_4477,Customer_4477,95260.5,0.1798,2023-01-01
acc_4478,Customer_4478,76009.84,0.7912,2023-01-01
acc_4479,Customer_4479,66907.39,0.8402,2023-01-01
acc_4480,Customer_4480,59746.16,0.7175,2023-01-01
acc_4481,Customer_4481,32119.93,0.9162,2023-01-01
acc_4482,Customer_4482,71246.45,0.6576,2023-01-01
acc_4483,Customer_4483,34248.9,0.6799,2023-01-01
acc_4484,Customer_4484,60237.84,0.4401,2023-01-01
acc_4485,Customer_4485,55792.88,0.8765,2023-01-01
acc_4486,Customer_4486,43677.41,0.3343,2023-01-01
acc_4487,Customer_4487,66157.29,0.0946,2023-01-01
acc_4488,Customer_4488,84641.42,0.897,2023-01-01
acc_4489,Customer_4489,70805.41,0.8695,2023-01-01
acc_4490,Customer_4490,76977.41,0.1967,2023-01-01
acc_4491,Customer_4491,64169.42,0.5469,2023-01-01
acc_4492,Customer_4492,72800.59,0.45,2023-01-01
acc_4493,Customer_4493,77257.53,0.3538,2023-01-01
acc_4494,Customer_4494,17556.16,0.0366,2023-01-01
acc_4495,Customer_4495,23259.74,0.759,2023-01-01
acc_4496,Customer_4496,86151.74,0.7145,2023-01-01
acc_4497,Customer_4497,33731.97,0.8528,2023-01-01
acc_4498,Customer_4498,45607.09,0.9632,2023-01-01
acc_4499,Customer_4499,77245.57,0.0902,2023-01-01
acc_4500,Customer_4500,19342.25,0.963,2023-01-01
acc_4501,Customer_4501,17334.33,0.0711,2023-01-01
acc_4502,Customer_4502,39233.85,0.7301,2023-01-01
acc_4503,Customer_4503,50393.32,0.0828,2023-01-01
acc_4504,Customer_4504,79056.77,0.6715,2023-01-01
acc_4505,Customer_4505,58247.17,0.1638,2023-01-01
acc_4506,Customer_4506,1659.18,0.84,2023-01-01
acc_4507,Customer_4507,18708.08,0.1871,2023-01-01
acc_4508,Customer_4508,57360.03,0.6081,2023-01-01
acc_4509,Customer_4509,4165.15,0.1795,2023-01-01
acc_4510,Customer_4510,90989.97,0.4124,2023-01-01
acc_4511,Customer_4511,87092.9,0.6906,2023-01-01
acc_4512,Customer_4512,76514.1,0.1763,2023-01-01
acc_4513,Customer_4513,64281.82,0.5676,2023-01-01
acc_4514,Customer_4514,51754.0,0.2927,2023-01-01
acc_4515,Customer_4515,14565.28,0.6698,2023-01-01
acc_4516,Customer_4516,87671.79,0.1174,2023-01-01
acc_4517,Customer_4517,17765.17,0.7697,2023-01-01
acc_4518,Customer_4518,15814.02,0.8437,2023-01-01
acc_4519,Customer_4519,36853.1,0.4396,2023-01-01
acc_4520,Customer_4520,24043.6,0.4491,2023-01-01
acc_4521,Customer_4521,97786.2,0.8182,2023-01-01
acc_4522,Customer_4522,974.91,0.1884,2023-01-01
acc_4523,Customer_4523,64762.9,0.5943,2023-01-01
acc_4524,Customer_4524,24522.13,0.2337,2023-01-01
acc_4525,Customer_4525,18319.0,0.0902,2023-01-01
acc_4526,Customer_4526,17101.99,0.8244,2023-01-01
acc_4527,Customer_4527,58304.1,0.9202,2023-01-01
acc_4528,Customer_4528,8410.21,0.0746,2023-01-01
acc_4529,Customer_4529,64729.05,0.7965,2023-01-01
acc_4530,Customer_4530,7095.46,0.5742,2023-01-01
acc_4531,Customer_4531,39953.28,0.2485,2023-01-01
acc_4532,Customer_4532,36127.74,0.1057,2023-01-01
acc_4533,Customer_4533,61595.97,0.5155,2023-01-01
acc_4534,Customer_4534,33230.17,0.3283,2023-01-01
acc_4535,Customer_4535,42525.67,0.3878,2023-01-01
acc_4536,Customer_4536,46722.94,0.0701,2023-01-01
acc_4537,Customer_4537,73968.37,0.0775,2023-01-01
acc_4538,Customer_4538,44024.65,0.5994,2023-01-01
acc_4539,Customer_4539,34556.6,0.8102,2023-01-01
acc_4540,Customer_4540,12151.42,0.2844,2023-01-01
acc_4541,Customer_4541,67577.08,0.956,2023-01-01
acc_4542,Customer_4542,14556.33,0.1892,2023-01-01
acc_4543,Customer_4543,53274.96,0.6476,2023-01-01
acc_4544,Customer_4544,48868.62,0.1175,2023-01-01
acc_4545,Customer_4545,20103.52,0.4541,2023-01-01
acc_4546,Customer_4546,57701.85,0.8718,2023-01-01
acc_4547,Customer_4547,21840.73,0.2467,2023-01-01
acc_4548,Customer_4548,67997.38,0.1721,2023-01-01
acc_4549,Customer_4549,20952.77,0.2346,2023-01-01
acc_4550,Customer_4550,46823.1,0.6695,2023-01-01
acc_4551,Customer_4551,53576.41,0.307,2023-01-01
acc_4552,Customer_4552,35728.53,0.1471,2023-01-01
acc_4553,Customer_4553,18305.11,0.9922,2023-01-01
acc_4554,Customer_4554,26032.09,0.621,2023-01-01
acc_4555,Customer_4555,54498.56,0.8637,2023-01-01
acc_4556,Customer_4556,94489.19,0.1798,2023-01-01
acc_4557,Customer_4557,5893.5,0.1711,2023-01-01
acc_4558,Customer_4558,65794.08,0.6438,2023-01-01
acc_4559,Customer_4559,12475.07,0.3707,2023-01-01
acc_4560,Customer_4560,19037.19,0.2677,2023-01-01
acc_4561,Customer_4561,15905.65,0.7851,2023-01-01
acc_4562,Customer_4562,7262.11,0.9934,2023-01-01
acc_4563,Customer_4563,46678.33,0.296,2023-01-01
acc_4564,Customer_4564,99448.56,0.3567,2023-01-01
acc_4565,Customer_4565,27933.56,0.2223,2023-01-01
acc_4566,Customer_4566,72950.52,0.0834,2023-01-01
acc_4567,Customer_4567,23827.05,0.3847,2023-01-01
acc_4568,Customer_4568,87043.21,0.4501,2023-01-01
acc_4569,Customer_4569,7798.69,0.7916,2023-01-01
acc_4570,Customer_4570,84321.58,0.3043,2023-01-01
acc_4571,Customer_4571,55065.71,0.6351,2023-01-01
acc_4572,Customer_4572,84214.35,0.7294,2023-01-01
acc_4573,Customer_4573,61222.89,0.4943,2023-01-01
acc_4574,Customer_4574,73146.0,0.7337,2023-01-01
acc_4575,Customer_4575,75292.65,0.652,2023-01-01
acc_4576,Customer_4576,17423.67,0.2286,2023-01-01
acc_4577,Customer_4577,89814.27,0.0976,2023-01-01
acc_4578,Customer_4578,78802.65,0.3168,2023-01-01
acc_4579,Customer_4579,16880.4,0.9599,2023-01-01
acc_4580,Customer_4580,43130.26,0.832,2023-01-01
acc_4581,Customer_4581,15603.9,0.3974,2023-01-01
acc_4582,Customer_4582,85758.22,0.0523,2023-01-01
acc_4583,Customer_4583,52596.04,0.987,2023-01-01
acc_4584,Customer_4584,18184.42,0.622,2023-01-01
acc_4585,Customer_4585,68860.88,0.6628,2023-01-01
acc_4586,Customer_4586,97314.76,0.3306,2023-01-01
acc_4587,Customer_4587,35548.1,0.2341,2023-01-01
acc_4588,Customer_4588,17336.79,0.911,2023-01-01
acc_4589,Customer_4589,82573.87,0.6073,2023-01-01
acc_4590,Customer_4590,9380.12,0.245,2023-01-01
acc_4591,Customer_4591,20372.72,0.5264,2023-01-01
acc_4592,Customer_4592,29324.0,0.6721,2023-01-01
acc_4593,Customer_4593,41253.44,0.2085,2023-01-01
acc_4594,Customer_4594,28904.09,0.7477,2023-01-01
acc_4595,Customer_4595,46958.64,0.1865,2023-01-01
acc_4596,Customer_4596,24950.2,0.0196,2023-01-01
acc_4597,Customer_4597,63144.14,0.557,2023-01-01
acc_4598,Customer_4598,53875.03,0.4293,2023-01-01
acc_4599,Customer_4599,27459.51,0.7199,2023-01-01
acc_4600,Customer_4600,3678.71,0.0205,2023-01-01
acc_4601,Customer_4601,79534.21,0.4772,2023-01-01
acc_4602,Customer_4602,68732.76,0.9681,2023-01-01
acc_4603,Customer_4603,72118.44,0.2207,2023-01-01
acc_4604,Customer_4604,71254.15,0.3711,2023-01-01
acc_4605,Customer_4605,41638.05,0.3023,2023-01-01
acc_4606,Customer_4606,36679.56,0.3742,2023-01-01
acc_4607,Customer_4607,73316.95,0.0738,2023-01-01
acc_4608,Customer_4608,84824.96,0.6044,2023-01-01
acc_4609,Customer_4609,23087.65,0.6837,2023-01-01
acc_4610,Customer_4610,4590.68,0.1056,2023-01-01
acc_4611,Customer_4611,71219.92,0.8032,2023-01-01
acc_4612,Customer_4612,37662.73,0.2136,2023-01-01
acc_4613,Customer_4613,98121.6,0.4908,2023-01-01
acc_4614,Customer_4614,72930.78,0.188,2023-01-01
acc_4615,Customer_4615,18341.25,0.3778,2023-01-01
acc_4616,Customer_4616,5607.0,0.6305,2023-01-01
acc_4617,Customer_4617,82944.52,0.0959,2023-01-01
acc_4618,Customer_4618,72832.56,0.5645,2023-01-01
acc_4619,Customer_4619,81271.95,0.6946,2023-01-01
acc_4620,Customer_4620,76882.93,0.0197,2023-01-01
acc_4621,Customer_4621,18638.69,0.879,2023-01-01
acc_4622,Customer_4622,76699.89,0.268,2023-01-01
acc_4623,Customer_4623,73630.55,0.3521,2023-01-01
acc_4624,Customer_4624,85602.51,0.5125,2023-01-01
acc_4625,Customer_4625,7262.6,0.7264,2023-01-01
acc_4626,Customer_4626,51946.81,0.426,2023-01-01
acc_4627,Customer_4627,37182.36,0.52,2023-01-01
acc_4628,Customer_4628,5888.74,0.4427,2023-01-01
acc_4629,Customer_4629,75852.93,0.47,2023-01-01
acc_4630,Customer_4630,51333.83,0.3042,2023-01-01
acc_4631,Customer_4631,87257.27,0.2979,2023-01-01
acc_4632,Customer_4632,17769.26,0.1277,2023-01-01
acc_4633,Customer_4633,72534.9,0.7451,2023-01-01
acc_4634,Customer_4634,77991.86,0.9955,2023-01-01
acc_4635,Customer_4635,29692.82,0.3266,2023-01-01
acc_4636,Customer_4636,39412.34,0.4229,2023-01-01
acc_4637,Customer_4637,3752.61,0.4318,2023-01-01
acc_4638,Customer_4638,62014.4,0.9109,2023-01-01
acc_4639,Customer_4639,53210.53,0.4746,2023-01-01
acc_4640,Customer_4640,99192.49,0.7359,2023-01-01
acc_4641,Customer_4641,89985.69,0.5187,2023-01-01
acc_4642,Customer_4642,87459.99,0.143,2023-01-01
acc_4643,Customer_4643,81702.54,0.1808,2023-01-01
acc_4644,Customer_4644,79362.44,0.6945,2023-01-01
acc_4645,Customer_4645,31742.63,0.4982,2023-01-01
acc_4646,Customer_4646,54563.42,0.9482,2023-01-01
acc_4647,Customer_4647,50183.7,0.6968,2023-01-01
acc_4648,Customer_4648,19381.81,0.207,2023-01-01
acc_4649,Customer_4649,20945.76,0.8528,2023-01-01
acc_4650,Customer_4650,93729.07,0.0022,2023-01-01
acc_4651,Customer_4651,9533.21,0.4317,2023-01-01
acc_4652,Customer_4652,58642.24,0.5144,2023-01-01
acc_4653,Customer_4653,68531.95,0.9705,2023-01-01
acc_4654,Customer_4654,2217.9,0.7727,2023-01-01
acc_4655,Customer_4655,76537.37,0.7048,2023-01-01
acc_4656,Customer_4656,26213.46,0.1077,2023-01-01
acc_4657,Customer_4657,70953.22,0.0075,2023-01-01
acc_4658,Customer_4658,76248.61,0.8695,2023-01-01
acc_4659,Customer_4659,17056.34,0.2303,2023-01-01
acc_4660,Customer_4660,31700.37,0.3812,2023-01-01
acc_4661,Customer_4661,97409.63,0.7766,2023-01-01
acc_4662,Customer_4662,32012.85,0.2467,2023-01-01
acc_4663,Customer_4663,28512.57,0.3716,2023-01-01
acc_4664,Customer_4664,2908.22,0.8101,2023-01-01
acc_4665,Customer_4665,39328.16,0.2216,2023-01-01
acc_4666,Customer_4666,33979.27,0.1209,2023-01-01
acc_4667,Customer_4667,36628.39,0.3618,2023-01-01
acc_4668,Customer_4668,91510.24,0.5859,2023-01-01
acc_4669,Customer_4669,40542.77,0.2451,2023-01-01
acc_4670,Customer_4670,50015.24,0.0427,2023-01-01
acc_4671,Customer_4671,65670.74,0.3414,2023-01-01
acc_4672,Customer_4672,88139.66,0.9066,2023-01-01
acc_4673,Customer_4673,6215.09,0.372,2023-01-01
acc_4674,Customer_4674,10091.78,0.722,2023-01-01
acc_4675,Customer_4675,84317.37,0.7509,2023-01-01
acc_4676,Customer_4676,70883.45,0.2914,2023-01-01
acc_4677,Customer_4677,75563.24,0.2089,2023-01-01
acc_4678,Customer_4678,37506.27,0.9693,2023-01-01
acc_4679,Customer_4679,87285.39,0.8057,2023-01-01
acc_4680,Customer_4680,10055.78,0.4236,2023-01-01
acc_4681,Customer_4681,66588.42,0.8227,2023-01-01
acc_4682,Customer_4682,14682.65,0.7862,2023-01-01
acc_4683,Customer_4683,96335.49,0.635,2023-01-01
acc_4684,Customer_4684,1996.89,0.7731,2023-01-01
acc_4685,Customer_4685,26706.15,0.0754,2023-01-01
acc_4686,Customer_4686,13842.2,0.2693,2023-01-01
acc_4687,Customer_4687,16330.17,0.037,2023-01-01
acc_4688,Customer_4688,38104.31,0.0687,2023-01-01
acc_4689,Customer_4689,38376.06,0.7723,2023-01-01
acc_4690,Customer_4690,2244.53,0.7437,2023-01-01
acc_4691,Customer_4691,26410.09,0.869,2023-01-01
acc_4692,Customer_4692,57206.39,0.5718,2023-01-01
acc_4693,Customer_4693,90972.2,0.1002,2023-01-01
acc_4694,Customer_4694,43374.82,0.208,2023-01-01
acc_4695,Customer_4695,38269.87,0.0343,2023-01-01
acc_4696,Customer_4696,84734.54,0.0052,2023-01-01
acc_4697,Customer_4697,73931.35,0.5043,2023-01-01
acc_4698,Customer_4698,62258.85,0.0099,2023-01-01
acc_4699,Customer_4699,1005.23,0.2865,2023-01-01
acc_4700,Customer_4700,84093.84,0.9401,2023-01-01
acc_4701,Customer_4701,30935.04,0.9423,2023-01-01
acc_4702,Customer_4702,68432.26,0.4256,2023-01-01
acc_4703,Customer_4703,76899.24,0.3036,2023-01-01
acc_4704,Customer_4704,36803.39,0.8373,2023-01-01
acc_4705,Customer_4705,98240.21,0.6715,2023-01-01
acc_4706,Customer_4706,36003.07,0.0122,2023-01-01
acc_4707,Customer_4707,2894.75,0.605,2023-01-01
acc_4708,Customer_4708,26919.26,0.2827,2023-01-01
acc_4709,Customer_4709,84356.92,0.6553,2023-01-01
acc_4710,Customer_4710,44591.76,0.3991,2023-01-01
acc_4711,Customer_4711,30126.73,0.8798,2023-01-01
acc_4712,Customer_4712,2310.87,0.8005,2023-01-01
acc_4713,Customer_4713,36728.87,0.1807,2023-01-01
acc_4714,Customer_4714,33555.91,0.3554,2023-01-01
acc_4715,Customer_4715,54955.06,0.4333,2023-01-01
acc_4716,Customer_4716,75850.9,0.7771,2023-01-01
acc_4717,Customer_4717,92659.64,0.7742,2023-01-01
acc_4718,Customer_4718,29607.31,0.1905,2023-01-01
acc_4719,Customer_4719,56306.98,0.1732,2023-01-01
acc_4720,Customer_4720,41881.86,0.017,2023-01-01
acc_4721,Customer_4721,64683.88,0.4728,2023-01-01
acc_4722,Customer_4722,24445.09,0.2388,2023-01-01
acc_4723,Customer_4723,47249.58,0.6042,2023-01-01
acc_4724,Customer_4724,13303.77,0.4066,2023-01-01
acc_4725,Customer_4725,92411.4,0.5218,2023-01-01
acc_4726,Customer_4726,53774.72,0.2543,2023-01-01
acc_4727,Customer_4727,50634.18,0.1612,2023-01-01
acc_4728,Customer_4728,32904.27,0.7261,2023-01-01
acc_4729,Customer_4729,44080.21,0.647,2023-01-01
acc_4730,Customer_4730,89110.16,0.9908,2023-01-01
acc_4731,Customer_4731,36941.36,0.8288,2023-01-01
acc_4732,Customer_4732,31798.17,0.7281,2023-01-01
acc_4733,Customer_4733,99787.04,0.1679,2023-01-01
acc_4734,Customer_4734,70210.25,0.4191,2023-01-01
acc_4735,Customer_4735,42759.96,0.4258,2023-01-01
acc_4736,Customer_4736,18572.56,0.0765,2023-01-01
acc_4737,Customer_4737,32560.47,0.4195,2023-01-01
acc_4738,Customer_4738,14758.55,0.2265,2023-01-01
acc_4739,Customer_4739,50600.71,0.2007,2023-01-01
acc_4740,Customer_4740,88688.7,0.188,2023-01-01
acc_4741,Customer_4741,439.87,0.7037,2023-01-01
acc_4742,Customer_4742,41961.79,0.3915,2023-01-01
acc_4743,Customer_4743,51042.97,0.4346,2023-01-01
acc_4744,Customer_4744,45187.93,0.326,2023-01-01
acc_4745,Customer_4745,89786.82,0.1639,2023-01-01
acc_4746,Customer_4746,57293.99,0.7384,2023-01-01
acc_4747,Customer_4747,81848.35,0.7689,2023-01-01
acc_4748,Customer_4748,7582.29,0.181,2023-01-01
acc_4749,Customer_4749,47357.7,0.1738,2023-01-01
acc_4750,Customer_4750,87724.47,0.7354,2023-01-01
acc_4751,Customer_4751,38938.02,0.8499,2023-01-01
acc_4752,Customer_4752,15446.33,0.6359,2023-01-01
acc_4753,Customer_4753,4953.9,0.2023,2023-01-01
acc_4754,Customer_4754,7120.25,0.2946,2023-01-01
acc_4755,Customer_4755,46825.65,0.5089,2023-01-01
acc_4756,Customer_4756,44078.36,0.2049,2023-01-01
acc_4757,Customer_4757,40386.93,0.3755,2023-01-01
acc_4758,Customer_4758,12801.48,0.517,2023-01-01
acc_4759,Customer_4759,38001.84,0.186,2023-01-01
acc_4760,Customer_4760,48900.62,0.3893,2023-01-01
acc_4761,Customer_4761,25108.79,0.4092,2023-01-01
acc_4762,Customer_4762,53953.98,0.481,2023-01-01
acc_4763,Customer_4763,17762.56,0.8637,2023-01-01
acc_4764,Customer_4764,50787.61,0.673,2023-01-01
acc_4765,Customer_4765,43825.34,0.4243,2023-01-01
acc_4766,Customer_4766,30345.52,0.1388,2023-01-01
acc_4767,Customer_4767,53601.36,0.9972,2023-01-01
acc_4768,Customer_4768,3185.7,0.7615,2023-01-01
acc_4769,Customer_4769,51711.95,0.5902,2023-01-01
acc_4770,Customer_4770,51164.1,0.2326,2023-01-01
acc_4771,Customer_4771,71815.69,0.4676,2023-01-01
acc_4772,Customer_4772,54707.64,0.5926,2023-01-01
acc_4773,Customer_4773,56861.06,0.0437,2023-01-01
acc_4774,Customer_4774,77695.74,0.7177,2023-01-01
acc_4775,Customer_4775,15919.46,0.22,2023-01-01
acc_4776,Customer_4776,67911.92,0.4301,2023-01-01
acc_4777,Customer_4777,99306.22,0.0364,2023-01-01
acc_4778,Customer_4778,61279.51,0.7898,2023-01-01
acc_4779,Customer_4779,30997.09,0.9499,2023-01-01
acc_4780,Customer_4780,24573.89,0.3189,2023-01-01
acc_4781,Customer_4781,40345.44,0.0731,2023-01-01
acc_4782,Customer_4782,64696.84,0.6979,2023-01-01
acc_4783,Customer_4783,78274.22,0.0897,2023-01-01
acc_4784,Customer_4784,32582.98,0.5904,2023-01-01
acc_4785,Customer_4785,53384.22,0.6527,2023-01-01
acc_4786,Customer_4786,46886.5,0.8684,2023-01-01
acc_4787,Customer_4787,92237.11,0.7775,2023-01-01
acc_4788,Customer_4788,4971.6,0.1391,2023-01-01
acc_4789,Customer_4789,17755.2,0.8923,2023-01-01
acc_4790,Customer_4790,401.63,0.3958,2023-01-01
acc_4791,Customer_4791,96318.9,0.9377,2023-01-01
acc_4792,Customer_4792,81865.89,0.5319,2023-01-01
acc_4793,Customer_4793,34680.35,0.7339,2023-01-01
acc_4794,Customer_4794,60663.47,0.6899,2023-01-01
acc_4795,Customer_4795,56561.93,0.5019,2023-01-01
acc_4796,Customer_4796,38122.44,0.8654,2023-01-01
acc_4797,Customer_4797,6153.02,0.6191,2023-01-01
acc_4798,Customer_4798,62836.85,0.5843,2023-01-01
acc_4799,Customer_4799,18222.58,0.4258,2023-01-01
acc_4800,Customer_4800,48041.11,0.656,2023-01-01
acc_4801,Customer_4801,49404.85,0.0909,2023-01-01
acc_4802,Customer_4802,2604.79,0.5811,2023-01-01
acc_4803,Customer_4803,74983.92,0.1606,2023-01-01
acc_4804,Customer_4804,33270.24,0.776,2023-01-01
acc_4805,Customer_4805,46456.86,0.1284,2023-01-01
acc_4806,Customer_4806,78178.26,0.4146,2023-01-01
acc_4807,Customer_4807,14818.88,0.7773,2023-01-01
acc_4808,Customer_4808,97793.55,0.3191,2023-01-01
acc_4809,Customer_4809,73390.44,0.661,2023-01-01
acc_4810,Customer_4810,50162.19,0.6811,2023-01-01
acc_4811,Customer_4811,47725.73,0.5492,2023-01-01
acc_4812,Customer_4812,14236.02,0.9989,2023-01-01
acc_4813,Customer_4813,15376.37,0.4053,2023-01-01
acc_4814,Customer_4814,11617.39,0.3512,2023-01-01
acc_4815,Customer_4815,22301.73,0.373,2023-01-01
acc_4816,Customer_4816,10452.32,0.7037,2023-01-01
acc_4817,Customer_4817,36740.36,0.952,2023-01-01
acc_4818,Customer_4818,97954.77,0.045,2023-01-01
acc_4819,Customer_4819,79304.19,0.9083,2023-01-01
acc_4820,Customer_4820,84675.37,0.273,2023-01-01
acc_4821,Customer_4821,59565.78,0.9015,2023-01-01
acc_4822,Customer_4822,89165.78,0.8618,2023-01-01
acc_4823,Customer_4823,88141.15,0.7265,2023-01-01
acc_4824,Customer_4824,93374.25,0.9225,2023-01-01
acc_4825,Customer_4825,86122.22,0.347,2023-01-01
acc_4826,Customer_4826,11563.47,0.1159,2023-01-01
acc_4827,Customer_4827,65288.21,0.0723,2023-01-01
acc_4828,Customer_4828,79986.37,0.9714,2023-01-01
acc_4829,Customer_4829,68554.48,0.91,2023-01-01
acc_4830,Customer_4830,79364.11,0.8352,2023-01-01
acc_4831,Customer_4831,15317.54,0.2292,2023-01-01
acc_4832,Customer_4832,17618.37,0.5165,2023-01-01
acc_4833,Customer_4833,30429.97,0.508,2023-01-01
acc_4834,Customer_4834,3255.68,0.4047,2023-01-01
acc_4835,Customer_4835,42845.86,0.9237,2023-01-01
acc_4836,Customer_4836,79376.44,0.2296,2023-01-01
acc_4837,Customer_4837,34932.26,0.9218,2023-01-01
acc_4838,Customer_4838,23611.17,0.4938,2023-01-01
acc_4839,Customer_4839,33439.78,0.5569,2023-01-01
acc_4840,Customer_4840,28441.9,0.2889,2023-01-01
acc_4841,Customer_4841,2126.53,0.0862,2023-01-01
acc_4842,Customer_4842,26679.14,0.8824,2023-01-01
acc_4843,Customer_4843,28833.27,0.5993,2023-01-01
acc_4844,Customer_4844,67431.03,0.9653,2023-01-01
acc_4845,Customer_4845,63223.23,0.4017,2023-01-01
acc_4846,Customer_4846,43336.09,0.5943,2023-01-01
acc_4847,Customer_4847,6021.85,0.4441,2023-01-01
acc_4848,Customer_4848,18416.16,0.2496,2023-01-01
acc_4849,Customer_4849,26348.31,0.8038,2023-01-01
acc_4850,Customer_4850,67904.44,0.6309,2023-01-01
acc_4851,Customer_4851,93369.96,0.2529,2023-01-01
acc_4852,Customer_4852,83709.47,0.4717,2023-01-01
acc_4853,Customer_4853,95608.4,0.6641,2023-01-01
acc_4854,Customer_4854,61869.8,0.7615,2023-01-01
acc_4855,Customer_4855,33894.84,0.8785,2023-01-01
acc_4856,Customer_4856,86204.55,0.7852,2023-01-01
acc_4857,Customer_4857,70364.28,0.0163,2023-01-01
acc_4858,Customer_4858,1882.74,0.8337,2023-01-01
acc_4859,Customer_4859,23027.67,0.6186,2023-01-01
acc_4860,Customer_4860,14701.32,0.1782,2023-01-01
acc_4861,Customer_4861,48680.06,0.3422,2023-01-01
acc_4862,Customer_4862,60704.12,0.3554,2023-01-01
acc_4863,Customer_4863,47494.62,0.3036,2023-01-01
acc_4864,Customer_4864,72582.92,0.0344,2023-01-01
acc_4865,Customer_4865,2620.57,0.5003,2023-01-01
acc_4866,Customer_4866,21826.52,0.6566,2023-01-01
acc_4867,Customer_4867,51190.07,0.1314,2023-01-01
acc_4868,Customer_4868,41301.3,0.8152,2023-01-01
acc_4869,Customer_4869,39556.46,0.6567,2023-01-01
acc_4870,Customer_4870,15371.18,0.1893,2023-01-01
acc_4871,Customer_4871,60061.22,0.1946,2023-01-01
acc_4872,Customer_4872,62247.72,0.8444,2023-01-01
acc_4873,Customer_4873,53651.82,0.0145,2023-01-01
acc_4874,Customer_4874,75993.18,0.2742,2023-01-01
acc_4875,Customer_4875,40916.65,0.2879,2023-01-01
acc_4876,Customer_4876,16067.27,0.6469,2023-01-01
acc_4877,Customer_4877,73514.16,0.0427,2023-01-01
acc_4878,Customer_4878,37487.85,0.7379,2023-01-01
acc_4879,Customer_4879,83754.0,0.9752,2023-01-01
acc_4880,Customer_4880,1314.98,0.1117,2023-01-01
acc_4881,Customer_4881,3525.5,0.058,2023-01-01
acc_4882,Customer_4882,95196.97,0.2231,2023-01-01
acc_4883,Customer_4883,8464.75,0.27,2023-01-01
acc_4884,Customer_4884,61979.63,0.9119,2023-01-01
acc_4885,Customer_4885,88396.66,0.8903,2023-01-01
acc_4886,Customer_4886,76740.61,0.7907,2023-01-01
acc_4887,Customer_4887,21331.31,0.4768,2023-01-01
acc_4888,Customer_4888,14255.37,0.3352,2023-01-01
acc_4889,Customer_4889,43719.09,0.6862,2023-01-01
acc_4890,Customer_4890,64248.87,0.4559,2023-01-01
acc_4891,Customer_4891,32521.61,0.7159,2023-01-01
acc_4892,Customer_4892,68956.41,0.5093,2023-01-01
acc_4893,Customer_4893,1399.09,0.9014,2023-01-01
acc_4894,Customer_4894,58608.69,0.1896,2023-01-01
acc_4895,Customer_4895,38498.69,0.1293,2023-01-01
acc_4896,Customer_4896,3795.56,0.7708,2023-01-01
acc_4897,Customer_4897,40636.41,0.4626,2023-01-01
acc_4898,Customer_4898,68092.6,0.4102,2023-01-01
acc_4899,Customer_4899,44415.39,0.3871,2023-01-01
acc_4900,Customer_4900,40779.85,0.7229,2023-01-01
acc_4901,Customer_4901,2112.52,0.2206,2023-01-01
acc_4902,Customer_4902,64552.35,0.6497,2023-01-01
acc_4903,Customer_4903,87404.27,0.0724,2023-01-01
acc_4904,Customer_4904,7030.24,0.07,2023-01-01
acc_4905,Customer_4905,94387.76,0.0788,2023-01-01
acc_4906,Customer_4906,18519.95,0.1445,2023-01-01
acc_4907,Customer_4907,24123.56,0.6724,2023-01-01
acc_4908,Customer_4908,32480.43,0.6842,2023-01-01
acc_4909,Customer_4909,71215.64,0.9341,2023-01-01
acc_4910,Customer_4910,25432.25,0.6288,2023-01-01
acc_4911,Customer_4911,50435.35,0.1121,2023-01-01
acc_4912,Customer_4912,12558.54,0.2474,2023-01-01
acc_4913,Customer_4913,31054.74,0.1836,2023-01-01
acc_4914,Customer_4914,47360.75,0.2108,2023-01-01
acc_4915,Customer_4915,49633.06,0.6662,2023-01-01
acc_4916,Customer_4916,80762.35,0.3814,2023-01-01
acc_4917,Customer_4917,415.55,0.976,2023-01-01
acc_4918,Customer_4918,36585.43,0.9457,2023-01-01
acc_4919,Customer_4919,28114.36,0.819,2023-01-01
acc_4920,Customer_4920,10197.84,0.0187,2023-01-01
acc_4921,Customer_4921,18289.39,0.5724,2023-01-01
acc_4922,Customer_4922,17288.54,0.3579,2023-01-01
acc_4923,Customer_4923,28244.48,0.0388,2023-01-01
acc_4924,Customer_4924,83840.39,0.7297,2023-01-01
acc_4925,Customer_4925,91031.87,0.4551,2023-01-01
acc_4926,Customer_4926,50815.41,0.0568,2023-01-01
acc_4927,Customer_4927,8719.75,0.5412,2023-01-01
acc_4928,Customer_4928,22130.83,0.1326,2023-01-01
acc_4929,Customer_4929,58801.6,0.0259,2023-01-01
acc_4930,Customer_4930,65881.74,0.171,2023-01-01
acc_4931,Customer_4931,11847.07,0.3726,2023-01-01
acc_4932,Customer_4932,84337.61,0.8048,2023-01-01
acc_4933,Customer_4933,63380.48,0.5522,2023-01-01
acc_4934,Customer_4934,33630.3,0.2332,2023-01-01
acc_4935,Customer_4935,4242.2,0.8754,2023-01-01
acc_4936,Customer_4936,82459.1,0.7413,2023-01-01
acc_4937,Customer_4937,29861.07,0.4727,2023-01-01
acc_4938,Customer_4938,76552.67,0.8811,2023-01-01
acc_4939,Customer_4939,95466.14,0.3599,2023-01-01
acc_4940,Customer_4940,41018.87,0.7585,2023-01-01
acc_4941,Customer_4941,17633.1,0.2027,2023-01-01
acc_4942,Customer_4942,21833.77,0.9123,2023-01-01
acc_4943,Customer_4943,85295.23,0.8198,2023-01-01
acc_4944,Customer_4944,10051.2,0.8864,2023-01-01
acc_4945,Customer_4945,95193.46,0.0228,2023-01-01
acc_4946,Customer_4946,99789.48,0.1989,2023-01-01
acc_4947,Customer_4947,25369.43,0.3111,2023-01-01
acc_4948,Customer_4948,47447.04,0.7379,2023-01-01
acc_4949,Customer_4949,28356.87,0.8169,2023-01-01
acc_4950,Customer_4950,39034.28,0.011,2023-01-01
acc_4951,Customer_4951,76527.06,0.4909,2023-01-01
acc_4952,Customer_4952,76689.68,0.0401,2023-01-01
acc_4953,Customer_4953,39643.9,0.5771,2023-01-01
acc_4954,Customer_4954,91630.83,0.5047,2023-01-01
acc_4955,Customer_4955,93360.33,0.5722,2023-01-01
acc_4956,Customer_4956,46320.54,0.3168,2023-01-01
acc_4957,Customer_4957,75478.49,0.7725,2023-01-01
acc_4958,Customer_4958,2158.22,0.3316,2023-01-01
acc_4959,Customer_4959,31342.57,0.2274,2023-01-01
acc_4960,Customer_4960,55014.32,0.338,2023-01-01
acc_4961,Customer_4961,15767.7,0.7502,2023-01-01
acc_4962,Customer_4962,15269.91,0.3351,2023-01-01
acc_4963,Customer_4963,89269.52,0.7767,2023-01-01
acc_4964,Customer_4964,35171.18,0.4277,2023-01-01
acc_4965,Customer_4965,36679.97,0.6997,2023-01-01
acc_4966,Customer_4966,97917.81,0.7727,2023-01-01
acc_4967,Customer_4967,256.79,0.0392,2023-01-01
acc_4968,Customer_4968,37794.82,0.9455,2023-01-01
acc_4969,Customer_4969,58107.54,0.3832,2023-01-01
acc_4970,Customer_4970,83787.73,0.5151,2023-01-01
acc_4971,Customer_4971,74696.21,0.5504,2023-01-01
acc_4972,Customer_4972,24165.62,0.6905,2023-01-01
acc_4973,Customer_4973,20443.47,0.1186,2023-01-01
acc_4974,Customer_4974,61339.08,0.0112,2023-01-01
acc_4975,Customer_4975,46479.35,0.2644,2023-01-01
acc_4976,Customer_4976,39683.17,0.4098,2023-01-01
acc_4977,Customer_4977,42805.6,0.0924,2023-01-01
acc_4978,Customer_4978,53051.45,0.2645,2023-01-01
acc_4979,Customer_4979,91285.63,0.0932,2023-01-01
acc_4980,Customer_4980,84967.16,0.6184,2023-01-01
acc_4981,Customer_4981,34993.36,0.5371,2023-01-01
acc_4982,Customer_4982,54307.23,0.5605,2023-01-01
acc_4983,Customer_4983,88395.78,0.5629,2023-01-01
acc_4984,Customer_4984,6805.32,0.7351,2023-01-01
acc_4985,Customer_4985,8473.67,0.7824,2023-01-01
acc_4986,Customer_4986,49684.62,0.1669,2023-01-01
acc_4987,Customer_4987,31592.49,0.6746,2023-01-01
acc_4988,Customer_4988,83678.44,0.6235,2023-01-01
acc_4989,Customer_4989,77105.79,0.1907,2023-01-01
acc_4990,Customer_4990,59271.34,0.1518,2023-01-01
acc_4991,Customer_4991,91618.49,0.9778,2023-01-01
acc_4992,Customer_4992,591.12,0.6864,2023-01-01
acc_4993,Customer_4993,8232.59,0.1791,2023-01-01
acc_4994,Customer_4994,70167.57,0.2618,2023-01-01
acc_4995,Customer_4995,4703.59,0.8279,2023-01-01
acc_4996,Customer_4996,12648.78,0.1296,2023-01-01
acc_4997,Customer_4997,88470.93,0.9718,2023-01-01
acc_4998,Customer_4998,72515.2,0.3042,2023-01-01
acc_4999,Customer_4999,61934.99,0.5883,2023-01-01
acc_5000,Customer_5000,81361.33,0.6303,2023-01-01
acc_5001,Customer_5001,64938.46,0.0845,2023-01-01
acc_5002,Customer_5002,56380.41,0.7209,2023-01-01
acc_5003,Customer_5003,9815.86,0.147,2023-01-01
acc_5004,Customer_5004,20239.26,0.2454,2023-01-01
acc_5005,Customer_5005,76899.18,0.1062,2023-01-01
acc_5006,Customer_5006,46195.87,0.2062,2023-01-01
acc_5007,Customer_5007,61207.34,0.5603,2023-01-01
acc_5008,Customer_5008,64743.41,0.9971,2023-01-01
acc_5009,Customer_5009,39651.18,0.4188,2023-01-01
acc_5010,Customer_5010,9004.98,0.5275,2023-01-01
acc_5011,Customer_5011,6687.28,0.3907,2023-01-01
acc_5012,Customer_5012,87007.79,0.9558,2023-01-01
acc_5013,Customer_5013,62539.39,0.6759,2023-01-01
acc_5014,Customer_5014,74946.34,0.023,2023-01-01
acc_5015,Customer_5015,88502.88,0.7254,2023-01-01
acc_5016,Customer_5016,88417.74,0.5534,2023-01-01
acc_5017,Customer_5017,58381.02,0.7691,2023-01-01
acc_5018,Customer_5018,9425.66,0.6744,2023-01-01
acc_5019,Customer_5019,56444.88,0.5802,2023-01-01
acc_5020,Customer_5020,33007.59,0.3758,2023-01-01
acc_5021,Customer_5021,91790.6,0.5676,2023-01-01
acc_5022,Customer_5022,30232.21,0.018,2023-01-01
acc_5023,Customer_5023,12492.93,0.0178,2023-01-01
acc_5024,Customer_5024,26631.77,0.5529,2023-01-01
acc_5025,Customer_5025,32138.6,0.5653,2023-01-01
acc_5026,Customer_5026,53931.08,0.2401,2023-01-01
acc_5027,Customer_5027,71000.32,0.4669,2023-01-01
acc_5028,Customer_5028,47084.88,0.492,2023-01-01
acc_5029,Customer_5029,98801.91,0.8224,2023-01-01
acc_5030,Customer_5030,24601.25,0.3419,2023-01-01
acc_5031,Customer_5031,22560.72,0.3324,2023-01-01
acc_5032,Customer_5032,39980.65,0.2006,2023-01-01
acc_5033,Customer_5033,52332.98,0.8457,2023-01-01
acc_5034,Customer_5034,61670.15,0.5848,2023-01-01
acc_5035,Customer_5035,40927.44,0.0279,2023-01-01
acc_5036,Customer_5036,722.68,0.5319,2023-01-01
acc_5037,Customer_5037,66903.12,0.6552,2023-01-01
acc_5038,Customer_5038,56989.0,0.4446,2023-01-01
acc_5039,Customer_5039,82097.09,0.8586,2023-01-01
acc_5040,Customer_5040,77827.69,0.0217,2023-01-01
acc_5041,Customer_5041,57571.39,0.7533,2023-01-01
acc_5042,Customer_5042,29113.72,0.25,2023-01-01
acc_5043,Customer_5043,55455.02,0.803,2023-01-01
acc_5044,Customer_5044,51975.58,0.4361,2023-01-01
acc_5045,Customer_5045,88410.4,0.8316,2023-01-01
acc_5046,Customer_5046,73066.57,0.6986,2023-01-01
acc_5047,Customer_5047,65267.35,0.6164,2023-01-01
acc_5048,Customer_5048,19327.04,0.102,2023-01-01
acc_5049,Customer_5049,23252.54,0.9627,2023-01-01
acc_5050,Customer_5050,15173.92,0.7714,2023-01-01
acc_5051,Customer_5051,24144.66,0.421,2023-01-01
acc_5052,Customer_5052,55989.95,0.4154,2023-01-01
acc_5053,Customer_5053,90164.29,0.9545,2023-01-01
acc_5054,Customer_5054,41537.28,0.4757,2023-01-01
acc_5055,Customer_5055,58918.1,0.43,2023-01-01
acc_5056,Customer_5056,97724.79,0.6307,2023-01-01
acc_5057,Customer_5057,61153.52,0.1765,2023-01-01
acc_5058,Customer_5058,8330.24,0.0496,2023-01-01
acc_5059,Customer_5059,26875.46,0.1905,2023-01-01
acc_5060,Customer_5060,29319.07,0.5932,2023-01-01
acc_5061,Customer_5061,70011.88,0.9234,2023-01-01
acc_5062,Customer_5062,70507.55,0.6305,2023-01-01
acc_5063,Customer_5063,29279.32,0.8551,2023-01-01
acc_5064,Customer_5064,82168.39,0.7671,2023-01-01
acc_5065,Customer_5065,73297.25,0.7327,2023-01-01
acc_5066,Customer_5066,79580.59,0.5635,2023-01-01
acc_5067,Customer_5067,26324.59,0.2885,2023-01-01
acc_5068,Customer_5068,95094.15,0.1642,2023-01-01
acc_5069,Customer_5069,46151.5,0.0389,2023-01-01
acc_5070,Customer_5070,55096.04,0.4879,2023-01-01
acc_5071,Customer_5071,28020.04,0.0343,2023-01-01
acc_5072,Customer_5072,30169.91,0.5585,2023-01-01
acc_5073,Customer_5073,77056.16,0.0283,2023-01-01
acc_5074,Customer_5074,11132.4,0.4596,2023-01-01
acc_5075,Customer_5075,80323.75,0.7985,2023-01-01
acc_5076,Customer_5076,71299.63,0.3096,2023-01-01
acc_5077,Customer_5077,94457.21,0.6103,2023-01-01
acc_5078,Customer_5078,5417.65,0.2745,2023-01-01
acc_5079,Customer_5079,49619.83,0.0431,2023-01-01
acc_5080,Customer_5080,89594.25,0.4222,2023-01-01
acc_5081,Customer_5081,53064.39,0.0273,2023-01-01
acc_5082,Customer_5082,25739.68,0.365,2023-01-01
acc_5083,Customer_5083,57905.12,0.5126,2023-01-01
acc_5084,Customer_5084,68024.28,0.1779,2023-01-01
acc_5085,Customer_5085,52240.89,0.3886,2023-01-01
acc_5086,Customer_5086,60497.93,0.7282,2023-01-01
acc_5087,Customer_5087,34238.61,0.3645,2023-01-01
acc_5088,Customer_5088,56163.54,0.8268,2023-01-01
acc_5089,Customer_5089,62581.0,0.7435,2023-01-01
acc_5090,Customer_5090,71961.89,0.5829,2023-01-01
acc_5091,Customer_5091,62953.06,0.1514,2023-01-01
acc_5092,Customer_5092,62503.48,0.7283,2023-01-01
acc_5093,Customer_5093,6437.92,0.0004,2023-01-01
acc_5094,Customer_5094,71382.66,0.8463,2023-01-01
acc_5095,Customer_5095,2530.59,0.5639,2023-01-01
acc_5096,Customer_5096,70801.17,0.8892,2023-01-01
acc_5097,Customer_5097,38356.98,0.396,2023-01-01
acc_5098,Customer_5098,58126.67,0.6606,2023-01-01
acc_5099,Customer_5099,2194.67,0.463,2023-01-01
acc_5100,Customer_5100,30362.02,0.0123,2023-01-01
acc_5101,Customer_5101,77798.12,0.3937,2023-01-01
acc_5102,Customer_5102,57512.03,0.71,2023-01-01
acc_5103,Customer_5103,2114.44,0.1201,2023-01-01
acc_5104,Customer_5104,87649.38,0.3911,2023-01-01
acc_5105,Customer_5105,448.3,0.9886,2023-01-01
acc_5106,Customer_5106,81455.76,0.3314,2023-01-01
acc_5107,Customer_5107,8101.37,0.5568,2023-01-01
acc_5108,Customer_5108,27041.5,0.0786,2023-01-01
acc_5109,Customer_5109,56253.02,0.0273,2023-01-01
acc_5110,Customer_5110,78102.43,0.561,2023-01-01
acc_5111,Customer_5111,23406.56,0.4408,2023-01-01
acc_5112,Customer_5112,5410.64,0.0489,2023-01-01
acc_5113,Customer_5113,26331.22,0.3789,2023-01-01
acc_5114,Customer_5114,40562.98,0.6372,2023-01-01
acc_5115,Customer_5115,78737.21,0.3063,2023-01-01
acc_5116,Customer_5116,22114.62,0.4635,2023-01-01
acc_5117,Customer_5117,48257.18,0.6671,2023-01-01
acc_5118,Customer_5118,40046.37,0.0938,2023-01-01
acc_5119,Customer_5119,74711.89,0.0625,2023-01-01
acc_5120,Customer_5120,72763.94,0.0568,2023-01-01
acc_5121,Customer_5121,83880.94,0.2294,2023-01-01
acc_5122,Customer_5122,10176.69,0.7836,2023-01-01
acc_5123,Customer_5123,14149.57,0.2521,2023-01-01
acc_5124,Customer_5124,89072.93,0.8653,2023-01-01
acc_5125,Customer_5125,36070.78,0.0119,2023-01-01
acc_5126,Customer_5126,23694.34,0.4341,2023-01-01
acc_5127,Customer_5127,46914.12,0.669,2023-01-01
acc_5128,Customer_5128,44327.44,0.384,2023-01-01
acc_5129,Customer_5129,12253.59,0.5984,2023-01-01
acc_5130,Customer_5130,78737.49,0.3275,2023-01-01
acc_5131,Customer_5131,41047.84,0.7531,2023-01-01
acc_5132,Customer_5132,82433.57,0.7599,2023-01-01
acc_5133,Customer_5133,17193.6,0.345,2023-01-01
acc_5134,Customer_5134,97921.64,0.9806,2023-01-01
acc_5135,Customer_5135,85919.15,0.6765,2023-01-01
acc_5136,Customer_5136,9642.31,0.4088,2023-01-01
acc_5137,Customer_5137,66181.82,0.8077,2023-01-01
acc_5138,Customer_5138,63447.48,0.7842,2023-01-01
acc_5139,Customer_5139,2872.79,0.2386,2023-01-01
acc_5140,Customer_5140,81225.21,0.0938,2023-01-01
acc_5141,Customer_5141,57697.48,0.8469,2023-01-01
acc_5142,Customer_5142,46250.04,0.5981,2023-01-01
acc_5143,Customer_5143,96136.82,0.903,2023-01-01
acc_5144,Customer_5144,1225.48,0.1294,2023-01-01
acc_5145,Customer_5145,66020.05,0.2858,2023-01-01
acc_5146,Customer_5146,6289.1,0.2774,2023-01-01
acc_5147,Customer_5147,96374.84,0.8158,2023-01-01
acc_5148,Customer_5148,56313.08,0.8921,2023-01-01
acc_5149,Customer_5149,58424.51,0.0832,2023-01-01
acc_5150,Customer_5150,41099.11,0.4992,2023-01-01
acc_5151,Customer_5151,36847.06,0.7215,2023-01-01
acc_5152,Customer_5152,27887.4,0.1027,2023-01-01
acc_5153,Customer_5153,16450.9,0.3074,2023-01-01
acc_5154,Customer_5154,57943.8,0.6924,2023-01-01
acc_5155,Customer_5155,913.2,0.5538,2023-01-01
acc_5156,Customer_5156,80643.62,0.5292,2023-01-01
acc_5157,Customer_5157,42589.48,0.9559,2023-01-01
acc_5158,Customer_5158,92694.05,0.9376,2023-01-01
acc_5159,Customer_5159,61812.07,0.1188,2023-01-01
acc_5160,Customer_5160,44353.14,0.9292,2023-01-01
acc_5161,Customer_5161,73863.78,0.5471,2023-01-01
acc_5162,Customer_5162,86305.59,0.3038,2023-01-01
acc_5163,Customer_5163,63850.92,0.7041,2023-01-01
acc_5164,Customer_5164,72614.52,0.6091,2023-01-01
acc_5165,Customer_5165,40304.63,0.4082,2023-01-01
acc_5166,Customer_5166,32831.37,0.2585,2023-01-01
acc_5167,Customer_5167,62590.78,0.6773,2023-01-01
acc_5168,Customer_5168,35920.0,0.571,2023-01-01
acc_5169,Customer_5169,34314.25,0.2029,2023-01-01
acc_5170,Customer_5170,97084.87,0.7537,2023-01-01
acc_5171,Customer_5171,69942.14,0.0056,2023-01-01
acc_5172,Customer_5172,67485.31,0.3724,2023-01-01
acc_5173,Customer_5173,50784.62,0.9326,2023-01-01
acc_5174,Customer_5174,24700.97,0.1493,2023-01-01
acc_5175,Customer_5175,70730.58,0.5313,2023-01-01
acc_5176,Customer_5176,9040.87,0.4013,2023-01-01
acc_5177,Customer_5177,88628.71,0.3983,2023-01-01
acc_5178,Customer_5178,88449.15,0.4964,2023-01-01
acc_5179,Customer_5179,86707.39,0.7027,2023-01-01
acc_5180,Customer_5180,76945.21,0.2754,2023-01-01
acc_5181,Customer_5181,89692.17,0.9841,2023-01-01
acc_5182,Customer_5182,91106.49,0.8245,2023-01-01
acc_5183,Customer_5183,84596.65,0.1106,2023-01-01
acc_5184,Customer_5184,74210.4,0.9778,2023-01-01
acc_5185,Customer_5185,57255.42,0.1774,2023-01-01
acc_5186,Customer_5186,36761.86,0.7154,2023-01-01
acc_5187,Customer_5187,59887.53,0.1648,2023-01-01
acc_5188,Customer_5188,53976.07,0.0725,2023-01-01
acc_5189,Customer_5189,76430.94,0.0377,2023-01-01
acc_5190,Customer_5190,82586.03,0.2929,2023-01-01
acc_5191,Customer_5191,99769.17,0.9132,2023-01-01
acc_5192,Customer_5192,99508.27,0.5916,2023-01-01
acc_5193,Customer_5193,54260.76,0.758,2023-01-01
acc_5194,Customer_5194,9118.41,0.7941,2023-01-01
acc_5195,Customer_5195,85952.61,0.5071,2023-01-01
acc_5196,Customer_5196,38747.32,0.4032,2023-01-01
acc_5197,Customer_5197,73399.63,0.5238,2023-01-01
acc_5198,Customer_5198,21306.84,0.8308,2023-01-01
acc_5199,Customer_5199,36125.38,0.0269,2023-01-01
acc_5200,Customer_5200,64484.25,0.502,2023-01-01
acc_5201,Customer_5201,68827.04,0.524,2023-01-01
acc_5202,Customer_5202,62393.87,0.3846,2023-01-01
acc_5203,Customer_5203,3719.19,0.2347,2023-01-01
acc_5204,Customer_5204,29193.79,0.5215,2023-01-01
acc_5205,Customer_5205,46229.47,0.4137,2023-01-01
acc_5206,Customer_5206,11422.74,0.4106,2023-01-01
acc_5207,Customer_5207,29246.92,0.838,2023-01-01
acc_5208,Customer_5208,78197.23,0.006,2023-01-01
acc_5209,Customer_5209,80525.36,0.782,2023-01-01
acc_5210,Customer_5210,40519.9,0.5368,2023-01-01
acc_5211,Customer_5211,64200.57,0.0652,2023-01-01
acc_5212,Customer_5212,78838.54,0.9031,2023-01-01
acc_5213,Customer_5213,87642.2,0.0104,2023-01-01
acc_5214,Customer_5214,45313.53,0.2341,2023-01-01
acc_5215,Customer_5215,81247.75,0.0105,2023-01-01
acc_5216,Customer_5216,16767.82,0.5307,2023-01-01
acc_5217,Customer_5217,75081.58,0.605,2023-01-01
acc_5218,Customer_5218,24288.98,0.2094,2023-01-01
acc_5219,Customer_5219,29430.1,0.6527,2023-01-01
acc_5220,Customer_5220,47205.19,0.9733,2023-01-01
acc_5221,Customer_5221,19234.93,0.506,2023-01-01
acc_5222,Customer_5222,55294.24,0.7349,2023-01-01
acc_5223,Customer_5223,99815.42,0.8518,2023-01-01
acc_5224,Customer_5224,45837.18,0.3652,2023-01-01
acc_5225,Customer_5225,31207.5,0.6739,2023-01-01
acc_5226,Customer_5226,9133.85,0.3021,2023-01-01
acc_5227,Customer_5227,87768.8,0.2622,2023-01-01
acc_5228,Customer_5228,40067.29,0.4831,2023-01-01
acc_5229,Customer_5229,80612.61,0.6026,2023-01-01
acc_5230,Customer_5230,42344.84,0.3663,2023-01-01
acc_5231,Customer_5231,56872.22,0.0717,2023-01-01
acc_5232,Customer_5232,77261.19,0.8019,2023-01-01
acc_5233,Customer_5233,61024.55,0.1213,2023-01-01
acc_5234,Customer_5234,26175.29,0.7218,2023-01-01
acc_5235,Customer_5235,27568.06,0.9188,2023-01-01
acc_5236,Customer_5236,66246.62,0.8813,2023-01-01
acc_5237,Customer_5237,10171.38,0.0688,2023-01-01
acc_5238,Customer_5238,45007.53,0.7758,2023-01-01
acc_5239,Customer_5239,20314.33,0.4683,2023-01-01
acc_5240,Customer_5240,34780.62,0.7801,2023-01-01
acc_5241,Customer_5241,48743.09,0.93,2023-01-01
acc_5242,Customer_5242,77267.84,0.0233,2023-01-01
acc_5243,Customer_5243,27822.85,0.7113,2023-01-01
acc_5244,Customer_5244,89990.17,0.039,2023-01-01
acc_5245,Customer_5245,51614.5,0.3919,2023-01-01
acc_5246,Customer_5246,1987.88,0.3354,2023-01-01
acc_5247,Customer_5247,35035.12,0.3889,2023-01-01
acc_5248,Customer_5248,78483.77,0.2733,2023-01-01
acc_5249,Customer_5249,89577.7,0.9965,2023-01-01
acc_5250,Customer_5250,49199.05,0.7907,2023-01-01
acc_5251,Customer_5251,57743.92,0.1829,2023-01-01
acc_5252,Customer_5252,61690.05,0.0045,2023-01-01
acc_5253,Customer_5253,89402.53,0.2549,2023-01-01
acc_5254,Customer_5254,16969.07,0.9977,2023-01-01
acc_5255,Customer_5255,77354.41,0.5704,2023-01-01
acc_5256,Customer_5256,95832.01,0.8672,2023-01-01
acc_5257,Customer_5257,77520.16,0.1675,2023-01-01
acc_5258,Customer_5258,79650.39,0.1149,2023-01-01
acc_5259,Customer_5259,28892.43,0.2693,2023-01-01
acc_5260,Customer_5260,86366.15,0.7263,2023-01-01
acc_5261,Customer_5261,20973.65,0.1303,2023-01-01
acc_5262,Customer_5262,57773.86,0.6852,2023-01-01
acc_5263,Customer_5263,22059.39,0.9386,2023-01-01
acc_5264,Customer_5264,26418.03,0.8321,2023-01-01
acc_5265,Customer_5265,44736.86,0.316,2023-01-01
acc_5266,Customer_5266,85711.84,0.9725,2023-01-01
acc_5267,Customer_5267,47982.34,0.5497,2023-01-01
acc_5268,Customer_5268,30828.81,0.6178,2023-01-01
acc_5269,Customer_5269,25203.5,0.6651,2023-01-01
acc_5270,Customer_5270,91043.94,0.5344,2023-01-01
acc_5271,Customer_5271,89970.43,0.7877,2023-01-01
acc_5272,Customer_5272,6288.94,0.8775,2023-01-01
acc_5273,Customer_5273,74113.32,0.4646,2023-01-01
acc_5274,Customer_5274,47974.48,0.7804,2023-01-01
acc_5275,Customer_5275,34386.27,0.2896,2023-01-01
acc_5276,Customer_5276,57563.1,0.0161,2023-01-01
acc_5277,Customer_5277,41765.04,0.0476,2023-01-01
acc_5278,Customer_5278,13708.1,0.7851,2023-01-01
acc_5279,Customer_5279,62432.03,0.2039,2023-01-01
acc_5280,Customer_5280,86596.77,0.5443,2023-01-01
acc_5281,Customer_5281,25487.06,0.4824,2023-01-01
acc_5282,Customer_5282,34964.39,0.6193,2023-01-01
acc_5283,Customer_5283,99769.74,0.659,2023-01-01
acc_5284,Customer_5284,41543.92,0.559,2023-01-01
acc_5285,Customer_5285,54814.85,0.6841,2023-01-01
acc_5286,Customer_5286,69909.78,0.5393,2023-01-01
acc_5287,Customer_5287,46943.88,0.5772,2023-01-01
acc_5288,Customer_5288,25827.26,0.409,2023-01-01
acc_5289,Customer_5289,11911.99,0.437,2023-01-01
acc_5290,Customer_5290,64767.1,0.4601,2023-01-01
acc_5291,Customer_5291,54051.05,0.8616,2023-01-01
acc_5292,Customer_5292,58073.64,0.0184,2023-01-01
acc_5293,Customer_5293,78574.89,0.3036,2023-01-01
acc_5294,Customer_5294,38549.49,0.9669,2023-01-01
acc_5295,Customer_5295,84506.57,0.3123,2023-01-01
acc_5296,Customer_5296,23328.12,0.3998,2023-01-01
acc_5297,Customer_5297,21638.66,0.7531,2023-01-01
acc_5298,Customer_5298,6957.96,0.0007,2023-01-01
acc_5299,Customer_5299,43916.74,0.003,2023-01-01
acc_5300,Customer_5300,64403.92,0.7013,2023-01-01
acc_5301,Customer_5301,5777.11,0.9268,2023-01-01
acc_5302,Customer_5302,27374.73,0.9907,2023-01-01
acc_5303,Customer_5303,89581.24,0.4391,2023-01-01
acc_5304,Customer_5304,38129.03,0.5435,2023-01-01
acc_5305,Customer_5305,64020.47,0.1164,2023-01-01
acc_5306,Customer_5306,1541.09,0.9598,2023-01-01
acc_5307,Customer_5307,41685.26,0.2105,2023-01-01
acc_5308,Customer_5308,80712.55,0.3597,2023-01-01
acc_5309,Customer_5309,78627.0,0.926,2023-01-01
acc_5310,Customer_5310,56920.82,0.5118,2023-01-01
acc_5311,Customer_5311,73337.24,0.049,2023-01-01
acc_5312,Customer_5312,89119.17,0.2228,2023-01-01
acc_5313,Customer_5313,21092.33,0.3217,2023-01-01
acc_5314,Customer_5314,56531.52,0.4831,2023-01-01
acc_5315,Customer_5315,82330.25,0.7106,2023-01-01
acc_5316,Customer_5316,49158.05,0.2503,2023-01-01
acc_5317,Customer_5317,89731.84,0.302,2023-01-01
acc_5318,Customer_5318,57332.51,0.6966,2023-01-01
acc_5319,Customer_5319,53244.61,0.7445,2023-01-01
acc_5320,Customer_5320,9361.13,0.1361,2023-01-01
acc_5321,Customer_5321,25366.52,0.7311,2023-01-01
acc_5322,Customer_5322,47269.26,0.0881,2023-01-01
acc_5323,Customer_5323,18094.67,0.8334,2023-01-01
acc_5324,Customer_5324,85489.8,0.3309,2023-01-01
acc_5325,Customer_5325,21756.76,0.5521,2023-01-01
acc_5326,Customer_5326,25700.84,0.3818,2023-01-01
acc_5327,Customer_5327,52269.48,0.7367,2023-01-01
acc_5328,Customer_5328,93032.05,0.4674,2023-01-01
acc_5329,Customer_5329,96896.83,0.0336,2023-01-01
acc_5330,Customer_5330,66629.05,0.3235,2023-01-01
acc_5331,Customer_5331,14211.94,0.5341,2023-01-01
acc_5332,Customer_5332,45620.71,0.2019,2023-01-01
acc_5333,Customer_5333,69364.84,0.0221,2023-01-01
acc_5334,Customer_5334,15967.64,0.9878,2023-01-01
acc_5335,Customer_5335,11400.85,0.5516,2023-01-01
acc_5336,Customer_5336,37797.14,0.7838,2023-01-01
acc_5337,Customer_5337,3561.39,0.2233,2023-01-01
acc_5338,Customer_5338,6261.17,0.2576,2023-01-01
acc_5339,Customer_5339,48521.85,0.0193,2023-01-01
acc_5340,Customer_5340,51362.31,0.1099,2023-01-01
acc_5341,Customer_5341,62394.72,0.5863,2023-01-01
acc_5342,Customer_5342,15713.79,0.2346,2023-01-01
acc_5343,Customer_5343,6369.52,0.9665,2023-01-01
acc_5344,Customer_5344,93314.79,0.0436,2023-01-01
acc_5345,Customer_5345,65161.96,0.4229,2023-01-01
acc_5346,Customer_5346,63199.32,0.8493,2023-01-01
acc_5347,Customer_5347,18865.54,0.7266,2023-01-01
acc_5348,Customer_5348,97663.27,0.5286,2023-01-01
acc_5349,Customer_5349,65814.52,0.499,2023-01-01
acc_5350,Customer_5350,95086.95,0.4967,2023-01-01
acc_5351,Customer_5351,52664.6,0.5593,2023-01-01
acc_5352,Customer_5352,41912.5,0.1969,2023-01-01
acc_5353,Customer_5353,29049.99,0.7692,2023-01-01
acc_5354,Customer_5354,7986.97,0.3886,2023-01-01
acc_5355,Customer_5355,1955.9,0.9505,2023-01-01
acc_5356,Customer_5356,5197.53,0.0165,2023-01-01
acc_5357,Customer_5357,85334.41,0.6256,2023-01-01
acc_5358,Customer_5358,29662.09,0.048,2023-01-01
acc_5359,Customer_5359,22352.07,0.724,2023-01-01
acc_5360,Customer_5360,80015.95,0.6901,2023-01-01
acc_5361,Customer_5361,5882.27,0.8018,2023-01-01
acc_5362,Customer_5362,82518.05,0.3047,2023-01-01
acc_5363,Customer_5363,24854.77,0.7314,2023-01-01
acc_5364,Customer_5364,35445.96,0.8937,2023-01-01
acc_5365,Customer_5365,61916.16,0.4781,2023-01-01
acc_5366,Customer_5366,64077.95,0.5664,2023-01-01
acc_5367,Customer_5367,83994.34,0.4568,2023-01-01
acc_5368,Customer_5368,93738.19,0.2601,2023-01-01
acc_5369,Customer_5369,9912.68,0.9431,2023-01-01
acc_5370,Customer_5370,35203.08,0.5192,2023-01-01
acc_5371,Customer_5371,29196.9,0.3749,2023-01-01
acc_5372,Customer_5372,61142.43,0.5609,2023-01-01
acc_5373,Customer_5373,52737.93,0.5719,2023-01-01
acc_5374,Customer_5374,62898.63,0.0893,2023-01-01
acc_5375,Customer_5375,83833.41,0.2211,2023-01-01
acc_5376,Customer_5376,49821.05,0.4194,2023-01-01
acc_5377,Customer_5377,20661.39,0.9636,2023-01-01
acc_5378,Customer_5378,27709.8,0.0447,2023-01-01
acc_5379,Customer_5379,12128.74,0.3587,2023-01-01
acc_5380,Customer_5380,16740.61,0.5146,2023-01-01
acc_5381,Customer_5381,97489.54,0.3268,2023-01-01
acc_5382,Customer_5382,99049.65,0.032,2023-01-01
acc_5383,Customer_5383,52290.8,0.7432,2023-01-01
acc_5384,Customer_5384,93234.32,0.6703,2023-01-01
acc_5385,Customer_5385,89114.73,0.1127,2023-01-01
acc_5386,Customer_5386,46576.24,0.7363,2023-01-01
acc_5387,Customer_5387,53910.69,0.3269,2023-01-01
acc_5388,Customer_5388,86081.02,0.5962,2023-01-01
acc_5389,Customer_5389,3564.73,0.4586,2023-01-01
acc_5390,Customer_5390,78507.67,0.4189,2023-01-01
acc_5391,Customer_5391,16655.91,0.4847,2023-01-01
acc_5392,Customer_5392,55271.94,0.24,2023-01-01
acc_5393,Customer_5393,63267.29,0.5184,2023-01-01
acc_5394,Customer_5394,95332.31,0.3729,2023-01-01
acc_5395,Customer_5395,85329.59,0.8846,2023-01-01
acc_5396,Customer_5396,78779.12,0.7029,2023-01-01
acc_5397,Customer_5397,54545.71,0.0674,2023-01-01
acc_5398,Customer_5398,53768.2,0.1373,2023-01-01
acc_5399,Customer_5399,36690.8,0.2348,2023-01-01
acc_5400,Customer_5400,49576.28,0.1387,2023-01-01
acc_5401,Customer_5401,85675.46,0.0838,2023-01-01
acc_5402,Customer_5402,85895.38,0.0929,2023-01-01
acc_5403,Customer_5403,97140.73,0.5387,2023-01-01
acc_5404,Customer_5404,1638.25,0.0751,2023-01-01
acc_5405,Customer_5405,99751.73,0.0568,2023-01-01
acc_5406,Customer_5406,63881.84,0.0366,2023-01-01
acc_5407,Customer_5407,98529.44,0.811,2023-01-01
acc_5408,Customer_5408,41318.66,0.5404,2023-01-01
acc_5409,Customer_5409,26774.29,0.4713,2023-01-01
acc_5410,Customer_5410,68577.9,0.8682,2023-01-01
acc_5411,Customer_5411,95597.42,0.6637,2023-01-01
acc_5412,Customer_5412,19363.97,0.9349,2023-01-01
acc_5413,Customer_5413,74686.19,0.7101,2023-01-01
acc_5414,Customer_5414,14584.95,0.6479,2023-01-01
acc_5415,Customer_5415,38282.01,0.0359,2023-01-01
acc_5416,Customer_5416,11812.09,0.5689,2023-01-01
acc_5417,Customer_5417,60018.03,0.9543,2023-01-01
acc_5418,Customer_5418,89936.66,0.1707,2023-01-01
acc_5419,Customer_5419,28316.14,0.5239,2023-01-01
acc_5420,Customer_5420,24646.59,0.4053,2023-01-01
acc_5421,Customer_5421,19918.8,0.9174,2023-01-01
acc_5422,Customer_5422,46590.0,0.9032,2023-01-01
acc_5423,Customer_5423,16911.19,0.3727,2023-01-01
acc_5424,Customer_5424,95810.69,0.6672,2023-01-01
acc_5425,Customer_5425,58071.53,0.3685,2023-01-01
acc_5426,Customer_5426,88066.28,0.5965,2023-01-01
acc_5427,Customer_5427,10016.09,0.6436,2023-01-01
acc_5428,Customer_5428,78071.85,0.8379,2023-01-01
acc_5429,Customer_5429,29679.5,0.9898,2023-01-01
acc_5430,Customer_5430,13695.83,0.2858,2023-01-01
acc_5431,Customer_5431,11936.73,0.1047,2023-01-01
acc_5432,Customer_5432,51247.33,0.5776,2023-01-01
acc_5433,Customer_5433,17617.51,0.6867,2023-01-01
acc_5434,Customer_5434,87687.62,0.6934,2023-01-01
acc_5435,Customer_5435,19851.1,0.6327,2023-01-01
acc_5436,Customer_5436,95969.39,0.4071,2023-01-01
acc_5437,Customer_5437,93482.45,0.7219,2023-01-01
acc_5438,Customer_5438,45628.27,0.1979,2023-01-01
acc_5439,Customer_5439,46338.49,0.089,2023-01-01
acc_5440,Customer_5440,86246.11,0.5005,2023-01-01
acc_5441,Customer_5441,57126.49,0.8299,2023-01-01
acc_5442,Customer_5442,16029.01,0.5039,2023-01-01
acc_5443,Customer_5443,77475.2,0.3214,2023-01-01
acc_5444,Customer_5444,92715.08,0.7622,2023-01-01
acc_5445,Customer_5445,77855.86,0.6774,2023-01-01
acc_5446,Customer_5446,70618.95,0.7371,2023-01-01
acc_5447,Customer_5447,64318.31,0.1568,2023-01-01
acc_5448,Customer_5448,64779.96,0.0302,2023-01-01
acc_5449,Customer_5449,16878.79,0.9833,2023-01-01
acc_5450,Customer_5450,77262.33,0.03,2023-01-01
acc_5451,Customer_5451,51482.13,0.4084,2023-01-01
acc_5452,Customer_5452,17044.43,0.3917,2023-01-01
acc_5453,Customer_5453,92457.2,0.1138,2023-01-01
acc_5454,Customer_5454,96808.6,0.6534,2023-01-01
acc_5455,Customer_5455,26309.62,0.6833,2023-01-01
acc_5456,Customer_5456,95818.99,0.9086,2023-01-01
acc_5457,Customer_5457,94307.43,0.85,2023-01-01
acc_5458,Customer_5458,89147.27,0.5,2023-01-01
acc_5459,Customer_5459,86992.23,0.7204,2023-01-01
acc_5460,Customer_5460,17850.58,0.2026,2023-01-01
acc_5461,Customer_5461,29486.75,0.8882,2023-01-01
acc_5462,Customer_5462,89142.2,0.7857,2023-01-01
acc_5463,Customer_5463,98871.44,0.0266,2023-01-01
acc_5464,Customer_5464,6536.97,0.3646,2023-01-01
acc_5465,Customer_5465,39790.33,0.8448,2023-01-01
acc_5466,Customer_5466,9351.75,0.3731,2023-01-01
acc_5467,Customer_5467,20309.6,0.9623,2023-01-01
acc_5468,Customer_5468,37322.32,0.2228,2023-01-01
acc_5469,Customer_5469,49309.5,0.0732,2023-01-01
acc_5470,Customer_5470,37414.17,0.3659,2023-01-01
acc_5471,Customer_5471,43920.83,0.5171,2023-01-01
acc_5472,Customer_5472,15099.61,0.0979,2023-01-01
acc_5473,Customer_5473,67707.54,0.3861,2023-01-01
acc_5474,Customer_5474,31260.41,0.3552,2023-01-01
acc_5475,Customer_5475,50801.67,0.2304,2023-01-01
acc_5476,Customer_5476,27168.4,0.9629,2023-01-01
acc_5477,Customer_5477,36704.51,0.8119,2023-01-01
acc_5478,Customer_5478,35645.55,0.1275,2023-01-01
acc_5479,Customer_5479,7387.33,0.202,2023-01-01
acc_5480,Customer_5480,98992.77,0.4204,2023-01-01
acc_5481,Customer_5481,98858.66,0.8551,2023-01-01
acc_5482,Customer_5482,60545.19,0.1738,2023-01-01
acc_5483,Customer_5483,16638.52,0.7753,2023-01-01
acc_5484,Customer_5484,24372.6,0.4764,2023-01-01
acc_5485,Customer_5485,40582.16,0.557,2023-01-01
acc_5486,Customer_5486,22060.1,0.7326,2023-01-01
acc_5487,Customer_5487,95242.85,0.7307,2023-01-01
acc_5488,Customer_5488,24709.36,0.8465,2023-01-01
acc_5489,Customer_5489,15495.69,0.3332,2023-01-01
acc_5490,Customer_5490,38518.86,0.5523,2023-01-01
acc_5491,Customer_5491,34962.42,0.3132,2023-01-01
acc_5492,Customer_5492,15855.53,0.3895,2023-01-01
acc_5493,Customer_5493,69052.72,0.7483,2023-01-01
acc_5494,Customer_5494,97522.41,0.6295,2023-01-01
acc_5495,Customer_5495,59440.6,0.047,2023-01-01
acc_5496,Customer_5496,77339.98,0.4481,2023-01-01
acc_5497,Customer_5497,23605.32,0.9883,2023-01-01
acc_5498,Customer_5498,1110.9,0.4748,2023-01-01
acc_5499,Customer_5499,92592.42,0.2281,2023-01-01
acc_5500,Customer_5500,24061.33,0.1307,2023-01-01
acc_5501,Customer_5501,69709.69,0.6636,2023-01-01
acc_5502,Customer_5502,66389.76,0.7083,2023-01-01
acc_5503,Customer_5503,69951.36,0.0497,2023-01-01
acc_5504,Customer_5504,92569.86,0.7208,2023-01-01
acc_5505,Customer_5505,55256.88,0.5257,2023-01-01
acc_5506,Customer_5506,82070.2,0.4554,2023-01-01
acc_5507,Customer_5507,86210.97,0.6967,2023-01-01
acc_5508,Customer_5508,41135.91,0.7139,2023-01-01
acc_5509,Customer_5509,79628.91,0.7311,2023-01-01
acc_5510,Customer_5510,61386.09,0.2492,2023-01-01
acc_5511,Customer_5511,19281.97,0.8331,2023-01-01
acc_5512,Customer_5512,8446.55,0.1054,2023-01-01
acc_5513,Customer_5513,16857.79,0.5499,2023-01-01
acc_5514,Customer_5514,52288.37,0.4298,2023-01-01
acc_5515,Customer_5515,75229.53,0.7114,2023-01-01
acc_5516,Customer_5516,14301.14,0.3006,2023-01-01
acc_5517,Customer_5517,72487.53,0.6226,2023-01-01
acc_5518,Customer_5518,27769.64,0.44,2023-01-01
acc_5519,Customer_5519,96481.44,0.8324,2023-01-01
acc_5520,Customer_5520,60383.31,0.8756,2023-01-01
acc_5521,Customer_5521,67280.98,0.5525,2023-01-01
acc_5522,Customer_5522,50637.94,0.3169,2023-01-01
acc_5523,Customer_5523,76225.76,0.448,2023-01-01
acc_5524,Customer_5524,54129.54,0.777,2023-01-01
acc_5525,Customer_5525,96576.83,0.8166,2023-01-01
acc_5526,Customer_5526,44666.32,0.5874,2023-01-01
acc_5527,Customer_5527,10919.82,0.624,2023-01-01
acc_5528,Customer_5528,81310.67,0.9663,2023-01-01
acc_5529,Customer_5529,63457.51,0.1965,2023-01-01
acc_5530,Customer_5530,20576.74,0.2468,2023-01-01
acc_5531,Customer_5531,67944.95,0.6365,2023-01-01
acc_5532,Customer_5532,55622.94,0.4591,2023-01-01
acc_5533,Customer_5533,37244.23,0.768,2023-01-01
acc_5534,Customer_5534,59405.79,0.4088,2023-01-01
acc_5535,Customer_5535,97799.58,0.384,2023-01-01
acc_5536,Customer_5536,18912.0,0.9053,2023-01-01
acc_5537,Customer_5537,40825.41,0.0951,2023-01-01
acc_5538,Customer_5538,85534.88,0.2529,2023-01-01
acc_5539,Customer_5539,64024.19,0.7688,2023-01-01
acc_5540,Customer_5540,71399.02,0.2046,2023-01-01
acc_5541,Customer_5541,47640.18,0.3081,2023-01-01
acc_5542,Customer_5542,34761.12,0.6259,2023-01-01
acc_5543,Customer_5543,15150.07,0.2722,2023-01-01
acc_5544,Customer_5544,55087.52,0.1825,2023-01-01
acc_5545,Customer_5545,93239.6,0.9297,2023-01-01
acc_5546,Customer_5546,97586.12,0.0553,2023-01-01
acc_5547,Customer_5547,67986.27,0.8757,2023-01-01
acc_5548,Customer_5548,31094.86,0.6194,2023-01-01
acc_5549,Customer_5549,66981.63,0.1292,2023-01-01
acc_5550,Customer_5550,82507.49,0.3986,2023-01-01
acc_5551,Customer_5551,7186.47,0.9232,2023-01-01
acc_5552,Customer_5552,63481.32,0.2804,2023-01-01
acc_5553,Customer_5553,88478.45,0.2985,2023-01-01
acc_5554,Customer_5554,84077.88,0.6113,2023-01-01
acc_5555,Customer_5555,38264.33,0.1838,2023-01-01
acc_5556,Customer_5556,47104.93,0.5723,2023-01-01
acc_5557,Customer_5557,9008.56,0.1611,2023-01-01
acc_5558,Customer_5558,53819.32,0.1413,2023-01-01
acc_5559,Customer_5559,40768.18,0.0067,2023-01-01
acc_5560,Customer_5560,67230.02,0.8559,2023-01-01
acc_5561,Customer_5561,81865.73,0.3355,2023-01-01
acc_5562,Customer_5562,65592.43,0.3155,2023-01-01
acc_5563,Customer_5563,9303.6,0.925,2023-01-01
acc_5564,Customer_5564,26022.96,0.3492,2023-01-01
acc_5565,Customer_5565,16009.62,0.8627,2023-01-01
acc_5566,Customer_5566,58385.27,0.1449,2023-01-01
acc_5567,Customer_5567,82651.88,0.7744,2023-01-01
acc_5568,Customer_5568,63816.28,0.6703,2023-01-01
acc_5569,Customer_5569,41109.78,0.1525,2023-01-01
acc_5570,Customer_5570,70693.6,0.8579,2023-01-01
acc_5571,Customer_5571,33523.14,0.1003,2023-01-01
acc_5572,Customer_5572,61805.97,0.8396,2023-01-01
acc_5573,Customer_5573,98321.24,0.1559,2023-01-01
acc_5574,Customer_5574,77528.69,0.0581,2023-01-01
acc_5575,Customer_5575,51902.42,0.0055,2023-01-01
acc_5576,Customer_5576,12493.05,0.0617,2023-01-01
acc_5577,Customer_5577,79206.77,0.9991,2023-01-01
acc_5578,Customer_5578,60109.43,0.1746,2023-01-01
acc_5579,Customer_5579,29663.08,0.1889,2023-01-01
acc_5580,Customer_5580,34792.37,0.507,2023-01-01
acc_5581,Customer_5581,62172.38,0.3475,2023-01-01
acc_5582,Customer_5582,33798.82,0.0878,2023-01-01
acc_5583,Customer_5583,2180.73,0.2958,2023-01-01
acc_5584,Customer_5584,86338.95,0.8782,2023-01-01
acc_5585,Customer_5585,94086.81,0.5009,2023-01-01
acc_5586,Customer_5586,26542.12,0.4479,2023-01-01
acc_5587,Customer_5587,10636.97,0.4625,2023-01-01
acc_5588,Customer_5588,29044.72,0.137,2023-01-01
acc_5589,Customer_5589,33953.42,0.0851,2023-01-01
acc_5590,Customer_5590,83473.66,0.3368,2023-01-01
acc_5591,Customer_5591,99618.34,0.1663,2023-01-01
acc_5592,Customer_5592,56702.18,0.0448,2023-01-01
acc_5593,Customer_5593,82053.84,0.4181,2023-01-01
acc_5594,Customer_5594,21103.92,0.9946,2023-01-01
acc_5595,Customer_5595,26198.22,0.8253,2023-01-01
acc_5596,Customer_5596,20804.39,0.4618,2023-01-01
acc_5597,Customer_5597,75731.58,0.3154,2023-01-01
acc_5598,Customer_5598,41706.38,0.0477,2023-01-01
acc_5599,Customer_5599,22807.34,0.4712,2023-01-01
acc_5600,Customer_5600,24826.17,0.6544,2023-01-01
acc_5601,Customer_5601,32926.31,0.7636,2023-01-01
acc_5602,Customer_5602,97562.95,0.2603,2023-01-01
acc_5603,Customer_5603,95758.9,0.8251,2023-01-01
acc_5604,Customer_5604,30346.52,0.3761,2023-01-01
acc_5605,Customer_5605,31258.84,0.1164,2023-01-01
acc_5606,Customer_5606,78106.64,0.7655,2023-01-01
acc_5607,Customer_5607,99785.11,0.4252,2023-01-01
acc_5608,Customer_5608,39200.0,0.5038,2023-01-01
acc_5609,Customer_5609,66056.69,0.9025,2023-01-01
acc_5610,Customer_5610,88532.39,0.2389,2023-01-01
acc_5611,Customer_5611,33014.53,0.7047,2023-01-01
acc_5612,Customer_5612,37063.66,0.58,2023-01-01
acc_5613,Customer_5613,69714.75,0.4357,2023-01-01
acc_5614,Customer_5614,73205.97,0.6691,2023-01-01
acc_5615,Customer_5615,45644.37,0.8397,2023-01-01
acc_5616,Customer_5616,64644.98,0.2406,2023-01-01
acc_5617,Customer_5617,97740.3,0.7284,2023-01-01
acc_5618,Customer_5618,76696.49,0.3693,2023-01-01
acc_5619,Customer_5619,98670.24,0.967,2023-01-01
acc_5620,Customer_5620,27845.29,0.6613,2023-01-01
acc_5621,Customer_5621,18277.63,0.6735,2023-01-01
acc_5622,Customer_5622,57127.73,0.5674,2023-01-01
acc_5623,Customer_5623,11664.94,0.8456,2023-01-01
acc_5624,Customer_5624,73408.64,0.5396,2023-01-01
acc_5625,Customer_5625,44560.61,0.7226,2023-01-01
acc_5626,Customer_5626,14227.94,0.8267,2023-01-01
acc_5627,Customer_5627,71673.78,0.7638,2023-01-01
acc_5628,Customer_5628,52665.31,0.5653,2023-01-01
acc_5629,Customer_5629,38462.12,0.1196,2023-01-01
acc_5630,Customer_5630,90561.89,0.1262,2023-01-01
acc_5631,Customer_5631,47447.21,0.4076,2023-01-01
acc_5632,Customer_5632,68603.33,0.0456,2023-01-01
acc_5633,Customer_5633,73593.51,0.9849,2023-01-01
acc_5634,Customer_5634,17933.64,0.4188,2023-01-01
acc_5635,Customer_5635,51138.61,0.5645,2023-01-01
acc_5636,Customer_5636,16520.66,0.4045,2023-01-01
acc_5637,Customer_5637,27662.88,0.1457,2023-01-01
acc_5638,Customer_5638,21104.3,0.456,2023-01-01
acc_5639,Customer_5639,49771.96,0.224,2023-01-01
acc_5640,Customer_5640,73352.02,0.2083,2023-01-01
acc_5641,Customer_5641,3495.19,0.0399,2023-01-01
acc_5642,Customer_5642,5029.56,0.5603,2023-01-01
acc_5643,Customer_5643,68320.01,0.885,2023-01-01
acc_5644,Customer_5644,88995.58,0.518,2023-01-01
acc_5645,Customer_5645,69240.68,0.8146,2023-01-01
acc_5646,Customer_5646,28302.82,0.2364,2023-01-01
acc_5647,Customer_5647,9711.9,0.4125,2023-01-01
acc_5648,Customer_5648,80108.4,0.5807,2023-01-01
acc_5649,Customer_5649,46022.35,0.8299,2023-01-01
acc_5650,Customer_5650,14785.68,0.0586,2023-01-01
acc_5651,Customer_5651,74415.43,0.7244,2023-01-01
acc_5652,Customer_5652,89164.44,0.69,2023-01-01
acc_5653,Customer_5653,1016.37,0.5339,2023-01-01
acc_5654,Customer_5654,6492.48,0.372,2023-01-01
acc_5655,Customer_5655,68612.5,0.8491,2023-01-01
acc_5656,Customer_5656,29337.96,0.1713,2023-01-01
acc_5657,Customer_5657,45089.29,0.1054,2023-01-01
acc_5658,Customer_5658,95434.36,0.1294,2023-01-01
acc_5659,Customer_5659,55357.48,0.4944,2023-01-01
acc_5660,Customer_5660,92165.44,0.8128,2023-01-01
acc_5661,Customer_5661,34843.63,0.9067,2023-01-01
acc_5662,Customer_5662,7135.52,0.2204,2023-01-01
acc_5663,Customer_5663,76372.06,0.5678,2023-01-01
acc_5664,Customer_5664,37744.58,0.381,2023-01-01
acc_5665,Customer_5665,33235.65,0.2712,2023-01-01
acc_5666,Customer_5666,39345.33,0.4064,2023-01-01
acc_5667,Customer_5667,39325.57,0.2872,2023-01-01
acc_5668,Customer_5668,66429.8,0.7391,2023-01-01
acc_5669,Customer_5669,19771.64,0.9784,2023-01-01
acc_5670,Customer_5670,16529.83,0.0177,2023-01-01
acc_5671,Customer_5671,87600.94,0.3802,2023-01-01
acc_5672,Customer_5672,15252.51,0.2149,2023-01-01
acc_5673,Customer_5673,53477.14,0.3993,2023-01-01
acc_5674,Customer_5674,18948.18,0.1071,2023-01-01
acc_5675,Customer_5675,99425.17,0.7098,2023-01-01
acc_5676,Customer_5676,70482.22,0.1203,2023-01-01
acc_5677,Customer_5677,41458.91,0.5959,2023-01-01
acc_5678,Customer_5678,59428.12,0.1406,2023-01-01
acc_5679,Customer_5679,89602.83,0.5956,2023-01-01
acc_5680,Customer_5680,23232.69,0.4692,2023-01-01
acc_5681,Customer_5681,54931.6,0.9887,2023-01-01
acc_5682,Customer_5682,45196.32,0.1398,2023-01-01
acc_5683,Customer_5683,28574.15,0.372,2023-01-01
acc_5684,Customer_5684,77424.55,0.6407,2023-01-01
acc_5685,Customer_5685,47195.36,0.1722,2023-01-01
acc_5686,Customer_5686,40443.27,0.6978,2023-01-01
acc_5687,Customer_5687,54261.46,0.6028,2023-01-01
acc_5688,Customer_5688,82322.87,0.1018,2023-01-01
acc_5689,Customer_5689,91228.82,0.5554,2023-01-01
acc_5690,Customer_5690,53912.57,0.4075,2023-01-01
acc_5691,Customer_5691,62303.66,0.8756,2023-01-01
acc_5692,Customer_5692,94793.71,0.4956,2023-01-01
acc_5693,Customer_5693,20863.83,0.3749,2023-01-01
acc_5694,Customer_5694,61315.65,0.9338,2023-01-01
acc_5695,Customer_5695,95000.24,0.5669,2023-01-01
acc_5696,Customer_5696,3605.65,0.8506,2023-01-01
acc_5697,Customer_5697,99498.99,0.4471,2023-01-01
acc_5698,Customer_5698,70068.13,0.5955,2023-01-01
acc_5699,Customer_5699,62716.45,0.79,2023-01-01
acc_5700,Customer_5700,42141.86,0.2694,2023-01-01
acc_5701,Customer_5701,29430.09,0.1652,2023-01-01
acc_5702,Customer_5702,70609.75,0.7659,2023-01-01
acc_5703,Customer_5703,27399.02,0.4901,2023-01-01
acc_5704,Customer_5704,60528.02,0.5684,2023-01-01
acc_5705,Customer_5705,50025.95,0.0736,2023-01-01
acc_5706,Customer_5706,24566.66,0.7139,2023-01-01
acc_5707,Customer_5707,48176.66,0.3473,2023-01-01
acc_5708,Customer_5708,9436.88,0.6107,2023-01-01
acc_5709,Customer_5709,48172.16,0.1372,2023-01-01
acc_5710,Customer_5710,53414.4,0.5636,2023-01-01
acc_5711,Customer_5711,49541.15,0.3393,2023-01-01
acc_5712,Customer_5712,63892.74,0.213,2023-01-01
acc_5713,Customer_5713,45685.56,0.1461,2023-01-01
acc_5714,Customer_5714,97843.41,0.9193,2023-01-01
acc_5715,Customer_5715,1155.32,0.206,2023-01-01
acc_5716,Customer_5716,14176.27,0.77,2023-01-01
acc_5717,Customer_5717,32630.84,0.2322,2023-01-01
acc_5718,Customer_5718,19146.86,0.4436,2023-01-01
acc_5719,Customer_5719,47430.8,0.7611,2023-01-01
acc_5720,Customer_5720,23920.34,0.9294,2023-01-01
acc_5721,Customer_5721,30608.13,0.8695,2023-01-01
acc_5722,Customer_5722,8323.4,0.7755,2023-01-01
acc_5723,Customer_5723,85872.35,0.342,2023-01-01
acc_5724,Customer_5724,80827.12,0.9621,2023-01-01
acc_5725,Customer_5725,3197.78,0.1401,2023-01-01
acc_5726,Customer_5726,75134.23,0.3806,2023-01-01
acc_5727,Customer_5727,42107.75,0.9261,2023-01-01
acc_5728,Customer_5728,51253.77,0.1075,2023-01-01
acc_5729,Customer_5729,84006.15,0.5387,2023-01-01
acc_5730,Customer_5730,11620.73,0.2441,2023-01-01
acc_5731,Customer_5731,62791.77,0.8816,2023-01-01
acc_5732,Customer_5732,19586.36,0.9743,2023-01-01
acc_5733,Customer_5733,39050.52,0.1699,2023-01-01
acc_5734,Customer_5734,28379.92,0.6933,2023-01-01
acc_5735,Customer_5735,41812.42,0.2632,2023-01-01
acc_5736,Customer_5736,60053.61,0.293,2023-01-01
acc_5737,Customer_5737,12988.5,0.1696,2023-01-01
acc_5738,Customer_5738,38621.68,0.4213,2023-01-01
acc_5739,Customer_5739,58195.49,0.7547,2023-01-01
acc_5740,Customer_5740,40352.33,0.5424,2023-01-01
acc_5741,Customer_5741,79859.48,0.026,2023-01-01
acc_5742,Customer_5742,18355.09,0.7771,2023-01-01
acc_5743,Customer_5743,1577.24,0.921,2023-01-01
acc_5744,Customer_5744,91949.98,0.2922,2023-01-01
acc_5745,Customer_5745,49521.36,0.022,2023-01-01
acc_5746,Customer_5746,50122.82,0.2915,2023-01-01
acc_5747,Customer_5747,54583.61,0.5815,2023-01-01
acc_5748,Customer_5748,28128.15,0.4409,2023-01-01
acc_5749,Customer_5749,85909.27,0.7173,2023-01-01
acc_5750,Customer_5750,1402.03,0.4981,2023-01-01
acc_5751,Customer_5751,85364.89,0.823,2023-01-01
acc_5752,Customer_5752,93048.27,0.3435,2023-01-01
acc_5753,Customer_5753,44540.1,0.155,2023-01-01
acc_5754,Customer_5754,10309.84,0.1785,2023-01-01
acc_5755,Customer_5755,90964.95,0.6257,2023-01-01
acc_5756,Customer_5756,13913.42,0.0525,2023-01-01
acc_5757,Customer_5757,89643.91,0.2476,2023-01-01
acc_5758,Customer_5758,16716.44,0.1832,2023-01-01
acc_5759,Customer_5759,8369.34,0.062,2023-01-01
acc_5760,Customer_5760,59963.61,0.5994,2023-01-01
acc_5761,Customer_5761,23078.08,0.7727,2023-01-01
acc_5762,Customer_5762,76992.8,0.9319,2023-01-01
acc_5763,Customer_5763,646.77,0.4278,2023-01-01
acc_5764,Customer_5764,56946.73,0.3398,2023-01-01
acc_5765,Customer_5765,99144.79,0.0599,2023-01-01
acc_5766,Customer_5766,2293.4,0.6366,2023-01-01
acc_5767,Customer_5767,12455.6,0.5736,2023-01-01
acc_5768,Customer_5768,9409.59,0.2,2023-01-01
acc_5769,Customer_5769,82415.66,0.5768,2023-01-01
acc_5770,Customer_5770,90531.37,0.245,2023-01-01
acc_5771,Customer_5771,27599.16,0.3128,2023-01-01
acc_5772,Customer_5772,46569.39,0.0109,2023-01-01
acc_5773,Customer_5773,54564.37,0.3685,2023-01-01
acc_5774,Customer_5774,80355.88,0.5614,2023-01-01
acc_5775,Customer_5775,4926.39,0.415,2023-01-01
acc_5776,Customer_5776,91673.43,0.7215,2023-01-01
acc_5777,Customer_5777,56475.64,0.1254,2023-01-01
acc_5778,Customer_5778,90758.4,0.6212,2023-01-01
acc_5779,Customer_5779,73822.04,0.7859,2023-01-01
acc_5780,Customer_5780,91829.85,0.0765,2023-01-01
acc_5781,Customer_5781,23664.72,0.0506,2023-01-01
acc_5782,Customer_5782,61635.46,0.9501,2023-01-01
acc_5783,Customer_5783,31487.38,0.488,2023-01-01
acc_5784,Customer_5784,65581.02,0.1243,2023-01-01
acc_5785,Customer_5785,97405.82,0.5597,2023-01-01
acc_5786,Customer_5786,55587.6,0.5324,2023-01-01
acc_5787,Customer_5787,3099.38,0.2722,2023-01-01
acc_5788,Customer_5788,2649.29,0.7403,2023-01-01
acc_5789,Customer_5789,35914.6,0.9041,2023-01-01
acc_5790,Customer_5790,12749.7,0.0575,2023-01-01
acc_5791,Customer_5791,3754.31,0.1777,2023-01-01
acc_5792,Customer_5792,56135.29,0.5792,2023-01-01
acc_5793,Customer_5793,70352.41,0.4568,2023-01-01
acc_5794,Customer_5794,18561.32,0.507,2023-01-01
acc_5795,Customer_5795,20503.86,0.5703,2023-01-01
acc_5796,Customer_5796,21107.32,0.8822,2023-01-01
acc_5797,Customer_5797,44311.44,0.7679,2023-01-01
acc_5798,Customer_5798,20465.52,0.9169,2023-01-01
acc_5799,Customer_5799,616.63,0.673,2023-01-01
acc_5800,Customer_5800,92907.46,0.7963,2023-01-01
acc_5801,Customer_5801,62867.15,0.0269,2023-01-01
acc_5802,Customer_5802,94893.07,0.0199,2023-01-01
acc_5803,Customer_5803,70037.21,0.1257,2023-01-01
acc_5804,Customer_5804,70904.97,0.2905,2023-01-01
acc_5805,Customer_5805,36414.27,0.8689,2023-01-01
acc_5806,Customer_5806,5827.73,0.3362,2023-01-01
acc_5807,Customer_5807,46268.16,0.5676,2023-01-01
acc_5808,Customer_5808,97822.41,0.2376,2023-01-01
acc_5809,Customer_5809,72545.43,0.3306,2023-01-01
acc_5810,Customer_5810,27203.39,0.144,2023-01-01
acc_5811,Customer_5811,9983.22,0.0164,2023-01-01
acc_5812,Customer_5812,4961.09,0.7337,2023-01-01
acc_5813,Customer_5813,93889.09,0.2065,2023-01-01
acc_5814,Customer_5814,12950.98,0.6035,2023-01-01
acc_5815,Customer_5815,75113.74,0.0953,2023-01-01
acc_5816,Customer_5816,11804.8,0.9366,2023-01-01
acc_5817,Customer_5817,35698.69,0.1379,2023-01-01
acc_5818,Customer_5818,27743.6,0.2536,2023-01-01
acc_5819,Customer_5819,62938.87,0.8521,2023-01-01
acc_5820,Customer_5820,38079.04,0.9929,2023-01-01
acc_5821,Customer_5821,46501.29,0.154,2023-01-01
acc_5822,Customer_5822,17535.04,0.5003,2023-01-01
acc_5823,Customer_5823,50299.23,0.4233,2023-01-01
acc_5824,Customer_5824,19763.29,0.0886,2023-01-01
acc_5825,Customer_5825,58478.12,0.1377,2023-01-01
acc_5826,Customer_5826,50671.16,0.8103,2023-01-01
acc_5827,Customer_5827,9215.81,0.892,2023-01-01
acc_5828,Customer_5828,2603.15,0.311,2023-01-01
acc_5829,Customer_5829,24261.34,0.9471,2023-01-01
acc_5830,Customer_5830,85350.99,0.6815,2023-01-01
acc_5831,Customer_5831,74332.81,0.8943,2023-01-01
acc_5832,Customer_5832,37442.71,0.5221,2023-01-01
acc_5833,Customer_5833,23523.74,0.4361,2023-01-01
acc_5834,Customer_5834,49301.17,0.6892,2023-01-01
acc_5835,Customer_5835,57397.35,0.6657,2023-01-01
acc_5836,Customer_5836,64165.58,0.1088,2023-01-01
acc_5837,Customer_5837,5361.49,0.0178,2023-01-01
acc_5838,Customer_5838,21683.9,0.8358,2023-01-01
acc_5839,Customer_5839,5430.24,0.691,2023-01-01
acc_5840,Customer_5840,4968.38,0.56,2023-01-01
acc_5841,Customer_5841,91278.25,0.8559,2023-01-01
acc_5842,Customer_5842,25810.39,0.8431,2023-01-01
acc_5843,Customer_5843,33378.6,0.2218,2023-01-01
acc_5844,Customer_5844,718.08,0.5674,2023-01-01
acc_5845,Customer_5845,25787.7,0.8568,2023-01-01
acc_5846,Customer_5846,33328.23,0.4145,2023-01-01
acc_5847,Customer_5847,25201.73,0.0319,2023-01-01
acc_5848,Customer_5848,1870.19,0.3406,2023-01-01
acc_5849,Customer_5849,62680.62,0.1838,2023-01-01
acc_5850,Customer_5850,24450.44,0.0634,2023-01-01
acc_5851,Customer_5851,25645.28,0.7008,2023-01-01
acc_5852,Customer_5852,11328.42,0.497,2023-01-01
acc_5853,Customer_5853,55223.55,0.5889,2023-01-01
acc_5854,Customer_5854,65541.7,0.22,2023-01-01
acc_5855,Customer_5855,73752.05,0.6687,2023-01-01
acc_5856,Customer_5856,75498.26,0.666,2023-01-01
acc_5857,Customer_5857,64892.79,0.6228,2023-01-01
acc_5858,Customer_5858,72295.14,0.1596,2023-01-01
acc_5859,Customer_5859,60752.79,0.805,2023-01-01
acc_5860,Customer_5860,64775.58,0.9056,2023-01-01
acc_5861,Customer_5861,90252.27,0.8266,2023-01-01
acc_5862,Customer_5862,52066.95,0.8059,2023-01-01
acc_5863,Customer_5863,97160.12,0.8651,2023-01-01
acc_5864,Customer_5864,23093.74,0.5687,2023-01-01
acc_5865,Customer_5865,20620.27,0.4824,2023-01-01
acc_5866,Customer_5866,98695.95,0.9845,2023-01-01
acc_5867,Customer_5867,61790.52,0.7851,2023-01-01
acc_5868,Customer_5868,25093.64,0.5832,2023-01-01
acc_5869,Customer_5869,52664.89,0.6455,2023-01-01
acc_5870,Customer_5870,40098.26,0.8781,2023-01-01
acc_5871,Customer_5871,14524.6,0.3379,2023-01-01
acc_5872,Customer_5872,24743.64,0.2079,2023-01-01
acc_5873,Customer_5873,95565.65,0.4368,2023-01-01
acc_5874,Customer_5874,93688.88,0.1794,2023-01-01
acc_5875,Customer_5875,8121.45,0.0537,2023-01-01
acc_5876,Customer_5876,7326.94,0.0931,2023-01-01
acc_5877,Customer_5877,99521.59,0.555,2023-01-01
acc_5878,Customer_5878,69858.71,0.0997,2023-01-01
acc_5879,Customer_5879,55747.19,0.5193,2023-01-01
acc_5880,Customer_5880,63575.35,0.4217,2023-01-01
acc_5881,Customer_5881,30427.59,0.9449,2023-01-01
acc_5882,Customer_5882,80250.99,0.0411,2023-01-01
acc_5883,Customer_5883,32561.88,0.3279,2023-01-01
acc_5884,Customer_5884,33133.17,0.4014,2023-01-01
acc_5885,Customer_5885,8206.35,0.1749,2023-01-01
acc_5886,Customer_5886,16467.1,0.5546,2023-01-01
acc_5887,Customer_5887,67902.91,0.0357,2023-01-01
acc_5888,Customer_5888,31678.83,0.9494,2023-01-01
acc_5889,Customer_5889,73127.08,0.7171,2023-01-01
acc_5890,Customer_5890,54544.0,0.0086,2023-01-01
acc_5891,Customer_5891,64405.77,0.1266,2023-01-01
acc_5892,Customer_5892,55037.6,0.0964,2023-01-01
acc_5893,Customer_5893,48882.17,0.6639,2023-01-01
acc_5894,Customer_5894,28702.87,0.7473,2023-01-01
acc_5895,Customer_5895,95224.97,0.3805,2023-01-01
acc_5896,Customer_5896,2706.46,0.6042,2023-01-01
acc_5897,Customer_5897,23620.18,0.2739,2023-01-01
acc_5898,Customer_5898,52856.6,0.2545,2023-01-01
acc_5899,Customer_5899,87121.99,0.2866,2023-01-01
acc_5900,Customer_5900,11553.75,0.647,2023-01-01
acc_5901,Customer_5901,12143.71,0.7431,2023-01-01
acc_5902,Customer_5902,69007.64,0.1674,2023-01-01
acc_5903,Customer_5903,27479.24,0.3164,2023-01-01
acc_5904,Customer_5904,89527.95,0.9711,2023-01-01
acc_5905,Customer_5905,76584.59,0.2457,2023-01-01
acc_5906,Customer_5906,97525.56,0.2809,2023-01-01
acc_5907,Customer_5907,19402.78,0.4774,2023-01-01
acc_5908,Customer_5908,4156.96,0.8966,2023-01-01
acc_5909,Customer_5909,19023.35,0.7224,2023-01-01
acc_5910,Customer_5910,11082.89,0.2927,2023-01-01
acc_5911,Customer_5911,99454.64,0.5594,2023-01-01
acc_5912,Customer_5912,76465.01,0.3143,2023-01-01
acc_5913,Customer_5913,9574.94,0.4922,2023-01-01
acc_5914,Customer_5914,60726.95,0.3303,2023-01-01
acc_5915,Customer_5915,24280.9,0.8419,2023-01-01
acc_5916,Customer_5916,74368.08,0.236,2023-01-01
acc_5917,Customer_5917,48824.13,0.4815,2023-01-01
acc_5918,Customer_5918,76543.9,0.5196,2023-01-01
acc_5919,Customer_5919,59285.87,0.6294,2023-01-01
acc_5920,Customer_5920,23905.11,0.0563,2023-01-01
acc_5921,Customer_5921,68009.0,0.3356,2023-01-01
acc_5922,Customer_5922,81081.73,0.9342,2023-01-01
acc_5923,Customer_5923,69003.64,0.8584,2023-01-01
acc_5924,Customer_5924,5483.5,0.8426,2023-01-01
acc_5925,Customer_5925,77870.98,0.7699,2023-01-01
acc_5926,Customer_5926,33201.94,0.0156,2023-01-01
acc_5927,Customer_5927,49518.51,0.5344,2023-01-01
acc_5928,Customer_5928,90431.36,0.4252,2023-01-01
acc_5929,Customer_5929,50458.03,0.2952,2023-01-01
acc_5930,Customer_5930,86554.39,0.0169,2023-01-01
acc_5931,Customer_5931,55483.67,0.6041,2023-01-01
acc_5932,Customer_5932,89897.04,0.9987,2023-01-01
acc_5933,Customer_5933,27294.39,0.0253,2023-01-01
acc_5934,Customer_5934,85414.27,0.0428,2023-01-01
acc_5935,Customer_5935,32984.8,0.8941,2023-01-01
acc_5936,Customer_5936,62723.76,0.4928,2023-01-01
acc_5937,Customer_5937,66653.6,0.4098,2023-01-01
acc_5938,Customer_5938,25987.22,0.0284,2023-01-01
acc_5939,Customer_5939,77994.49,0.4846,2023-01-01
acc_5940,Customer_5940,28136.95,0.4348,2023-01-01
acc_5941,Customer_5941,49566.92,0.4061,2023-01-01
acc_5942,Customer_5942,50231.07,0.5433,2023-01-01
acc_5943,Customer_5943,31250.4,0.4743,2023-01-01
acc_5944,Customer_5944,35791.34,0.9132,2023-01-01
acc_5945,Customer_5945,17566.92,0.6567,2023-01-01
acc_5946,Customer_5946,34990.47,0.9379,2023-01-01
acc_5947,Customer_5947,11829.32,0.0263,2023-01-01
acc_5948,Customer_5948,15225.89,0.5353,2023-01-01
acc_5949,Customer_5949,94785.07,0.9982,2023-01-01
acc_5950,Customer_5950,73000.48,0.3881,2023-01-01
acc_5951,Customer_5951,62642.54,0.4482,2023-01-01
acc_5952,Customer_5952,2742.87,0.5057,2023-01-01
acc_5953,Customer_5953,12240.17,0.6276,2023-01-01
acc_5954,Customer_5954,2451.33,0.7339,2023-01-01
acc_5955,Customer_5955,53274.21,0.3062,2023-01-01
acc_5956,Customer_5956,41776.32,0.0493,2023-01-01
acc_5957,Customer_5957,71056.75,0.8088,2023-01-01
acc_5958,Customer_5958,27836.5,0.7689,2023-01-01
acc_5959,Customer_5959,84142.67,0.3361,2023-01-01
acc_5960,Customer_5960,60189.62,0.9358,2023-01-01
acc_5961,Customer_5961,87792.76,0.2266,2023-01-01
acc_5962,Customer_5962,57134.71,0.0129,2023-01-01
acc_5963,Customer_5963,96748.06,0.7889,2023-01-01
acc_5964,Customer_5964,55842.1,0.5427,2023-01-01
acc_5965,Customer_5965,65520.93,0.7345,2023-01-01
acc_5966,Customer_5966,55021.65,0.7845,2023-01-01
acc_5967,Customer_5967,71570.9,0.5553,2023-01-01
acc_5968,Customer_5968,67183.23,0.9152,2023-01-01
acc_5969,Customer_5969,82143.63,0.2169,2023-01-01
acc_5970,Customer_5970,39976.72,0.8249,2023-01-01
acc_5971,Customer_5971,78121.2,0.7072,2023-01-01
acc_5972,Customer_5972,22928.53,0.8803,2023-01-01
acc_5973,Customer_5973,98842.96,0.5057,2023-01-01
acc_5974,Customer_5974,22633.32,0.2425,2023-01-01
acc_5975,Customer_5975,83296.69,0.7272,2023-01-01
acc_5976,Customer_5976,12231.13,0.5487,2023-01-01
acc_5977,Customer_5977,59588.04,0.5148,2023-01-01
acc_5978,Customer_5978,53605.49,0.6285,2023-01-01
acc_5979,Customer_5979,49183.74,0.2894,2023-01-01
acc_5980,Customer_5980,68276.71,0.7999,2023-01-01
acc_5981,Customer_5981,34786.64,0.6902,2023-01-01
acc_5982,Customer_5982,75519.4,0.9536,2023-01-01
acc_5983,Customer_5983,46279.65,0.3312,2023-01-01
acc_5984,Customer_5984,91424.87,0.7335,2023-01-01
acc_5985,Customer_5985,93310.31,0.1448,2023-01-01
acc_5986,Customer_5986,59615.91,0.3037,2023-01-01
acc_5987,Customer_5987,17184.62,0.7369,2023-01-01
acc_5988,Customer_5988,20077.62,0.4195,2023-01-01
acc_5989,Customer_5989,32896.64,0.7766,2023-01-01
acc_5990,Customer_5990,15239.85,0.6117,2023-01-01
acc_5991,Customer_5991,1426.68,0.5983,2023-01-01
acc_5992,Customer_5992,2985.03,0.0073,2023-01-01
acc_5993,Customer_5993,54393.56,0.7694,2023-01-01
acc_5994,Customer_5994,23916.06,0.839,2023-01-01
acc_5995,Customer_5995,9428.45,0.0281,2023-01-01
acc_5996,Customer_5996,16566.6,0.3693,2023-01-01
acc_5997,Customer_5997,51278.25,0.2876,2023-01-01
acc_5998,Customer_5998,67386.35,0.4231,2023-01-01
acc_5999,Customer_5999,1161.24,0.7919,2023-01-01
acc_6000,Customer_6000,9042.25,0.3178,2023-01-01
acc_6001,Customer_6001,15450.12,0.7638,2023-01-01
acc_6002,Customer_6002,82037.12,0.8019,2023-01-01
acc_6003,Customer_6003,96734.31,0.1224,2023-01-01
acc_6004,Customer_6004,91900.21,0.6908,2023-01-01
acc_6005,Customer_6005,12130.11,0.9772,2023-01-01
acc_6006,Customer_6006,11411.74,0.1053,2023-01-01
acc_6007,Customer_6007,67219.61,0.2419,2023-01-01
acc_6008,Customer_6008,11239.7,0.9297,2023-01-01
acc_6009,Customer_6009,88389.02,0.1907,2023-01-01
acc_6010,Customer_6010,31238.64,0.6186,2023-01-01
acc_6011,Customer_6011,56504.83,0.8704,2023-01-01
acc_6012,Customer_6012,57818.16,0.617,2023-01-01
acc_6013,Customer_6013,92604.33,0.1867,2023-01-01
acc_6014,Customer_6014,1678.93,0.3316,2023-01-01
acc_6015,Customer_6015,92605.14,0.6662,2023-01-01
acc_6016,Customer_6016,46265.15,0.0657,2023-01-01
acc_6017,Customer_6017,45709.26,0.0343,2023-01-01
acc_6018,Customer_6018,19499.71,0.212,2023-01-01
acc_6019,Customer_6019,47709.8,0.7781,2023-01-01
acc_6020,Customer_6020,11542.5,0.7096,2023-01-01
acc_6021,Customer_6021,51012.96,0.6846,2023-01-01
acc_6022,Customer_6022,1327.93,0.9414,2023-01-01
acc_6023,Customer_6023,9343.67,0.3962,2023-01-01
acc_6024,Customer_6024,14160.47,0.6804,2023-01-01
acc_6025,Customer_6025,29324.96,0.2455,2023-01-01
acc_6026,Customer_6026,12030.42,0.8172,2023-01-01
acc_6027,Customer_6027,20754.95,0.26,2023-01-01
acc_6028,Customer_6028,79990.2,0.3906,2023-01-01
acc_6029,Customer_6029,69446.35,0.7839,2023-01-01
acc_6030,Customer_6030,87507.52,0.5343,2023-01-01
acc_6031,Customer_6031,22458.11,0.8178,2023-01-01
acc_6032,Customer_6032,59003.45,0.5575,2023-01-01
acc_6033,Customer_6033,15586.96,0.6227,2023-01-01
acc_6034,Customer_6034,59916.75,0.359,2023-01-01
acc_6035,Customer_6035,74187.58,0.4515,2023-01-01
acc_6036,Customer_6036,23307.54,0.6833,2023-01-01
acc_6037,Customer_6037,90855.03,0.8222,2023-01-01
acc_6038,Customer_6038,33814.48,0.7698,2023-01-01
acc_6039,Customer_6039,79844.45,0.0145,2023-01-01
acc_6040,Customer_6040,15192.56,0.3773,2023-01-01
acc_6041,Customer_6041,69497.65,0.3624,2023-01-01
acc_6042,Customer_6042,28455.02,0.5465,2023-01-01
acc_6043,Customer_6043,10645.18,0.8514,2023-01-01
acc_6044,Customer_6044,94845.44,0.7454,2023-01-01
acc_6045,Customer_6045,53689.9,0.6076,2023-01-01
acc_6046,Customer_6046,74970.34,0.7577,2023-01-01
acc_6047,Customer_6047,41923.43,0.135,2023-01-01
acc_6048,Customer_6048,24666.24,0.0208,2023-01-01
acc_6049,Customer_6049,53195.04,0.7751,2023-01-01
acc_6050,Customer_6050,13273.59,0.7182,2023-01-01
acc_6051,Customer_6051,43328.82,0.5172,2023-01-01
acc_6052,Customer_6052,27225.96,0.0479,2023-01-01
acc_6053,Customer_6053,92831.77,0.8734,2023-01-01
acc_6054,Customer_6054,47492.97,0.05,2023-01-01
acc_6055,Customer_6055,56559.28,0.4016,2023-01-01
acc_6056,Customer_6056,53700.94,0.4269,2023-01-01
acc_6057,Customer_6057,5434.85,0.8691,2023-01-01
acc_6058,Customer_6058,7803.23,0.2016,2023-01-01
acc_6059,Customer_6059,74067.34,0.5711,2023-01-01
acc_6060,Customer_6060,69184.5,0.2778,2023-01-01
acc_6061,Customer_6061,45291.43,0.6609,2023-01-01
acc_6062,Customer_6062,67018.4,0.8161,2023-01-01
acc_6063,Customer_6063,88243.02,0.9192,2023-01-01
acc_6064,Customer_6064,79272.48,0.3389,2023-01-01
acc_6065,Customer_6065,27416.63,0.8936,2023-01-01
acc_6066,Customer_6066,9226.91,0.3969,2023-01-01
acc_6067,Customer_6067,50806.69,0.4758,2023-01-01
acc_6068,Customer_6068,57127.83,0.9247,2023-01-01
acc_6069,Customer_6069,7530.95,0.122,2023-01-01
acc_6070,Customer_6070,26247.53,0.9865,2023-01-01
acc_6071,Customer_6071,60120.86,0.7824,2023-01-01
acc_6072,Customer_6072,77700.74,0.5551,2023-01-01
acc_6073,Customer_6073,82067.25,0.5709,2023-01-01
acc_6074,Customer_6074,55128.12,0.0426,2023-01-01
acc_6075,Customer_6075,32940.45,0.5164,2023-01-01
acc_6076,Customer_6076,17588.1,0.0583,2023-01-01
acc_6077,Customer_6077,98286.61,0.2294,2023-01-01
acc_6078,Customer_6078,54340.86,0.5453,2023-01-01
acc_6079,Customer_6079,80109.06,0.991,2023-01-01
acc_6080,Customer_6080,48691.62,0.1,2023-01-01
acc_6081,Customer_6081,9956.44,0.1998,2023-01-01
acc_6082,Customer_6082,9083.82,0.1208,2023-01-01
acc_6083,Customer_6083,89477.28,0.9812,2023-01-01
acc_6084,Customer_6084,14692.46,0.4706,2023-01-01
acc_6085,Customer_6085,75136.11,0.8055,2023-01-01
acc_6086,Customer_6086,13350.09,0.6051,2023-01-01
acc_6087,Customer_6087,26108.05,0.9781,2023-01-01
acc_6088,Customer_6088,68817.57,0.1899,2023-01-01
acc_6089,Customer_6089,73935.18,0.0416,2023-01-01
acc_6090,Customer_6090,3937.16,0.2791,2023-01-01
acc_6091,Customer_6091,72766.66,0.9953,2023-01-01
acc_6092,Customer_6092,45513.71,0.6229,2023-01-01
acc_6093,Customer_6093,82783.01,0.7353,2023-01-01
acc_6094,Customer_6094,21477.9,0.8347,2023-01-01
acc_6095,Customer_6095,60138.2,0.0726,2023-01-01
acc_6096,Customer_6096,58560.94,0.2322,2023-01-01
acc_6097,Customer_6097,42632.42,0.2068,2023-01-01
acc_6098,Customer_6098,14916.54,0.2746,2023-01-01
acc_6099,Customer_6099,10782.2,0.144,2023-01-01
acc_6100,Customer_6100,97158.74,0.8615,2023-01-01
acc_6101,Customer_6101,99935.0,0.6925,2023-01-01
acc_6102,Customer_6102,54977.53,0.1123,2023-01-01
acc_6103,Customer_6103,79235.59,0.2063,2023-01-01
acc_6104,Customer_6104,36380.56,0.1866,2023-01-01
acc_6105,Customer_6105,39914.06,0.2572,2023-01-01
acc_6106,Customer_6106,61990.84,0.1489,2023-01-01
acc_6107,Customer_6107,86219.24,0.9425,2023-01-01
acc_6108,Customer_6108,67536.79,0.2602,2023-01-01
acc_6109,Customer_6109,32184.47,0.5992,2023-01-01
acc_6110,Customer_6110,88253.64,0.7185,2023-01-01
acc_6111,Customer_6111,61393.38,0.8579,2023-01-01
acc_6112,Customer_6112,79253.64,0.7009,2023-01-01
acc_6113,Customer_6113,18842.05,0.4986,2023-01-01
acc_6114,Customer_6114,84402.81,0.3931,2023-01-01
acc_6115,Customer_6115,6630.02,0.0894,2023-01-01
acc_6116,Customer_6116,70195.11,0.7246,2023-01-01
acc_6117,Customer_6117,23589.12,0.2381,2023-01-01
acc_6118,Customer_6118,83197.25,0.795,2023-01-01
acc_6119,Customer_6119,19053.78,0.4624,2023-01-01
acc_6120,Customer_6120,19061.26,0.2287,2023-01-01
acc_6121,Customer_6121,85032.8,0.0126,2023-01-01
acc_6122,Customer_6122,96702.25,0.1638,2023-01-01
acc_6123,Customer_6123,55913.91,0.4304,2023-01-01
acc_6124,Customer_6124,36217.25,0.9495,2023-01-01
acc_6125,Customer_6125,66741.04,0.4097,2023-01-01
acc_6126,Customer_6126,81424.64,0.3237,2023-01-01
acc_6127,Customer_6127,33657.41,0.856,2023-01-01
acc_6128,Customer_6128,42543.11,0.3591,2023-01-01
acc_6129,Customer_6129,43198.28,0.3405,2023-01-01
acc_6130,Customer_6130,86160.82,0.5077,2023-01-01
acc_6131,Customer_6131,54206.04,0.616,2023-01-01
acc_6132,Customer_6132,54308.3,0.4208,2023-01-01
acc_6133,Customer_6133,8300.32,0.1231,2023-01-01
acc_6134,Customer_6134,7731.91,0.2758,2023-01-01
acc_6135,Customer_6135,45470.84,0.1372,2023-01-01
acc_6136,Customer_6136,96017.88,0.5695,2023-01-01
acc_6137,Customer_6137,47709.06,0.305,2023-01-01
acc_6138,Customer_6138,54836.19,0.7252,2023-01-01
acc_6139,Customer_6139,9526.44,0.662,2023-01-01
acc_6140,Customer_6140,98849.34,0.1927,2023-01-01
acc_6141,Customer_6141,24335.64,0.3233,2023-01-01
acc_6142,Customer_6142,63491.43,0.6599,2023-01-01
acc_6143,Customer_6143,97788.58,0.9043,2023-01-01
acc_6144,Customer_6144,56864.17,0.8076,2023-01-01
acc_6145,Customer_6145,53126.38,0.6431,2023-01-01
acc_6146,Customer_6146,54693.4,0.4706,2023-01-01
acc_6147,Customer_6147,13089.96,0.8277,2023-01-01
acc_6148,Customer_6148,10932.46,0.4111,2023-01-01
acc_6149,Customer_6149,10446.73,0.78,2023-01-01
acc_6150,Customer_6150,89164.44,0.3247,2023-01-01
acc_6151,Customer_6151,83390.52,0.2869,2023-01-01
acc_6152,Customer_6152,90982.07,0.6917,2023-01-01
acc_6153,Customer_6153,85912.62,0.0162,2023-01-01
acc_6154,Customer_6154,73274.95,0.0324,2023-01-01
acc_6155,Customer_6155,37105.91,0.2429,2023-01-01
acc_6156,Customer_6156,15459.63,0.4681,2023-01-01
acc_6157,Customer_6157,74280.47,0.7702,2023-01-01
acc_6158,Customer_6158,96819.43,0.2759,2023-01-01
acc_6159,Customer_6159,5371.55,0.0251,2023-01-01
acc_6160,Customer_6160,29857.07,0.1378,2023-01-01
acc_6161,Customer_6161,98982.66,0.0784,2023-01-01
acc_6162,Customer_6162,43172.61,0.9766,2023-01-01
acc_6163,Customer_6163,83991.15,0.3283,2023-01-01
acc_6164,Customer_6164,20309.33,0.265,2023-01-01
acc_6165,Customer_6165,64205.79,0.2801,2023-01-01
acc_6166,Customer_6166,75033.36,0.6378,2023-01-01
acc_6167,Customer_6167,17666.98,0.5865,2023-01-01
acc_6168,Customer_6168,16712.11,0.8171,2023-01-01
acc_6169,Customer_6169,26641.3,0.325,2023-01-01
acc_6170,Customer_6170,40120.37,0.3064,2023-01-01
acc_6171,Customer_6171,10731.8,0.4683,2023-01-01
acc_6172,Customer_6172,13230.28,0.4696,2023-01-01
acc_6173,Customer_6173,53386.99,0.879,2023-01-01
acc_6174,Customer_6174,64434.45,0.0663,2023-01-01
acc_6175,Customer_6175,6189.75,0.8909,2023-01-01
acc_6176,Customer_6176,31912.34,0.6248,2023-01-01
acc_6177,Customer_6177,96778.89,0.1836,2023-01-01
acc_6178,Customer_6178,93854.84,0.726,2023-01-01
acc_6179,Customer_6179,32832.94,0.6766,2023-01-01
acc_6180,Customer_6180,45217.48,0.3443,2023-01-01
acc_6181,Customer_6181,29120.98,0.9618,2023-01-01
acc_6182,Customer_6182,96438.63,0.2927,2023-01-01
acc_6183,Customer_6183,15384.87,0.5296,2023-01-01
acc_6184,Customer_6184,73021.05,0.0084,2023-01-01
acc_6185,Customer_6185,16050.06,0.4499,2023-01-01
acc_6186,Customer_6186,16940.0,0.5955,2023-01-01
acc_6187,Customer_6187,71945.88,0.732,2023-01-01
acc_6188,Customer_6188,92022.68,0.9568,2023-01-01
acc_6189,Customer_6189,62143.59,0.4032,2023-01-01
acc_6190,Customer_6190,56585.23,0.9105,2023-01-01
acc_6191,Customer_6191,64244.98,0.9264,2023-01-01
acc_6192,Customer_6192,70041.42,0.7578,2023-01-01
acc_6193,Customer_6193,45988.98,0.8448,2023-01-01
acc_6194,Customer_6194,79999.87,0.8792,2023-01-01
acc_6195,Customer_6195,68172.9,0.0626,2023-01-01
acc_6196,Customer_6196,57272.42,0.3322,2023-01-01
acc_6197,Customer_6197,21090.44,0.1159,2023-01-01
acc_6198,Customer_6198,74860.16,0.0009,2023-01-01
acc_6199,Customer_6199,49396.01,0.072,2023-01-01
acc_6200,Customer_6200,42861.6,0.9521,2023-01-01
acc_6201,Customer_6201,61896.69,0.515,2023-01-01
acc_6202,Customer_6202,17426.78,0.3566,2023-01-01
acc_6203,Customer_6203,90499.34,0.8853,2023-01-01
acc_6204,Customer_6204,68644.2,0.3436,2023-01-01
acc_6205,Customer_6205,89368.81,0.8868,2023-01-01
acc_6206,Customer_6206,78932.26,0.7243,2023-01-01
acc_6207,Customer_6207,74800.54,0.2706,2023-01-01
acc_6208,Customer_6208,84986.54,0.1589,2023-01-01
acc_6209,Customer_6209,29614.03,0.44,2023-01-01
acc_6210,Customer_6210,2590.64,0.933,2023-01-01
acc_6211,Customer_6211,40983.61,0.5916,2023-01-01
acc_6212,Customer_6212,62160.33,0.9325,2023-01-01
acc_6213,Customer_6213,22080.99,0.7278,2023-01-01
acc_6214,Customer_6214,50850.65,0.9429,2023-01-01
acc_6215,Customer_6215,7239.53,0.0934,2023-01-01
acc_6216,Customer_6216,32672.31,0.9578,2023-01-01
acc_6217,Customer_6217,34650.61,0.1341,2023-01-01
acc_6218,Customer_6218,26679.45,0.3353,2023-01-01
acc_6219,Customer_6219,32402.09,0.1354,2023-01-01
acc_6220,Customer_6220,7930.75,0.3127,2023-01-01
acc_6221,Customer_6221,30948.7,0.6706,2023-01-01
acc_6222,Customer_6222,52584.77,0.4868,2023-01-01
acc_6223,Customer_6223,36117.8,0.5803,2023-01-01
acc_6224,Customer_6224,87053.23,0.815,2023-01-01
acc_6225,Customer_6225,39985.52,0.973,2023-01-01
acc_6226,Customer_6226,95709.06,0.6997,2023-01-01
acc_6227,Customer_6227,10415.17,0.8976,2023-01-01
acc_6228,Customer_6228,69637.37,0.2938,2023-01-01
acc_6229,Customer_6229,77157.62,0.0178,2023-01-01
acc_6230,Customer_6230,77908.47,0.3631,2023-01-01
acc_6231,Customer_6231,32962.88,0.5575,2023-01-01
acc_6232,Customer_6232,90472.59,0.5084,2023-01-01
acc_6233,Customer_6233,22699.63,0.4574,2023-01-01
acc_6234,Customer_6234,36869.54,0.7884,2023-01-01
acc_6235,Customer_6235,2679.44,0.1151,2023-01-01
acc_6236,Customer_6236,93326.42,0.5612,2023-01-01
acc_6237,Customer_6237,99570.23,0.6273,2023-01-01
acc_6238,Customer_6238,9208.96,0.9115,2023-01-01
acc_6239,Customer_6239,22933.38,0.7286,2023-01-01
acc_6240,Customer_6240,39619.36,0.8673,2023-01-01
acc_6241,Customer_6241,83377.66,0.578,2023-01-01
acc_6242,Customer_6242,81036.43,0.7541,2023-01-01
acc_6243,Customer_6243,64596.26,0.9862,2023-01-01
acc_6244,Customer_6244,70929.7,0.8594,2023-01-01
acc_6245,Customer_6245,78241.88,0.8295,2023-01-01
acc_6246,Customer_6246,86475.48,0.9711,2023-01-01
acc_6247,Customer_6247,64693.39,0.3196,2023-01-01
acc_6248,Customer_6248,4380.8,0.2567,2023-01-01
acc_6249,Customer_6249,79837.66,0.7722,2023-01-01
acc_6250,Customer_6250,14980.84,0.2689,2023-01-01
acc_6251,Customer_6251,14669.49,0.5338,2023-01-01
acc_6252,Customer_6252,4858.27,0.18,2023-01-01
acc_6253,Customer_6253,27702.61,0.9879,2023-01-01
acc_6254,Customer_6254,12810.97,0.7585,2023-01-01
acc_6255,Customer_6255,80248.2,0.013,2023-01-01
acc_6256,Customer_6256,75490.0,0.58,2023-01-01
acc_6257,Customer_6257,8372.35,0.5707,2023-01-01
acc_6258,Customer_6258,58869.05,0.7919,2023-01-01
acc_6259,Customer_6259,53700.48,0.3686,2023-01-01
acc_6260,Customer_6260,98466.13,0.7228,2023-01-01
acc_6261,Customer_6261,19152.4,0.8258,2023-01-01
acc_6262,Customer_6262,99973.75,0.8115,2023-01-01
acc_6263,Customer_6263,46308.53,0.3736,2023-01-01
acc_6264,Customer_6264,90911.24,0.9155,2023-01-01
acc_6265,Customer_6265,88094.11,0.6701,2023-01-01
acc_6266,Customer_6266,47120.3,0.4336,2023-01-01
acc_6267,Customer_6267,84626.98,0.493,2023-01-01
acc_6268,Customer_6268,44612.31,0.8093,2023-01-01
acc_6269,Customer_6269,82389.48,0.4036,2023-01-01
acc_6270,Customer_6270,95069.94,0.1393,2023-01-01
acc_6271,Customer_6271,39192.13,0.4302,2023-01-01
acc_6272,Customer_6272,38973.75,0.0354,2023-01-01
acc_6273,Customer_6273,75883.47,0.8054,2023-01-01
acc_6274,Customer_6274,20498.44,0.5952,2023-01-01
acc_6275,Customer_6275,30302.18,0.9312,2023-01-01
acc_6276,Customer_6276,34001.4,0.8303,2023-01-01
acc_6277,Customer_6277,97958.3,0.147,2023-01-01
acc_6278,Customer_6278,97037.1,0.5638,2023-01-01
acc_6279,Customer_6279,42214.42,0.0668,2023-01-01
acc_6280,Customer_6280,18558.46,0.4451,2023-01-01
acc_6281,Customer_6281,71114.05,0.0357,2023-01-01
acc_6282,Customer_6282,97467.31,0.0115,2023-01-01
acc_6283,Customer_6283,6232.01,0.0102,2023-01-01
acc_6284,Customer_6284,37061.45,0.2518,2023-01-01
acc_6285,Customer_6285,90956.65,0.7873,2023-01-01
acc_6286,Customer_6286,82578.74,0.1012,2023-01-01
acc_6287,Customer_6287,93433.64,0.3232,2023-01-01
acc_6288,Customer_6288,66891.96,0.4401,2023-01-01
acc_6289,Customer_6289,32970.41,0.1442,2023-01-01
acc_6290,Customer_6290,99676.5,0.5904,2023-01-01
acc_6291,Customer_6291,30529.24,0.7748,2023-01-01
acc_6292,Customer_6292,76980.75,0.2697,2023-01-01
acc_6293,Customer_6293,26281.07,0.7316,2023-01-01
acc_6294,Customer_6294,32903.07,0.4608,2023-01-01
acc_6295,Customer_6295,9158.62,0.4522,2023-01-01
acc_6296,Customer_6296,55506.03,0.9109,2023-01-01
acc_6297,Customer_6297,20978.02,0.9359,2023-01-01
acc_6298,Customer_6298,34066.4,0.0456,2023-01-01
acc_6299,Customer_6299,90943.64,0.5862,2023-01-01
acc_6300,Customer_6300,3335.98,0.0679,2023-01-01
acc_6301,Customer_6301,88221.08,0.1993,2023-01-01
acc_6302,Customer_6302,79092.62,0.1266,2023-01-01
acc_6303,Customer_6303,8136.37,0.0602,2023-01-01
acc_6304,Customer_6304,57329.33,0.4731,2023-01-01
acc_6305,Customer_6305,53809.66,0.4168,2023-01-01
acc_6306,Customer_6306,46388.63,0.4428,2023-01-01
acc_6307,Customer_6307,39948.39,0.9943,2023-01-01
acc_6308,Customer_6308,68688.85,0.6275,2023-01-01
acc_6309,Customer_6309,87217.67,0.328,2023-01-01
acc_6310,Customer_6310,30359.85,0.4401,2023-01-01
acc_6311,Customer_6311,5526.86,0.855,2023-01-01
acc_6312,Customer_6312,95053.13,0.3649,2023-01-01
acc_6313,Customer_6313,47628.7,0.2283,2023-01-01
acc_6314,Customer_6314,61379.51,0.2129,2023-01-01
acc_6315,Customer_6315,93577.72,0.2983,2023-01-01
acc_6316,Customer_6316,4079.22,0.7849,2023-01-01
acc_6317,Customer_6317,33557.59,0.4913,2023-01-01
acc_6318,Customer_6318,52077.34,0.1633,2023-01-01
acc_6319,Customer_6319,92558.76,0.2291,2023-01-01
acc_6320,Customer_6320,53844.14,0.3977,2023-01-01
acc_6321,Customer_6321,97723.25,0.2622,2023-01-01
acc_6322,Customer_6322,35483.17,0.1878,2023-01-01
acc_6323,Customer_6323,71027.14,0.8442,2023-01-01
acc_6324,Customer_6324,8267.65,0.5744,2023-01-01
acc_6325,Customer_6325,82750.33,0.7462,2023-01-01
acc_6326,Customer_6326,61551.49,0.1301,2023-01-01
acc_6327,Customer_6327,13146.56,0.7838,2023-01-01
acc_6328,Customer_6328,39031.29,0.4293,2023-01-01
acc_6329,Customer_6329,96450.82,0.9223,2023-01-01
acc_6330,Customer_6330,6147.7,0.4847,2023-01-01
acc_6331,Customer_6331,13596.1,0.6817,2023-01-01
acc_6332,Customer_6332,42027.19,0.9951,2023-01-01
acc_6333,Customer_6333,60258.08,0.5707,2023-01-01
acc_6334,Customer_6334,88968.97,0.3247,2023-01-01
acc_6335,Customer_6335,25051.01,0.7638,2023-01-01
acc_6336,Customer_6336,81746.88,0.672,2023-01-01
acc_6337,Customer_6337,3872.39,0.8761,2023-01-01
acc_6338,Customer_6338,71468.28,0.3075,2023-01-01
acc_6339,Customer_6339,93412.52,0.0945,2023-01-01
acc_6340,Customer_6340,2302.57,0.7963,2023-01-01
acc_6341,Customer_6341,83628.36,0.2596,2023-01-01
acc_6342,Customer_6342,88845.36,0.5221,2023-01-01
acc_6343,Customer_6343,66902.1,0.252,2023-01-01
acc_6344,Customer_6344,7321.37,0.2256,2023-01-01
acc_6345,Customer_6345,26542.72,0.6479,2023-01-01
acc_6346,Customer_6346,98870.69,0.5259,2023-01-01
acc_6347,Customer_6347,39275.0,0.5253,2023-01-01
acc_6348,Customer_6348,10311.45,0.714,2023-01-01
acc_6349,Customer_6349,65830.68,0.6409,2023-01-01
acc_6350,Customer_6350,64435.86,0.1347,2023-01-01
acc_6351,Customer_6351,91619.14,0.4419,2023-01-01
acc_6352,Customer_6352,34030.44,0.3496,2023-01-01
acc_6353,Customer_6353,31993.05,0.8936,2023-01-01
acc_6354,Customer_6354,7792.93,0.561,2023-01-01
acc_6355,Customer_6355,25934.08,0.1014,2023-01-01
acc_6356,Customer_6356,53067.8,0.5584,2023-01-01
acc_6357,Customer_6357,35023.21,0.363,2023-01-01
acc_6358,Customer_6358,91916.73,0.5484,2023-01-01
acc_6359,Customer_6359,80235.79,0.6943,2023-01-01
acc_6360,Customer_6360,66618.0,0.9368,2023-01-01
acc_6361,Customer_6361,74495.03,0.4555,2023-01-01
acc_6362,Customer_6362,46802.35,0.7892,2023-01-01
acc_6363,Customer_6363,84617.59,0.7949,2023-01-01
acc_6364,Customer_6364,76523.53,0.3322,2023-01-01
acc_6365,Customer_6365,60798.65,0.0608,2023-01-01
acc_6366,Customer_6366,18536.18,0.1414,2023-01-01
acc_6367,Customer_6367,97250.38,0.0603,2023-01-01
acc_6368,Customer_6368,68961.31,0.8295,2023-01-01
acc_6369,Customer_6369,58914.94,0.2167,2023-01-01
acc_6370,Customer_6370,65026.7,0.7568,2023-01-01
acc_6371,Customer_6371,30651.25,0.2976,2023-01-01
acc_6372,Customer_6372,91732.93,0.4899,2023-01-01
acc_6373,Customer_6373,28294.51,0.1729,2023-01-01
acc_6374,Customer_6374,10167.75,0.2613,2023-01-01
acc_6375,Customer_6375,3470.56,0.2568,2023-01-01
acc_6376,Customer_6376,74093.3,0.1482,2023-01-01
acc_6377,Customer_6377,93745.12,0.029,2023-01-01
acc_6378,Customer_6378,73466.86,0.9825,2023-01-01
acc_6379,Customer_6379,3610.74,0.1072,2023-01-01
acc_6380,Customer_6380,44171.22,0.0429,2023-01-01
acc_6381,Customer_6381,75095.14,0.267,2023-01-01
acc_6382,Customer_6382,38790.06,0.1626,2023-01-01
acc_6383,Customer_6383,74315.11,0.802,2023-01-01
acc_6384,Customer_6384,27676.57,0.5625,2023-01-01
acc_6385,Customer_6385,7503.38,0.999,2023-01-01
acc_6386,Customer_6386,82410.82,0.8014,2023-01-01
acc_6387,Customer_6387,84278.14,0.2602,2023-01-01
acc_6388,Customer_6388,48583.7,0.6384,2023-01-01
acc_6389,Customer_6389,11638.55,0.4052,2023-01-01
acc_6390,Customer_6390,32509.39,0.7118,2023-01-01
acc_6391,Customer_6391,39006.03,0.8094,2023-01-01
acc_6392,Customer_6392,63409.8,0.0406,2023-01-01
acc_6393,Customer_6393,47099.58,0.5189,2023-01-01
acc_6394,Customer_6394,6257.17,0.0589,2023-01-01
acc_6395,Customer_6395,80292.98,0.2624,2023-01-01
acc_6396,Customer_6396,83509.93,0.2878,2023-01-01
acc_6397,Customer_6397,90369.93,0.7507,2023-01-01
acc_6398,Customer_6398,77751.4,0.9124,2023-01-01
acc_6399,Customer_6399,52544.8,0.7696,2023-01-01
acc_6400,Customer_6400,2317.27,0.649,2023-01-01
acc_6401,Customer_6401,62264.1,0.6331,2023-01-01
acc_6402,Customer_6402,3181.02,0.3962,2023-01-01
acc_6403,Customer_6403,54462.11,0.1576,2023-01-01
acc_6404,Customer_6404,21173.07,0.8942,2023-01-01
acc_6405,Customer_6405,8490.53,0.7088,2023-01-01
acc_6406,Customer_6406,23410.63,0.3653,2023-01-01
acc_6407,Customer_6407,29328.68,0.8409,2023-01-01
acc_6408,Customer_6408,89826.04,0.5025,2023-01-01
acc_6409,Customer_6409,3524.11,0.1792,2023-01-01
acc_6410,Customer_6410,85124.02,0.748,2023-01-01
acc_6411,Customer_6411,60256.45,0.5043,2023-01-01
acc_6412,Customer_6412,36050.92,0.4999,2023-01-01
acc_6413,Customer_6413,48936.23,0.5023,2023-01-01
acc_6414,Customer_6414,6596.91,0.6646,2023-01-01
acc_6415,Customer_6415,26377.16,0.1569,2023-01-01
acc_6416,Customer_6416,17234.37,0.2377,2023-01-01
acc_6417,Customer_6417,61960.2,0.9959,2023-01-01
acc_6418,Customer_6418,40467.21,0.1221,2023-01-01
acc_6419,Customer_6419,37385.93,0.6402,2023-01-01
acc_6420,Customer_6420,17438.35,0.5913,2023-01-01
acc_6421,Customer_6421,35575.58,0.373,2023-01-01
acc_6422,Customer_6422,71072.85,0.9706,2023-01-01
acc_6423,Customer_6423,79039.66,0.1894,2023-01-01
acc_6424,Customer_6424,94873.42,0.3081,2023-01-01
acc_6425,Customer_6425,81689.84,0.1778,2023-01-01
acc_6426,Customer_6426,78382.52,0.8872,2023-01-01
acc_6427,Customer_6427,1240.83,0.208,2023-01-01
acc_6428,Customer_6428,91696.92,0.0817,2023-01-01
acc_6429,Customer_6429,46046.74,0.9563,2023-01-01
acc_6430,Customer_6430,64463.32,0.1063,2023-01-01
acc_6431,Customer_6431,65278.02,0.5635,2023-01-01
acc_6432,Customer_6432,42827.25,0.7273,2023-01-01
acc_6433,Customer_6433,65556.49,0.1948,2023-01-01
acc_6434,Customer_6434,71959.59,0.5534,2023-01-01
acc_6435,Customer_6435,21042.29,0.6138,2023-01-01
acc_6436,Customer_6436,45428.5,0.3774,2023-01-01
acc_6437,Customer_6437,35577.55,0.663,2023-01-01
acc_6438,Customer_6438,77171.41,0.383,2023-01-01
acc_6439,Customer_6439,18928.31,0.9864,2023-01-01
acc_6440,Customer_6440,87324.45,0.3144,2023-01-01
acc_6441,Customer_6441,10101.73,0.6354,2023-01-01
acc_6442,Customer_6442,83783.44,0.1742,2023-01-01
acc_6443,Customer_6443,67885.4,0.3652,2023-01-01
acc_6444,Customer_6444,3822.1,0.6735,2023-01-01
acc_6445,Customer_6445,42748.23,0.7933,2023-01-01
acc_6446,Customer_6446,23787.83,0.1777,2023-01-01
acc_6447,Customer_6447,34729.59,0.7579,2023-01-01
acc_6448,Customer_6448,87942.18,0.5736,2023-01-01
acc_6449,Customer_6449,61297.36,0.1792,2023-01-01
acc_6450,Customer_6450,16239.47,0.0248,2023-01-01
acc_6451,Customer_6451,23090.48,0.7776,2023-01-01
acc_6452,Customer_6452,86457.6,0.1981,2023-01-01
acc_6453,Customer_6453,13522.67,0.395,2023-01-01
acc_6454,Customer_6454,80949.23,0.5794,2023-01-01
acc_6455,Customer_6455,78234.12,0.0704,2023-01-01
acc_6456,Customer_6456,25661.56,0.0243,2023-01-01
acc_6457,Customer_6457,46878.55,0.9788,2023-01-01
acc_6458,Customer_6458,44615.58,0.0949,2023-01-01
acc_6459,Customer_6459,7011.16,0.8623,2023-01-01
acc_6460,Customer_6460,7948.11,0.9931,2023-01-01
acc_6461,Customer_6461,10989.18,0.229,2023-01-01
acc_6462,Customer_6462,45431.32,0.0715,2023-01-01
acc_6463,Customer_6463,76146.41,0.7484,2023-01-01
acc_6464,Customer_6464,27913.47,0.1573,2023-01-01
acc_6465,Customer_6465,94491.18,0.691,2023-01-01
acc_6466,Customer_6466,38902.65,0.0053,2023-01-01
acc_6467,Customer_6467,21544.14,0.4871,2023-01-01
acc_6468,Customer_6468,52574.08,0.2805,2023-01-01
acc_6469,Customer_6469,93738.17,0.1969,2023-01-01
acc_6470,Customer_6470,15124.15,0.6315,2023-01-01
acc_6471,Customer_6471,31245.36,0.9133,2023-01-01
acc_6472,Customer_6472,85148.62,0.4652,2023-01-01
acc_6473,Customer_6473,48984.84,0.2999,2023-01-01
acc_6474,Customer_6474,52570.44,0.3595,2023-01-01
acc_6475,Customer_6475,98304.04,0.5324,2023-01-01
acc_6476,Customer_6476,12056.75,0.4584,2023-01-01
acc_6477,Customer_6477,41840.04,0.5043,2023-01-01
acc_6478,Customer_6478,29188.26,0.5226,2023-01-01
acc_6479,Customer_6479,65019.43,0.823,2023-01-01
acc_6480,Customer_6480,30643.62,0.6999,2023-01-01
acc_6481,Customer_6481,34000.1,0.7954,2023-01-01
acc_6482,Customer_6482,19119.28,0.573,2023-01-01
acc_6483,Customer_6483,22532.49,0.9196,2023-01-01
acc_6484,Customer_6484,42005.6,0.5622,2023-01-01
acc_6485,Customer_6485,4406.95,0.6846,2023-01-01
acc_6486,Customer_6486,52476.61,0.2213,2023-01-01
acc_6487,Customer_6487,42128.51,0.198,2023-01-01
acc_6488,Customer_6488,37959.86,0.5836,2023-01-01
acc_6489,Customer_6489,12658.04,0.5049,2023-01-01
acc_6490,Customer_6490,80942.43,0.2022,2023-01-01
acc_6491,Customer_6491,84504.08,0.4183,2023-01-01
acc_6492,Customer_6492,67089.62,0.4363,2023-01-01
acc_6493,Customer_6493,90036.9,0.764,2023-01-01
acc_6494,Customer_6494,78677.01,0.8048,2023-01-01
acc_6495,Customer_6495,31901.08,0.3261,2023-01-01
acc_6496,Customer_6496,82282.05,0.4764,2023-01-01
acc_6497,Customer_6497,39236.96,0.2838,2023-01-01
acc_6498,Customer_6498,24675.69,0.6619,2023-01-01
acc_6499,Customer_6499,70051.71,0.6037,2023-01-01
acc_6500,Customer_6500,15890.47,0.6016,2023-01-01
acc_6501,Customer_6501,61163.68,0.8921,2023-01-01
acc_6502,Customer_6502,18204.57,0.8707,2023-01-01
acc_6503,Customer_6503,32693.79,0.5387,2023-01-01
acc_6504,Customer_6504,38479.6,0.589,2023-01-01
acc_6505,Customer_6505,45956.8,0.0262,2023-01-01
acc_6506,Customer_6506,8986.44,0.8053,2023-01-01
acc_6507,Customer_6507,65306.12,0.2742,2023-01-01
acc_6508,Customer_6508,73365.4,0.8668,2023-01-01
acc_6509,Customer_6509,89044.87,0.9169,2023-01-01
acc_6510,Customer_6510,55493.9,0.5049,2023-01-01
acc_6511,Customer_6511,29711.24,0.723,2023-01-01
acc_6512,Customer_6512,43576.88,0.598,2023-01-01
acc_6513,Customer_6513,61951.54,0.4578,2023-01-01
acc_6514,Customer_6514,92341.28,0.0364,2023-01-01
acc_6515,Customer_6515,12331.16,0.6884,2023-01-01
acc_6516,Customer_6516,36283.03,0.2761,2023-01-01
acc_6517,Customer_6517,63503.56,0.3229,2023-01-01
acc_6518,Customer_6518,46573.82,0.1527,2023-01-01
acc_6519,Customer_6519,97091.39,0.1999,2023-01-01
acc_6520,Customer_6520,54220.74,0.4618,2023-01-01
acc_6521,Customer_6521,78355.1,0.2494,2023-01-01
acc_6522,Customer_6522,53808.0,0.4311,2023-01-01
acc_6523,Customer_6523,22591.45,0.4569,2023-01-01
acc_6524,Customer_6524,23867.91,0.3366,2023-01-01
acc_6525,Customer_6525,27716.62,0.5268,2023-01-01
acc_6526,Customer_6526,67091.57,0.7438,2023-01-01
acc_6527,Customer_6527,76035.38,0.1824,2023-01-01
acc_6528,Customer_6528,99688.06,0.9253,2023-01-01
acc_6529,Customer_6529,5892.42,0.3561,2023-01-01
acc_6530,Customer_6530,75320.83,0.4064,2023-01-01
acc_6531,Customer_6531,68603.57,0.2801,2023-01-01
acc_6532,Customer_6532,89309.03,0.8183,2023-01-01
acc_6533,Customer_6533,47095.32,0.4379,2023-01-01
acc_6534,Customer_6534,86377.06,0.1927,2023-01-01
acc_6535,Customer_6535,55947.84,0.5664,2023-01-01
acc_6536,Customer_6536,64196.73,0.1605,2023-01-01
acc_6537,Customer_6537,21129.3,0.2788,2023-01-01
acc_6538,Customer_6538,43781.63,0.5805,2023-01-01
acc_6539,Customer_6539,47317.36,0.7597,2023-01-01
acc_6540,Customer_6540,97513.9,0.6722,2023-01-01
acc_6541,Customer_6541,55401.81,0.4065,2023-01-01
acc_6542,Customer_6542,61600.37,0.3944,2023-01-01
acc_6543,Customer_6543,71805.66,0.2636,2023-01-01
acc_6544,Customer_6544,33368.53,0.6582,2023-01-01
acc_6545,Customer_6545,58026.47,0.6407,2023-01-01
acc_6546,Customer_6546,88182.01,0.8619,2023-01-01
acc_6547,Customer_6547,82524.17,0.3441,2023-01-01
acc_6548,Customer_6548,55527.54,0.4143,2023-01-01
acc_6549,Customer_6549,62146.48,0.4004,2023-01-01
acc_6550,Customer_6550,77096.66,0.7052,2023-01-01
acc_6551,Customer_6551,70963.24,0.9273,2023-01-01
acc_6552,Customer_6552,72919.18,0.5253,2023-01-01
acc_6553,Customer_6553,31183.07,0.0654,2023-01-01
acc_6554,Customer_6554,49581.69,0.7191,2023-01-01
acc_6555,Customer_6555,99484.35,0.0177,2023-01-01
acc_6556,Customer_6556,53311.24,0.9411,2023-01-01
acc_6557,Customer_6557,10682.84,0.4012,2023-01-01
acc_6558,Customer_6558,60289.19,0.7008,2023-01-01
acc_6559,Customer_6559,37055.72,0.402,2023-01-01
acc_6560,Customer_6560,50886.31,0.0428,2023-01-01
acc_6561,Customer_6561,36287.41,0.1858,2023-01-01
acc_6562,Customer_6562,66933.97,0.6631,2023-01-01
acc_6563,Customer_6563,27054.57,0.005,2023-01-01
acc_6564,Customer_6564,79891.52,0.0323,2023-01-01
acc_6565,Customer_6565,97638.71,0.0036,2023-01-01
acc_6566,Customer_6566,87281.46,0.528,2023-01-01
acc_6567,Customer_6567,19854.99,0.2452,2023-01-01
acc_6568,Customer_6568,94770.22,0.1117,2023-01-01
acc_6569,Customer_6569,36815.96,0.5288,2023-01-01
acc_6570,Customer_6570,34798.53,0.2857,2023-01-01
acc_6571,Customer_6571,38170.4,0.4645,2023-01-01
acc_6572,Customer_6572,31860.89,0.1276,2023-01-01
acc_6573,Customer_6573,71386.81,0.878,2023-01-01
acc_6574,Customer_6574,91732.76,0.663,2023-01-01
acc_6575,Customer_6575,62685.95,0.7186,2023-01-01
acc_6576,Customer_6576,427.45,0.3031,2023-01-01
acc_6577,Customer_6577,63558.18,0.7887,2023-01-01
acc_6578,Customer_6578,18628.42,0.1224,2023-01-01
acc_6579,Customer_6579,60458.87,0.5242,2023-01-01
acc_6580,Customer_6580,53828.99,0.4807,2023-01-01
acc_6581,Customer_6581,83551.6,0.1117,2023-01-01
acc_6582,Customer_6582,23767.99,0.5903,2023-01-01
acc_6583,Customer_6583,82625.35,0.573,2023-01-01
acc_6584,Customer_6584,38596.84,0.3479,2023-01-01
acc_6585,Customer_6585,35284.48,0.2123,2023-01-01
acc_6586,Customer_6586,93671.94,0.7758,2023-01-01
acc_6587,Customer_6587,88658.56,0.3522,2023-01-01
acc_6588,Customer_6588,40471.15,0.2115,2023-01-01
acc_6589,Customer_6589,2253.91,0.4684,2023-01-01
acc_6590,Customer_6590,63605.72,0.9511,2023-01-01
acc_6591,Customer_6591,97468.22,0.246,2023-01-01
acc_6592,Customer_6592,77058.11,0.1722,2023-01-01
acc_6593,Customer_6593,16052.51,0.5685,2023-01-01
acc_6594,Customer_6594,87682.26,0.3373,2023-01-01
acc_6595,Customer_6595,59685.85,0.6952,2023-01-01
acc_6596,Customer_6596,31196.71,0.046,2023-01-01
acc_6597,Customer_6597,58000.34,0.6306,2023-01-01
acc_6598,Customer_6598,57442.44,0.7197,2023-01-01
acc_6599,Customer_6599,51201.81,0.1486,2023-01-01
acc_6600,Customer_6600,55637.21,0.2014,2023-01-01
acc_6601,Customer_6601,68897.7,0.611,2023-01-01
acc_6602,Customer_6602,41103.4,0.879,2023-01-01
acc_6603,Customer_6603,31449.16,0.9941,2023-01-01
acc_6604,Customer_6604,58890.13,0.9052,2023-01-01
acc_6605,Customer_6605,54790.48,0.5988,2023-01-01
acc_6606,Customer_6606,76817.2,0.3167,2023-01-01
acc_6607,Customer_6607,93215.78,0.9857,2023-01-01
acc_6608,Customer_6608,17502.93,0.0945,2023-01-01
acc_6609,Customer_6609,96589.1,0.2369,2023-01-01
acc_6610,Customer_6610,1438.0,0.6094,2023-01-01
acc_6611,Customer_6611,72264.12,0.7515,2023-01-01
acc_6612,Customer_6612,78284.01,0.0741,2023-01-01
acc_6613,Customer_6613,48563.16,0.3065,2023-01-01
acc_6614,Customer_6614,86325.23,0.6496,2023-01-01
acc_6615,Customer_6615,46639.52,0.4113,2023-01-01
acc_6616,Customer_6616,35646.96,0.3419,2023-01-01
acc_6617,Customer_6617,62605.55,0.5255,2023-01-01
acc_6618,Customer_6618,50667.92,0.4456,2023-01-01
acc_6619,Customer_6619,4574.24,0.011,2023-01-01
acc_6620,Customer_6620,96213.41,0.7848,2023-01-01
acc_6621,Customer_6621,84234.44,0.0684,2023-01-01
acc_6622,Customer_6622,26693.13,0.2815,2023-01-01
acc_6623,Customer_6623,28108.04,0.4914,2023-01-01
acc_6624,Customer_6624,85199.28,0.4431,2023-01-01
acc_6625,Customer_6625,80793.66,0.5687,2023-01-01
acc_6626,Customer_6626,35417.32,0.1578,2023-01-01
acc_6627,Customer_6627,7700.76,0.5059,2023-01-01
acc_6628,Customer_6628,76112.53,0.8651,2023-01-01
acc_6629,Customer_6629,48082.64,0.6433,2023-01-01
acc_6630,Customer_6630,23726.56,0.0694,2023-01-01
acc_6631,Customer_6631,35660.32,0.9153,2023-01-01
acc_6632,Customer_6632,87621.42,0.5631,2023-01-01
acc_6633,Customer_6633,65145.87,0.8735,2023-01-01
acc_6634,Customer_6634,68721.32,0.0767,2023-01-01
acc_6635,Customer_6635,95334.51,0.6066,2023-01-01
acc_6636,Customer_6636,38008.47,0.0145,2023-01-01
acc_6637,Customer_6637,32541.98,0.6977,2023-01-01
acc_6638,Customer_6638,6154.27,0.733,2023-01-01
acc_6639,Customer_6639,9455.75,0.3962,2023-01-01
acc_6640,Customer_6640,51918.53,0.0433,2023-01-01
acc_6641,Customer_6641,7991.69,0.8554,2023-01-01
acc_6642,Customer_6642,96216.39,0.1597,2023-01-01
acc_6643,Customer_6643,81860.74,0.6076,2023-01-01
acc_6644,Customer_6644,93009.86,0.9718,2023-01-01
acc_6645,Customer_6645,52721.68,0.8957,2023-01-01
acc_6646,Customer_6646,16694.24,0.648,2023-01-01
acc_6647,Customer_6647,93041.71,0.2124,2023-01-01
acc_6648,Customer_6648,98759.78,0.6699,2023-01-01
acc_6649,Customer_6649,16974.63,0.3502,2023-01-01
acc_6650,Customer_6650,4332.07,0.7471,2023-01-01
acc_6651,Customer_6651,40219.98,0.8688,2023-01-01
acc_6652,Customer_6652,68971.63,0.0989,2023-01-01
acc_6653,Customer_6653,37601.58,0.5791,2023-01-01
acc_6654,Customer_6654,82441.63,0.108,2023-01-01
acc_6655,Customer_6655,52787.19,0.5309,2023-01-01
acc_6656,Customer_6656,69029.41,0.0803,2023-01-01
acc_6657,Customer_6657,23102.03,0.7351,2023-01-01
acc_6658,Customer_6658,72169.03,0.5132,2023-01-01
acc_6659,Customer_6659,4711.95,0.0185,2023-01-01
acc_6660,Customer_6660,37955.13,0.2154,2023-01-01
acc_6661,Customer_6661,68307.26,0.9011,2023-01-01
acc_6662,Customer_6662,62638.92,0.6269,2023-01-01
acc_6663,Customer_6663,32378.55,0.3042,2023-01-01
acc_6664,Customer_6664,86828.31,0.016,2023-01-01
acc_6665,Customer_6665,23051.44,0.5149,2023-01-01
acc_6666,Customer_6666,98704.08,0.0616,2023-01-01
acc_6667,Customer_6667,10835.23,0.2783,2023-01-01
acc_6668,Customer_6668,46734.96,0.0224,2023-01-01
acc_6669,Customer_6669,25616.26,0.5911,2023-01-01
acc_6670,Customer_6670,50259.83,0.3405,2023-01-01
acc_6671,Customer_6671,61782.59,0.1326,2023-01-01
acc_6672,Customer_6672,15154.22,0.2796,2023-01-01
acc_6673,Customer_6673,95070.38,0.4206,2023-01-01
acc_6674,Customer_6674,31678.46,0.7427,2023-01-01
acc_6675,Customer_6675,84263.42,0.1527,2023-01-01
acc_6676,Customer_6676,90982.71,0.8147,2023-01-01
acc_6677,Customer_6677,37151.08,0.1972,2023-01-01
acc_6678,Customer_6678,49397.79,0.8373,2023-01-01
acc_6679,Customer_6679,20936.72,0.1692,2023-01-01
acc_6680,Customer_6680,79699.84,0.6022,2023-01-01
acc_6681,Customer_6681,72869.43,0.4941,2023-01-01
acc_6682,Customer_6682,31071.67,0.9631,2023-01-01
acc_6683,Customer_6683,23994.76,0.6668,2023-01-01
acc_6684,Customer_6684,32054.03,0.0133,2023-01-01
acc_6685,Customer_6685,52290.11,0.714,2023-01-01
acc_6686,Customer_6686,82295.59,0.5138,2023-01-01
acc_6687,Customer_6687,1134.83,0.327,2023-01-01
acc_6688,Customer_6688,57895.46,0.5879,2023-01-01
acc_6689,Customer_6689,92556.66,0.9585,2023-01-01
acc_6690,Customer_6690,71348.84,0.1661,2023-01-01
acc_6691,Customer_6691,74217.11,0.1246,2023-01-01
acc_6692,Customer_6692,33471.04,0.0736,2023-01-01
acc_6693,Customer_6693,81232.87,0.5153,2023-01-01
acc_6694,Customer_6694,71773.26,0.0365,2023-01-01
acc_6695,Customer_6695,17695.42,0.2044,2023-01-01
acc_6696,Customer_6696,49232.37,0.1587,2023-01-01
acc_6697,Customer_6697,10099.68,0.562,2023-01-01
acc_6698,Customer_6698,10946.09,0.9607,2023-01-01
acc_6699,Customer_6699,77733.85,0.9926,2023-01-01
acc_6700,Customer_6700,76592.22,0.2983,2023-01-01
acc_6701,Customer_6701,81213.51,0.201,2023-01-01
acc_6702,Customer_6702,12400.68,0.3172,2023-01-01
acc_6703,Customer_6703,70155.91,0.119,2023-01-01
acc_6704,Customer_6704,89063.96,0.0676,2023-01-01
acc_6705,Customer_6705,77528.21,0.6899,2023-01-01
acc_6706,Customer_6706,51423.49,0.763,2023-01-01
acc_6707,Customer_6707,54828.37,0.694,2023-01-01
acc_6708,Customer_6708,15058.83,0.2946,2023-01-01
acc_6709,Customer_6709,54250.33,0.6326,2023-01-01
acc_6710,Customer_6710,58889.45,0.731,2023-01-01
acc_6711,Customer_6711,69440.46,0.3197,2023-01-01
acc_6712,Customer_6712,94428.11,0.95,2023-01-01
acc_6713,Customer_6713,29719.32,0.4592,2023-01-01
acc_6714,Customer_6714,38763.99,0.0832,2023-01-01
acc_6715,Customer_6715,54962.75,0.8138,2023-01-01
acc_6716,Customer_6716,23567.02,0.5307,2023-01-01
acc_6717,Customer_6717,60133.69,0.1123,2023-01-01
acc_6718,Customer_6718,41875.34,0.1037,2023-01-01
acc_6719,Customer_6719,35244.76,0.6093,2023-01-01
acc_6720,Customer_6720,65665.85,0.993,2023-01-01
acc_6721,Customer_6721,69740.96,0.9004,2023-01-01
acc_6722,Customer_6722,71755.4,0.8525,2023-01-01
acc_6723,Customer_6723,45359.52,0.211,2023-01-01
acc_6724,Customer_6724,49461.56,0.808,2023-01-01
acc_6725,Customer_6725,46495.72,0.0352,2023-01-01
acc_6726,Customer_6726,98037.92,0.0186,2023-01-01
acc_6727,Customer_6727,28095.55,0.5112,2023-01-01
acc_6728,Customer_6728,61763.77,0.4232,2023-01-01
acc_6729,Customer_6729,96495.85,0.9409,2023-01-01
acc_6730,Customer_6730,29655.98,0.2224,2023-01-01
acc_6731,Customer_6731,36697.42,0.3524,2023-01-01
acc_6732,Customer_6732,46534.85,0.2479,2023-01-01
acc_6733,Customer_6733,17276.5,0.2926,2023-01-01
acc_6734,Customer_6734,45768.15,0.1516,2023-01-01
acc_6735,Customer_6735,68817.02,0.7606,2023-01-01
acc_6736,Customer_6736,27761.33,0.1524,2023-01-01
acc_6737,Customer_6737,57473.91,0.2774,2023-01-01
acc_6738,Customer_6738,34092.45,0.451,2023-01-01
acc_6739,Customer_6739,45134.61,0.8345,2023-01-01
acc_6740,Customer_6740,10457.14,0.3356,2023-01-01
acc_6741,Customer_6741,928.96,0.9856,2023-01-01
acc_6742,Customer_6742,96391.09,0.4742,2023-01-01
acc_6743,Customer_6743,5413.37,0.4006,2023-01-01
acc_6744,Customer_6744,1547.28,0.0537,2023-01-01
acc_6745,Customer_6745,9375.5,0.2862,2023-01-01
acc_6746,Customer_6746,5111.54,0.3182,2023-01-01
acc_6747,Customer_6747,85645.99,0.9393,2023-01-01
acc_6748,Customer_6748,5537.96,0.715,2023-01-01
acc_6749,Customer_6749,24029.34,0.3892,2023-01-01
acc_6750,Customer_6750,92467.16,0.3605,2023-01-01
acc_6751,Customer_6751,55168.13,0.6907,2023-01-01
acc_6752,Customer_6752,77881.32,0.5319,2023-01-01
acc_6753,Customer_6753,5421.36,0.2686,2023-01-01
acc_6754,Customer_6754,66836.12,0.354,2023-01-01
acc_6755,Customer_6755,52686.44,0.7062,2023-01-01
acc_6756,Customer_6756,45728.93,0.2351,2023-01-01
acc_6757,Customer_6757,73725.53,0.4206,2023-01-01
acc_6758,Customer_6758,73989.03,0.3998,2023-01-01
acc_6759,Customer_6759,27875.74,0.8452,2023-01-01
acc_6760,Customer_6760,81013.26,0.457,2023-01-01
acc_6761,Customer_6761,37237.14,0.4505,2023-01-01
acc_6762,Customer_6762,59609.19,0.2363,2023-01-01
acc_6763,Customer_6763,62490.04,0.4368,2023-01-01
acc_6764,Customer_6764,45709.94,0.4014,2023-01-01
acc_6765,Customer_6765,24292.91,0.0082,2023-01-01
acc_6766,Customer_6766,31467.5,0.9584,2023-01-01
acc_6767,Customer_6767,64752.3,0.1535,2023-01-01
acc_6768,Customer_6768,65458.8,0.4195,2023-01-01
acc_6769,Customer_6769,18954.1,0.4433,2023-01-01
acc_6770,Customer_6770,86326.19,0.9624,2023-01-01
acc_6771,Customer_6771,47879.2,0.7016,2023-01-01
acc_6772,Customer_6772,75599.35,0.6536,2023-01-01
acc_6773,Customer_6773,20883.31,0.0357,2023-01-01
acc_6774,Customer_6774,83583.62,0.301,2023-01-01
acc_6775,Customer_6775,12918.45,0.6624,2023-01-01
acc_6776,Customer_6776,52902.32,0.553,2023-01-01
acc_6777,Customer_6777,51121.52,0.2167,2023-01-01
acc_6778,Customer_6778,59362.83,0.0243,2023-01-01
acc_6779,Customer_6779,47959.89,0.0014,2023-01-01
acc_6780,Customer_6780,55878.22,0.2348,2023-01-01
acc_6781,Customer_6781,81678.48,0.9012,2023-01-01
acc_6782,Customer_6782,3736.7,0.6601,2023-01-01
acc_6783,Customer_6783,91636.6,0.6824,2023-01-01
acc_6784,Customer_6784,6581.21,0.642,2023-01-01
acc_6785,Customer_6785,6612.36,0.1526,2023-01-01
acc_6786,Customer_6786,65157.34,0.6816,2023-01-01
acc_6787,Customer_6787,3341.88,0.5803,2023-01-01
acc_6788,Customer_6788,87794.13,0.6303,2023-01-01
acc_6789,Customer_6789,64376.57,0.2187,2023-01-01
acc_6790,Customer_6790,64322.57,0.1493,2023-01-01
acc_6791,Customer_6791,83496.23,0.2391,2023-01-01
acc_6792,Customer_6792,81826.97,0.0242,2023-01-01
acc_6793,Customer_6793,59546.2,0.333,2023-01-01
acc_6794,Customer_6794,30257.66,0.6095,2023-01-01
acc_6795,Customer_6795,24494.42,0.9787,2023-01-01
acc_6796,Customer_6796,17686.67,0.5468,2023-01-01
acc_6797,Customer_6797,67868.19,0.3089,2023-01-01
acc_6798,Customer_6798,91825.25,0.78,2023-01-01
acc_6799,Customer_6799,21799.32,0.4402,2023-01-01
acc_6800,Customer_6800,56028.38,0.0248,2023-01-01
acc_6801,Customer_6801,77247.97,0.7394,2023-01-01
acc_6802,Customer_6802,30566.4,0.7903,2023-01-01
acc_6803,Customer_6803,41761.26,0.4351,2023-01-01
acc_6804,Customer_6804,86535.88,0.3061,2023-01-01
acc_6805,Customer_6805,78091.57,0.729,2023-01-01
acc_6806,Customer_6806,20234.84,0.2931,2023-01-01
acc_6807,Customer_6807,15901.83,0.6126,2023-01-01
acc_6808,Customer_6808,25219.79,0.9225,2023-01-01
acc_6809,Customer_6809,20389.4,0.2455,2023-01-01
acc_6810,Customer_6810,75714.45,0.6081,2023-01-01
acc_6811,Customer_6811,43053.97,0.0016,2023-01-01
acc_6812,Customer_6812,79575.89,0.3337,2023-01-01
acc_6813,Customer_6813,53371.17,0.3192,2023-01-01
acc_6814,Customer_6814,19132.25,0.8942,2023-01-01
acc_6815,Customer_6815,49769.3,0.7164,2023-01-01
acc_6816,Customer_6816,82573.14,0.4027,2023-01-01
acc_6817,Customer_6817,64351.66,0.0911,2023-01-01
acc_6818,Customer_6818,5056.69,0.605,2023-01-01
acc_6819,Customer_6819,98068.22,0.9417,2023-01-01
acc_6820,Customer_6820,96124.72,0.5829,2023-01-01
acc_6821,Customer_6821,45016.93,0.7166,2023-01-01
acc_6822,Customer_6822,61584.62,0.863,2023-01-01
acc_6823,Customer_6823,91012.28,0.6681,2023-01-01
acc_6824,Customer_6824,30854.9,0.4963,2023-01-01
acc_6825,Customer_6825,73939.99,0.727,2023-01-01
acc_6826,Customer_6826,8274.56,0.0451,2023-01-01
acc_6827,Customer_6827,21164.5,0.1967,2023-01-01
acc_6828,Customer_6828,42096.15,0.0485,2023-01-01
acc_6829,Customer_6829,69114.14,0.3044,2023-01-01
acc_6830,Customer_6830,13237.87,0.7016,2023-01-01
acc_6831,Customer_6831,79303.64,0.6297,2023-01-01
acc_6832,Customer_6832,94541.55,0.7705,2023-01-01
acc_6833,Customer_6833,32919.3,0.7291,2023-01-01
acc_6834,Customer_6834,34591.28,0.9754,2023-01-01
acc_6835,Customer_6835,7692.98,0.5467,2023-01-01
acc_6836,Customer_6836,65227.43,0.6838,2023-01-01
acc_6837,Customer_6837,24613.12,0.4352,2023-01-01
acc_6838,Customer_6838,3714.47,0.0099,2023-01-01
acc_6839,Customer_6839,99822.47,0.0863,2023-01-01
acc_6840,Customer_6840,42251.88,0.7055,2023-01-01
acc_6841,Customer_6841,50382.56,0.4073,2023-01-01
acc_6842,Customer_6842,84830.65,0.8484,2023-01-01
acc_6843,Customer_6843,18265.79,0.8782,2023-01-01
acc_6844,Customer_6844,4288.96,0.103,2023-01-01
acc_6845,Customer_6845,10250.14,0.3397,2023-01-01
acc_6846,Customer_6846,32972.49,0.0037,2023-01-01
acc_6847,Customer_6847,21264.95,0.5416,2023-01-01
acc_6848,Customer_6848,36466.57,0.8765,2023-01-01
acc_6849,Customer_6849,26044.37,0.1106,2023-01-01
acc_6850,Customer_6850,1225.51,0.4544,2023-01-01
acc_6851,Customer_6851,76553.99,0.2642,2023-01-01
acc_6852,Customer_6852,7826.13,0.2851,2023-01-01
acc_6853,Customer_6853,12552.64,0.9114,2023-01-01
acc_6854,Customer_6854,1317.06,0.0774,2023-01-01
acc_6855,Customer_6855,84693.22,0.1689,2023-01-01
acc_6856,Customer_6856,69188.55,0.332,2023-01-01
acc_6857,Customer_6857,47815.08,0.9827,2023-01-01
acc_6858,Customer_6858,66421.3,0.2506,2023-01-01
acc_6859,Customer_6859,57112.13,0.6525,2023-01-01
acc_6860,Customer_6860,87057.86,0.036,2023-01-01
acc_6861,Customer_6861,13380.92,0.9639,2023-01-01
acc_6862,Customer_6862,35174.29,0.7763,2023-01-01
acc_6863,Customer_6863,31222.76,0.6419,2023-01-01
acc_6864,Customer_6864,10845.19,0.7206,2023-01-01
acc_6865,Customer_6865,81349.46,0.1628,2023-01-01
acc_6866,Customer_6866,15038.54,0.493,2023-01-01
acc_6867,Customer_6867,59292.39,0.7393,2023-01-01
acc_6868,Customer_6868,26470.1,0.2851,2023-01-01
acc_6869,Customer_6869,59778.36,0.835,2023-01-01
acc_6870,Customer_6870,42176.21,0.177,2023-01-01
acc_6871,Customer_6871,75674.13,0.5942,2023-01-01
acc_6872,Customer_6872,81175.71,0.9291,2023-01-01
acc_6873,Customer_6873,9054.69,0.7946,2023-01-01
acc_6874,Customer_6874,62421.93,0.8144,2023-01-01
acc_6875,Customer_6875,3009.4,0.82,2023-01-01
acc_6876,Customer_6876,94529.85,0.2358,2023-01-01
acc_6877,Customer_6877,32267.47,0.7244,2023-01-01
acc_6878,Customer_6878,1657.75,0.3358,2023-01-01
acc_6879,Customer_6879,1913.51,0.5509,2023-01-01
acc_6880,Customer_6880,41129.35,0.5566,2023-01-01
acc_6881,Customer_6881,1674.14,0.5238,2023-01-01
acc_6882,Customer_6882,83008.84,0.9005,2023-01-01
acc_6883,Customer_6883,21575.97,0.0618,2023-01-01
acc_6884,Customer_6884,80934.02,0.4741,2023-01-01
acc_6885,Customer_6885,28574.0,0.0512,2023-01-01
acc_6886,Customer_6886,93663.49,0.1125,2023-01-01
acc_6887,Customer_6887,57242.86,0.802,2023-01-01
acc_6888,Customer_6888,95742.9,0.0394,2023-01-01
acc_6889,Customer_6889,12421.36,0.5267,2023-01-01
acc_6890,Customer_6890,96833.83,0.4603,2023-01-01
acc_6891,Customer_6891,31190.74,0.0397,2023-01-01
acc_6892,Customer_6892,38099.91,0.3506,2023-01-01
acc_6893,Customer_6893,38129.53,0.3789,2023-01-01
acc_6894,Customer_6894,24720.68,0.4695,2023-01-01
acc_6895,Customer_6895,59612.87,0.2858,2023-01-01
acc_6896,Customer_6896,74123.39,0.6849,2023-01-01
acc_6897,Customer_6897,41229.23,0.1713,2023-01-01
acc_6898,Customer_6898,12219.23,0.634,2023-01-01
acc_6899,Customer_6899,5382.03,0.9654,2023-01-01
acc_6900,Customer_6900,68543.72,0.6236,2023-01-01
acc_6901,Customer_6901,30455.46,0.5874,2023-01-01
acc_6902,Customer_6902,23756.76,0.5851,2023-01-01
acc_6903,Customer_6903,39416.61,0.9022,2023-01-01
acc_6904,Customer_6904,96408.45,0.7662,2023-01-01
acc_6905,Customer_6905,81975.74,0.7873,2023-01-01
acc_6906,Customer_6906,97949.99,0.1091,2023-01-01
acc_6907,Customer_6907,79020.15,0.9068,2023-01-01
acc_6908,Customer_6908,50863.7,0.8722,2023-01-01
acc_6909,Customer_6909,80083.53,0.0281,2023-01-01
acc_6910,Customer_6910,80391.58,0.4815,2023-01-01
acc_6911,Customer_6911,60928.12,0.3328,2023-01-01
acc_6912,Customer_6912,59579.09,0.5908,2023-01-01
acc_6913,Customer_6913,14863.12,0.5004,2023-01-01
acc_6914,Customer_6914,18280.19,0.6637,2023-01-01
acc_6915,Customer_6915,5220.98,0.3572,2023-01-01
acc_6916,Customer_6916,59274.79,0.9585,2023-01-01
acc_6917,Customer_6917,9940.62,0.1545,2023-01-01
acc_6918,Customer_6918,39621.33,0.3127,2023-01-01
acc_6919,Customer_6919,71119.52,0.8259,2023-01-01
acc_6920,Customer_6920,13005.66,0.6716,2023-01-01
acc_6921,Customer_6921,79666.79,0.9137,2023-01-01
acc_6922,Customer_6922,34369.64,0.2693,2023-01-01
acc_6923,Customer_6923,74677.04,0.3985,2023-01-01
acc_6924,Customer_6924,56574.02,0.6967,2023-01-01
acc_6925,Customer_6925,30483.34,0.7496,2023-01-01
acc_6926,Customer_6926,93360.35,0.7343,2023-01-01
acc_6927,Customer_6927,32558.5,0.4731,2023-01-01
acc_6928,Customer_6928,93746.77,0.57,2023-01-01
acc_6929,Customer_6929,11110.63,0.5023,2023-01-01
acc_6930,Customer_6930,36185.56,0.9066,2023-01-01
acc_6931,Customer_6931,55184.07,0.1866,2023-01-01
acc_6932,Customer_6932,3772.43,0.9282,2023-01-01
acc_6933,Customer_6933,15604.33,0.6557,2023-01-01
acc_6934,Customer_6934,40993.58,0.3648,2023-01-01
acc_6935,Customer_6935,71934.76,0.4303,2023-01-01
acc_6936,Customer_6936,18668.88,0.2874,2023-01-01
acc_6937,Customer_6937,39067.29,0.5825,2023-01-01
acc_6938,Customer_6938,81824.13,0.4529,2023-01-01
acc_6939,Customer_6939,94453.81,0.3364,2023-01-01
acc_6940,Customer_6940,38234.15,0.7997,2023-01-01
acc_6941,Customer_6941,36967.48,0.9992,2023-01-01
acc_6942,Customer_6942,56618.47,0.6482,2023-01-01
acc_6943,Customer_6943,53517.19,0.3383,2023-01-01
acc_6944,Customer_6944,68913.7,0.3487,2023-01-01
acc_6945,Customer_6945,8869.98,0.139,2023-01-01
acc_6946,Customer_6946,35275.69,0.6442,2023-01-01
acc_6947,Customer_6947,27790.32,0.341,2023-01-01
acc_6948,Customer_6948,13517.24,0.6977,2023-01-01
acc_6949,Customer_6949,4164.85,0.9968,2023-01-01
acc_6950,Customer_6950,27963.56,0.8617,2023-01-01
acc_6951,Customer_6951,69380.98,0.6143,2023-01-01
acc_6952,Customer_6952,52071.67,0.5446,2023-01-01
acc_6953,Customer_6953,82097.24,0.16,2023-01-01
acc_6954,Customer_6954,24958.09,0.0937,2023-01-01
acc_6955,Customer_6955,67712.76,0.1916,2023-01-01
acc_6956,Customer_6956,74465.3,0.8191,2023-01-01
acc_6957,Customer_6957,37681.53,0.7398,2023-01-01
acc_6958,Customer_6958,3053.1,0.8381,2023-01-01
acc_6959,Customer_6959,90870.58,0.039,2023-01-01
acc_6960,Customer_6960,45367.53,0.5303,2023-01-01
acc_6961,Customer_6961,39643.08,0.0811,2023-01-01
acc_6962,Customer_6962,65168.8,0.723,2023-01-01
acc_6963,Customer_6963,93616.49,0.1517,2023-01-01
acc_6964,Customer_6964,91762.76,0.8186,2023-01-01
acc_6965,Customer_6965,6455.91,0.5906,2023-01-01
acc_6966,Customer_6966,98321.93,0.6599,2023-01-01
acc_6967,Customer_6967,1073.66,0.7885,2023-01-01
acc_6968,Customer_6968,22767.5,0.6422,2023-01-01
acc_6969,Customer_6969,26874.24,0.9521,2023-01-01
acc_6970,Customer_6970,41510.7,0.1689,2023-01-01
acc_6971,Customer_6971,28002.66,0.8275,2023-01-01
acc_6972,Customer_6972,25408.49,0.9645,2023-01-01
acc_6973,Customer_6973,59023.32,0.7167,2023-01-01
acc_6974,Customer_6974,9880.06,0.9049,2023-01-01
acc_6975,Customer_6975,88192.2,0.968,2023-01-01
acc_6976,Customer_6976,95996.25,0.7661,2023-01-01
acc_6977,Customer_6977,34460.17,0.5045,2023-01-01
acc_6978,Customer_6978,97204.81,0.0378,2023-01-01
acc_6979,Customer_6979,77221.91,0.5997,2023-01-01
acc_6980,Customer_6980,66225.8,0.8347,2023-01-01
acc_6981,Customer_6981,23126.8,0.9146,2023-01-01
acc_6982,Customer_6982,49896.07,0.0135,2023-01-01
acc_6983,Customer_6983,80700.39,0.2311,2023-01-01
acc_6984,Customer_6984,83548.42,0.2141,2023-01-01
acc_6985,Customer_6985,13500.02,0.5613,2023-01-01
acc_6986,Customer_6986,2538.1,0.1928,2023-01-01
acc_6987,Customer_6987,78062.02,0.5794,2023-01-01
acc_6988,Customer_6988,93933.77,0.8758,2023-01-01
acc_6989,Customer_6989,31652.61,0.9886,2023-01-01
acc_6990,Customer_6990,29607.03,0.8628,2023-01-01
acc_6991,Customer_6991,71065.16,0.0072,2023-01-01
acc_6992,Customer_6992,70135.58,0.4318,2023-01-01
acc_6993,Customer_6993,6464.84,0.9248,2023-01-01
acc_6994,Customer_6994,57651.26,0.8812,2023-01-01
acc_6995,Customer_6995,88005.14,0.8727,2023-01-01
acc_6996,Customer_6996,84306.88,0.0443,2023-01-01
acc_6997,Customer_6997,24509.54,0.2744,2023-01-01
acc_6998,Customer_6998,48720.89,0.2415,2023-01-01
acc_6999,Customer_6999,79586.69,0.1846,2023-01-01
acc_7000,Customer_7000,43275.7,0.6608,2023-01-01
acc_7001,Customer_7001,47081.4,0.8612,2023-01-01
acc_7002,Customer_7002,57888.09,0.2907,2023-01-01
acc_7003,Customer_7003,5585.14,0.6791,2023-01-01
acc_7004,Customer_7004,28557.97,0.5755,2023-01-01
acc_7005,Customer_7005,58186.15,0.3188,2023-01-01
acc_7006,Customer_7006,27104.89,0.123,2023-01-01
acc_7007,Customer_7007,82953.93,0.2916,2023-01-01
acc_7008,Customer_7008,98488.47,0.8741,2023-01-01
acc_7009,Customer_7009,5270.76,0.2422,2023-01-01
acc_7010,Customer_7010,61671.56,0.3755,2023-01-01
acc_7011,Customer_7011,77648.81,0.7414,2023-01-01
acc_7012,Customer_7012,97022.58,0.3624,2023-01-01
acc_7013,Customer_7013,69463.11,0.0217,2023-01-01
acc_7014,Customer_7014,7299.0,0.7849,2023-01-01
acc_7015,Customer_7015,5706.84,0.3759,2023-01-01
acc_7016,Customer_7016,77516.59,0.0655,2023-01-01
acc_7017,Customer_7017,83318.02,0.3389,2023-01-01
acc_7018,Customer_7018,76153.82,0.9912,2023-01-01
acc_7019,Customer_7019,67750.17,0.4027,2023-01-01
acc_7020,Customer_7020,89660.97,0.281,2023-01-01
acc_7021,Customer_7021,22570.99,0.4718,2023-01-01
acc_7022,Customer_7022,33765.54,0.9037,2023-01-01
acc_7023,Customer_7023,37310.42,0.9375,2023-01-01
acc_7024,Customer_7024,57484.49,0.0611,2023-01-01
acc_7025,Customer_7025,41694.88,0.0995,2023-01-01
acc_7026,Customer_7026,62560.98,0.5224,2023-01-01
acc_7027,Customer_7027,56758.05,0.6012,2023-01-01
acc_7028,Customer_7028,15718.14,0.4391,2023-01-01
acc_7029,Customer_7029,51969.06,0.0745,2023-01-01
acc_7030,Customer_7030,88959.96,0.344,2023-01-01
acc_7031,Customer_7031,90761.5,0.9995,2023-01-01
acc_7032,Customer_7032,53382.02,0.6704,2023-01-01
acc_7033,Customer_7033,32871.29,0.4768,2023-01-01
acc_7034,Customer_7034,76712.3,0.9369,2023-01-01
acc_7035,Customer_7035,65190.79,0.3607,2023-01-01
acc_7036,Customer_7036,64254.67,0.5248,2023-01-01
acc_7037,Customer_7037,43966.93,0.5341,2023-01-01
acc_7038,Customer_7038,68401.95,0.1514,2023-01-01
acc_7039,Customer_7039,39789.79,0.5041,2023-01-01
acc_7040,Customer_7040,22789.63,0.5302,2023-01-01
acc_7041,Customer_7041,52041.57,0.5675,2023-01-01
acc_7042,Customer_7042,61916.33,0.314,2023-01-01
acc_7043,Customer_7043,73971.98,0.2128,2023-01-01
acc_7044,Customer_7044,48979.6,0.8873,2023-01-01
acc_7045,Customer_7045,25997.58,0.29,2023-01-01
acc_7046,Customer_7046,96735.6,0.8511,2023-01-01
acc_7047,Customer_7047,5954.13,0.335,2023-01-01
acc_7048,Customer_7048,52217.52,0.2421,2023-01-01
acc_7049,Customer_7049,68345.53,0.381,2023-01-01
acc_7050,Customer_7050,66050.65,0.57,2023-01-01
acc_7051,Customer_7051,5472.21,0.912,2023-01-01
acc_7052,Customer_7052,35157.66,0.0025,2023-01-01
acc_7053,Customer_7053,91640.76,0.9213,2023-01-01
acc_7054,Customer_7054,3225.27,0.9519,2023-01-01
acc_7055,Customer_7055,24527.28,0.0283,2023-01-01
acc_7056,Customer_7056,20629.06,0.1174,2023-01-01
acc_7057,Customer_7057,31987.23,0.5932,2023-01-01
acc_7058,Customer_7058,94096.54,0.3891,2023-01-01
acc_7059,Customer_7059,2268.97,0.7156,2023-01-01
acc_7060,Customer_7060,40799.66,0.3152,2023-01-01
acc_7061,Customer_7061,95069.43,0.8674,2023-01-01
acc_7062,Customer_7062,20821.12,0.2138,2023-01-01
acc_7063,Customer_7063,12396.31,0.8118,2023-01-01
acc_7064,Customer_7064,61104.3,0.6733,2023-01-01
acc_7065,Customer_7065,77607.59,0.297,2023-01-01
acc_7066,Customer_7066,47242.45,0.0649,2023-01-01
acc_7067,Customer_7067,32333.79,0.2437,2023-01-01
acc_7068,Customer_7068,36909.84,0.2196,2023-01-01
acc_7069,Customer_7069,24109.47,0.0264,2023-01-01
acc_7070,Customer_7070,17799.67,0.6162,2023-01-01
acc_7071,Customer_7071,14672.6,0.1775,2023-01-01
acc_7072,Customer_7072,88336.84,0.16,2023-01-01
acc_7073,Customer_7073,88876.19,0.5256,2023-01-01
acc_7074,Customer_7074,35479.91,0.6884,2023-01-01
acc_7075,Customer_7075,61333.48,0.9866,2023-01-01
acc_7076,Customer_7076,36404.51,0.9581,2023-01-01
acc_7077,Customer_7077,56335.19,0.8122,2023-01-01
acc_7078,Customer_7078,52110.04,0.2104,2023-01-01
acc_7079,Customer_7079,33837.68,0.1919,2023-01-01
acc_7080,Customer_7080,94264.07,0.4218,2023-01-01
acc_7081,Customer_7081,72353.98,0.008,2023-01-01
acc_7082,Customer_7082,94386.0,0.4155,2023-01-01
acc_7083,Customer_7083,6226.48,0.209,2023-01-01
acc_7084,Customer_7084,3463.98,0.4442,2023-01-01
acc_7085,Customer_7085,6199.7,0.5825,2023-01-01
acc_7086,Customer_7086,35543.51,0.0439,2023-01-01
acc_7087,Customer_7087,58212.38,0.7449,2023-01-01
acc_7088,Customer_7088,50702.2,0.2669,2023-01-01
acc_7089,Customer_7089,47978.95,0.9681,2023-01-01
acc_7090,Customer_7090,24193.21,0.9286,2023-01-01
acc_7091,Customer_7091,35594.19,0.0288,2023-01-01
acc_7092,Customer_7092,67545.7,0.0037,2023-01-01
acc_7093,Customer_7093,75535.79,0.2056,2023-01-01
acc_7094,Customer_7094,2147.25,0.1855,2023-01-01
acc_7095,Customer_7095,30537.35,0.1601,2023-01-01
acc_7096,Customer_7096,18627.83,0.5998,2023-01-01
acc_7097,Customer_7097,98961.41,0.3995,2023-01-01
acc_7098,Customer_7098,92917.98,0.1733,2023-01-01
acc_7099,Customer_7099,45160.75,0.7682,2023-01-01
acc_7100,Customer_7100,31778.64,0.9893,2023-01-01
acc_7101,Customer_7101,72486.51,0.243,2023-01-01
acc_7102,Customer_7102,38561.76,0.9628,2023-01-01
acc_7103,Customer_7103,70819.69,0.3729,2023-01-01
acc_7104,Customer_7104,83892.83,0.1138,2023-01-01
acc_7105,Customer_7105,64367.39,0.3024,2023-01-01
acc_7106,Customer_7106,80842.68,0.5552,2023-01-01
acc_7107,Customer_7107,64833.39,0.8611,2023-01-01
acc_7108,Customer_7108,46380.1,0.3329,2023-01-01
acc_7109,Customer_7109,67289.67,0.8672,2023-01-01
acc_7110,Customer_7110,26257.96,0.213,2023-01-01
acc_7111,Customer_7111,80047.29,0.4902,2023-01-01
acc_7112,Customer_7112,46783.04,0.9979,2023-01-01
acc_7113,Customer_7113,50354.87,0.2078,2023-01-01
acc_7114,Customer_7114,32564.66,0.4978,2023-01-01
acc_7115,Customer_7115,57980.71,0.4981,2023-01-01
acc_7116,Customer_7116,75306.5,0.924,2023-01-01
acc_7117,Customer_7117,2281.45,0.2236,2023-01-01
acc_7118,Customer_7118,83266.83,0.6437,2023-01-01
acc_7119,Customer_7119,40126.73,0.1134,2023-01-01
acc_7120,Customer_7120,82340.01,0.3281,2023-01-01
acc_7121,Customer_7121,9737.54,0.0726,2023-01-01
acc_7122,Customer_7122,1121.48,0.4258,2023-01-01
acc_7123,Customer_7123,55103.97,0.1198,2023-01-01
acc_7124,Customer_7124,36747.87,0.8034,2023-01-01
acc_7125,Customer_7125,777.76,0.014,2023-01-01
acc_7126,Customer_7126,20735.27,0.8676,2023-01-01
acc_7127,Customer_7127,61843.0,0.6179,2023-01-01
acc_7128,Customer_7128,79571.21,0.9549,2023-01-01
acc_7129,Customer_7129,98537.84,0.2081,2023-01-01
acc_7130,Customer_7130,81582.36,0.5459,2023-01-01
acc_7131,Customer_7131,5085.54,0.1774,2023-01-01
acc_7132,Customer_7132,27679.82,0.0344,2023-01-01
acc_7133,Customer_7133,1868.88,0.7661,2023-01-01
acc_7134,Customer_7134,85361.66,0.9433,2023-01-01
acc_7135,Customer_7135,79888.84,0.4964,2023-01-01
acc_7136,Customer_7136,52156.69,0.2896,2023-01-01
acc_7137,Customer_7137,4993.58,0.9984,2023-01-01
acc_7138,Customer_7138,91910.49,0.7595,2023-01-01
acc_7139,Customer_7139,27105.71,0.362,2023-01-01
acc_7140,Customer_7140,73189.52,0.9494,2023-01-01
acc_7141,Customer_7141,45441.14,0.8494,2023-01-01
acc_7142,Customer_7142,48892.37,0.6944,2023-01-01
acc_7143,Customer_7143,90406.43,0.7421,2023-01-01
acc_7144,Customer_7144,68436.72,0.7657,2023-01-01
acc_7145,Customer_7145,85160.27,0.081,2023-01-01
acc_7146,Customer_7146,58049.75,0.5024,2023-01-01
acc_7147,Customer_7147,65536.58,0.1762,2023-01-01
acc_7148,Customer_7148,32435.09,0.5964,2023-01-01
acc_7149,Customer_7149,77002.11,0.2381,2023-01-01
acc_7150,Customer_7150,8586.49,0.3997,2023-01-01
acc_7151,Customer_7151,52495.46,0.435,2023-01-01
acc_7152,Customer_7152,28554.11,0.0122,2023-01-01
acc_7153,Customer_7153,68862.05,0.7127,2023-01-01
acc_7154,Customer_7154,4757.61,0.6887,2023-01-01
acc_7155,Customer_7155,23972.69,0.1037,2023-01-01
acc_7156,Customer_7156,79835.53,0.7472,2023-01-01
acc_7157,Customer_7157,54510.49,0.4753,2023-01-01
acc_7158,Customer_7158,38985.81,0.1446,2023-01-01
acc_7159,Customer_7159,29902.67,0.0851,2023-01-01
acc_7160,Customer_7160,8514.59,0.1227,2023-01-01
acc_7161,Customer_7161,18416.23,0.099,2023-01-01
acc_7162,Customer_7162,92493.02,0.5621,2023-01-01
acc_7163,Customer_7163,34575.8,0.9952,2023-01-01
acc_7164,Customer_7164,50951.68,0.2335,2023-01-01
acc_7165,Customer_7165,53099.45,0.7993,2023-01-01
acc_7166,Customer_7166,87820.12,0.8184,2023-01-01
acc_7167,Customer_7167,34325.61,0.156,2023-01-01
acc_7168,Customer_7168,71530.36,0.7359,2023-01-01
acc_7169,Customer_7169,59648.87,0.6675,2023-01-01
acc_7170,Customer_7170,62584.5,0.4996,2023-01-01
acc_7171,Customer_7171,15989.79,0.9773,2023-01-01
acc_7172,Customer_7172,32142.82,0.2063,2023-01-01
acc_7173,Customer_7173,67456.24,0.0713,2023-01-01
acc_7174,Customer_7174,8351.89,0.3333,2023-01-01
acc_7175,Customer_7175,95386.51,0.3877,2023-01-01
acc_7176,Customer_7176,24029.14,0.2497,2023-01-01
acc_7177,Customer_7177,43681.0,0.0572,2023-01-01
acc_7178,Customer_7178,61579.26,0.0043,2023-01-01
acc_7179,Customer_7179,9185.59,0.5813,2023-01-01
acc_7180,Customer_7180,99665.4,0.4244,2023-01-01
acc_7181,Customer_7181,45296.04,0.952,2023-01-01
acc_7182,Customer_7182,67427.83,0.95,2023-01-01
acc_7183,Customer_7183,15414.05,0.4369,2023-01-01
acc_7184,Customer_7184,56625.13,0.2778,2023-01-01
acc_7185,Customer_7185,10994.72,0.7786,2023-01-01
acc_7186,Customer_7186,47994.42,0.6321,2023-01-01
acc_7187,Customer_7187,10289.01,0.0275,2023-01-01
acc_7188,Customer_7188,90350.92,0.9614,2023-01-01
acc_7189,Customer_7189,89948.03,0.8009,2023-01-01
acc_7190,Customer_7190,39235.93,0.7039,2023-01-01
acc_7191,Customer_7191,69057.75,0.2228,2023-01-01
acc_7192,Customer_7192,59435.31,0.3968,2023-01-01
acc_7193,Customer_7193,68065.79,0.8946,2023-01-01
acc_7194,Customer_7194,12974.01,0.6107,2023-01-01
acc_7195,Customer_7195,53032.52,0.1872,2023-01-01
acc_7196,Customer_7196,55910.81,0.063,2023-01-01
acc_7197,Customer_7197,77388.54,0.1676,2023-01-01
acc_7198,Customer_7198,39002.39,0.833,2023-01-01
acc_7199,Customer_7199,30539.39,0.6841,2023-01-01
acc_7200,Customer_7200,12707.9,0.3986,2023-01-01
acc_7201,Customer_7201,56023.88,0.8178,2023-01-01
acc_7202,Customer_7202,37631.76,0.1062,2023-01-01
acc_7203,Customer_7203,82233.0,0.0292,2023-01-01
acc_7204,Customer_7204,56464.41,0.5558,2023-01-01
acc_7205,Customer_7205,33941.2,0.4337,2023-01-01
acc_7206,Customer_7206,60074.13,0.7526,2023-01-01
acc_7207,Customer_7207,50836.83,0.2017,2023-01-01
acc_7208,Customer_7208,770.19,0.0297,2023-01-01
acc_7209,Customer_7209,61435.27,0.9877,2023-01-01
acc_7210,Customer_7210,42520.26,0.6146,2023-01-01
acc_7211,Customer_7211,57595.05,0.2015,2023-01-01
acc_7212,Customer_7212,2764.57,0.1337,2023-01-01
acc_7213,Customer_7213,12033.93,0.2424,2023-01-01
acc_7214,Customer_7214,87078.38,0.5297,2023-01-01
acc_7215,Customer_7215,70291.77,0.0669,2023-01-01
acc_7216,Customer_7216,94909.94,0.0287,2023-01-01
acc_7217,Customer_7217,89132.96,0.0215,2023-01-01
acc_7218,Customer_7218,54058.26,0.5347,2023-01-01
acc_7219,Customer_7219,1051.05,0.292,2023-01-01
acc_7220,Customer_7220,86070.11,0.2864,2023-01-01
acc_7221,Customer_7221,24614.45,0.5189,2023-01-01
acc_7222,Customer_7222,20939.68,0.9069,2023-01-01
acc_7223,Customer_7223,22408.96,0.8405,2023-01-01
acc_7224,Customer_7224,30537.75,0.6184,2023-01-01
acc_7225,Customer_7225,12173.13,0.3875,2023-01-01
acc_7226,Customer_7226,64244.02,0.1034,2023-01-01
acc_7227,Customer_7227,72103.81,0.207,2023-01-01
acc_7228,Customer_7228,61957.35,0.1885,2023-01-01
acc_7229,Customer_7229,88306.78,0.7352,2023-01-01
acc_7230,Customer_7230,28195.08,0.7879,2023-01-01
acc_7231,Customer_7231,90204.08,0.7411,2023-01-01
acc_7232,Customer_7232,61030.95,0.8178,2023-01-01
acc_7233,Customer_7233,58947.9,0.9982,2023-01-01
acc_7234,Customer_7234,44747.47,0.0293,2023-01-01
acc_7235,Customer_7235,82364.69,0.4671,2023-01-01
acc_7236,Customer_7236,90981.61,0.1558,2023-01-01
acc_7237,Customer_7237,94344.8,0.3719,2023-01-01
acc_7238,Customer_7238,74530.16,0.4638,2023-01-01
acc_7239,Customer_7239,4183.64,0.8973,2023-01-01
acc_7240,Customer_7240,71710.14,0.6156,2023-01-01
acc_7241,Customer_7241,53281.27,0.9826,2023-01-01
acc_7242,Customer_7242,27623.52,0.3133,2023-01-01
acc_7243,Customer_7243,84452.78,0.6777,2023-01-01
acc_7244,Customer_7244,77513.79,0.4936,2023-01-01
acc_7245,Customer_7245,10953.55,0.2167,2023-01-01
acc_7246,Customer_7246,30688.07,0.3101,2023-01-01
acc_7247,Customer_7247,19114.71,0.4486,2023-01-01
acc_7248,Customer_7248,3729.65,0.3484,2023-01-01
acc_7249,Customer_7249,88803.06,0.3869,2023-01-01
acc_7250,Customer_7250,98956.32,0.9988,2023-01-01
acc_7251,Customer_7251,84772.3,0.0256,2023-01-01
acc_7252,Customer_7252,59968.78,0.7127,2023-01-01
acc_7253,Customer_7253,16043.25,0.5014,2023-01-01
acc_7254,Customer_7254,6812.37,0.5362,2023-01-01
acc_7255,Customer_7255,9046.08,0.8499,2023-01-01
acc_7256,Customer_7256,8642.29,0.9685,2023-01-01
acc_7257,Customer_7257,13202.0,0.5315,2023-01-01
acc_7258,Customer_7258,6024.65,0.2657,2023-01-01
acc_7259,Customer_7259,84079.7,0.1581,2023-01-01
acc_7260,Customer_7260,23599.04,0.9252,2023-01-01
acc_7261,Customer_7261,81802.79,0.2476,2023-01-01
acc_7262,Customer_7262,13750.54,0.9175,2023-01-01
acc_7263,Customer_7263,34825.2,0.3309,2023-01-01
acc_7264,Customer_7264,73708.89,0.4847,2023-01-01
acc_7265,Customer_7265,78509.43,0.2357,2023-01-01
acc_7266,Customer_7266,89892.04,0.5099,2023-01-01
acc_7267,Customer_7267,17107.25,0.2077,2023-01-01
acc_7268,Customer_7268,1282.48,0.6679,2023-01-01
acc_7269,Customer_7269,83231.96,0.0604,2023-01-01
acc_7270,Customer_7270,88613.27,0.7764,2023-01-01
acc_7271,Customer_7271,74461.8,0.1909,2023-01-01
acc_7272,Customer_7272,73105.08,0.3687,2023-01-01
acc_7273,Customer_7273,31115.07,0.8921,2023-01-01
acc_7274,Customer_7274,83371.4,0.0124,2023-01-01
acc_7275,Customer_7275,90330.42,0.5128,2023-01-01
acc_7276,Customer_7276,23142.78,0.4,2023-01-01
acc_7277,Customer_7277,78697.5,0.8876,2023-01-01
acc_7278,Customer_7278,408.81,0.5809,2023-01-01
acc_7279,Customer_7279,87522.13,0.17,2023-01-01
acc_7280,Customer_7280,54056.72,0.1661,2023-01-01
acc_7281,Customer_7281,86215.04,0.7339,2023-01-01
acc_7282,Customer_7282,7568.23,0.9561,2023-01-01
acc_7283,Customer_7283,65280.32,0.8052,2023-01-01
acc_7284,Customer_7284,82452.76,0.3791,2023-01-01
acc_7285,Customer_7285,15743.75,0.8808,2023-01-01
acc_7286,Customer_7286,22439.46,0.8955,2023-01-01
acc_7287,Customer_7287,15423.33,0.9182,2023-01-01
acc_7288,Customer_7288,37189.9,0.4734,2023-01-01
acc_7289,Customer_7289,74252.61,0.0542,2023-01-01
acc_7290,Customer_7290,4157.11,0.5587,2023-01-01
acc_7291,Customer_7291,7200.09,0.6659,2023-01-01
acc_7292,Customer_7292,2181.14,0.11,2023-01-01
acc_7293,Customer_7293,43310.43,0.7216,2023-01-01
acc_7294,Customer_7294,59425.88,0.421,2023-01-01
acc_7295,Customer_7295,83000.35,0.7075,2023-01-01
acc_7296,Customer_7296,16824.55,0.0871,2023-01-01
acc_7297,Customer_7297,7030.41,0.4579,2023-01-01
acc_7298,Customer_7298,89877.4,0.8503,2023-01-01
acc_7299,Customer_7299,39636.81,0.3732,2023-01-01
acc_7300,Customer_7300,4872.95,0.2506,2023-01-01
acc_7301,Customer_7301,88916.91,0.2328,2023-01-01
acc_7302,Customer_7302,79660.93,0.5148,2023-01-01
acc_7303,Customer_7303,56807.02,0.9713,2023-01-01
acc_7304,Customer_7304,5457.67,0.0234,2023-01-01
acc_7305,Customer_7305,43263.31,0.9399,2023-01-01
acc_7306,Customer_7306,99902.35,0.3926,2023-01-01
acc_7307,Customer_7307,79830.8,0.3259,2023-01-01
acc_7308,Customer_7308,27471.85,0.9817,2023-01-01
acc_7309,Customer_7309,29238.21,0.5171,2023-01-01
acc_7310,Customer_7310,29517.03,0.8095,2023-01-01
acc_7311,Customer_7311,50030.17,0.2658,2023-01-01
acc_7312,Customer_7312,11699.6,0.7502,2023-01-01
acc_7313,Customer_7313,22462.27,0.0337,2023-01-01
acc_7314,Customer_7314,82781.1,0.3138,2023-01-01
acc_7315,Customer_7315,39140.08,0.305,2023-01-01
acc_7316,Customer_7316,44938.72,0.2365,2023-01-01
acc_7317,Customer_7317,98072.8,0.1925,2023-01-01
acc_7318,Customer_7318,80887.55,0.0008,2023-01-01
acc_7319,Customer_7319,42594.43,0.4863,2023-01-01
acc_7320,Customer_7320,52116.94,0.3794,2023-01-01
acc_7321,Customer_7321,37985.32,0.0209,2023-01-01
acc_7322,Customer_7322,85346.82,0.9705,2023-01-01
acc_7323,Customer_7323,82766.81,0.0455,2023-01-01
acc_7324,Customer_7324,91586.61,0.4212,2023-01-01
acc_7325,Customer_7325,21454.87,0.9777,2023-01-01
acc_7326,Customer_7326,69783.27,0.3572,2023-01-01
acc_7327,Customer_7327,56413.96,0.2704,2023-01-01
acc_7328,Customer_7328,23193.26,0.1736,2023-01-01
acc_7329,Customer_7329,30689.44,0.3498,2023-01-01
acc_7330,Customer_7330,3247.92,0.5082,2023-01-01
acc_7331,Customer_7331,1315.48,0.4595,2023-01-01
acc_7332,Customer_7332,13259.4,0.1269,2023-01-01
acc_7333,Customer_7333,90605.75,0.4147,2023-01-01
acc_7334,Customer_7334,98244.51,0.6304,2023-01-01
acc_7335,Customer_7335,17509.05,0.1294,2023-01-01
acc_7336,Customer_7336,42071.09,0.9434,2023-01-01
acc_7337,Customer_7337,76498.91,0.208,2023-01-01
acc_7338,Customer_7338,15908.14,0.1195,2023-01-01
acc_7339,Customer_7339,16599.96,0.4189,2023-01-01
acc_7340,Customer_7340,31756.87,0.7272,2023-01-01
acc_7341,Customer_7341,77353.66,0.4812,2023-01-01
acc_7342,Customer_7342,22411.49,0.7689,2023-01-01
acc_7343,Customer_7343,32628.25,0.1623,2023-01-01
acc_7344,Customer_7344,38573.46,0.8194,2023-01-01
acc_7345,Customer_7345,33113.77,0.5953,2023-01-01
acc_7346,Customer_7346,21438.97,0.9067,2023-01-01
acc_7347,Customer_7347,57654.09,0.0538,2023-01-01
acc_7348,Customer_7348,82772.41,0.386,2023-01-01
acc_7349,Customer_7349,93240.46,0.7604,2023-01-01
acc_7350,Customer_7350,78841.7,0.3269,2023-01-01
acc_7351,Customer_7351,64832.13,0.3802,2023-01-01
acc_7352,Customer_7352,50435.07,0.8466,2023-01-01
acc_7353,Customer_7353,432.87,0.1453,2023-01-01
acc_7354,Customer_7354,7663.73,0.4334,2023-01-01
acc_7355,Customer_7355,66416.96,0.7631,2023-01-01
acc_7356,Customer_7356,53297.29,0.1274,2023-01-01
acc_7357,Customer_7357,19778.45,0.7079,2023-01-01
acc_7358,Customer_7358,98085.89,0.4541,2023-01-01
acc_7359,Customer_7359,48501.15,0.27,2023-01-01
acc_7360,Customer_7360,87165.47,0.3341,2023-01-01
acc_7361,Customer_7361,62852.6,0.0894,2023-01-01
acc_7362,Customer_7362,86930.63,0.1722,2023-01-01
acc_7363,Customer_7363,38436.06,0.183,2023-01-01
acc_7364,Customer_7364,90770.73,0.1603,2023-01-01
acc_7365,Customer_7365,26672.24,0.3674,2023-01-01
acc_7366,Customer_7366,70648.65,0.7768,2023-01-01
acc_7367,Customer_7367,87026.45,0.2165,2023-01-01
acc_7368,Customer_7368,6100.96,0.353,2023-01-01
acc_7369,Customer_7369,28528.76,0.7118,2023-01-01
acc_7370,Customer_7370,9908.9,0.5711,2023-01-01
acc_7371,Customer_7371,21562.32,0.276,2023-01-01
acc_7372,Customer_7372,47023.63,0.901,2023-01-01
acc_7373,Customer_7373,51663.61,0.0412,2023-01-01
acc_7374,Customer_7374,25164.24,0.1056,2023-01-01
acc_7375,Customer_7375,96229.49,0.3443,2023-01-01
acc_7376,Customer_7376,85039.89,0.6462,2023-01-01
acc_7377,Customer_7377,90381.58,0.3894,2023-01-01
acc_7378,Customer_7378,87510.17,0.2246,2023-01-01
acc_7379,Customer_7379,62344.3,0.9806,2023-01-01
acc_7380,Customer_7380,2520.24,0.0959,2023-01-01
acc_7381,Customer_7381,36829.43,0.2262,2023-01-01
acc_7382,Customer_7382,92585.02,0.5587,2023-01-01
acc_7383,Customer_7383,20185.01,0.1412,2023-01-01
acc_7384,Customer_7384,7802.49,0.649,2023-01-01
acc_7385,Customer_7385,86100.82,0.0409,2023-01-01
acc_7386,Customer_7386,77823.11,0.4179,2023-01-01
acc_7387,Customer_7387,3390.21,0.184,2023-01-01
acc_7388,Customer_7388,79470.73,0.7281,2023-01-01
acc_7389,Customer_7389,40198.38,0.6888,2023-01-01
acc_7390,Customer_7390,74943.05,0.3241,2023-01-01
acc_7391,Customer_7391,49981.45,0.9496,2023-01-01
acc_7392,Customer_7392,85147.55,0.7231,2023-01-01
acc_7393,Customer_7393,60069.71,0.4701,2023-01-01
acc_7394,Customer_7394,76895.87,0.1932,2023-01-01
acc_7395,Customer_7395,29294.76,0.6935,2023-01-01
acc_7396,Customer_7396,2521.0,0.059,2023-01-01
acc_7397,Customer_7397,78554.32,0.2356,2023-01-01
acc_7398,Customer_7398,71420.83,0.6714,2023-01-01
acc_7399,Customer_7399,561.13,0.8602,2023-01-01
acc_7400,Customer_7400,76293.02,0.0052,2023-01-01
acc_7401,Customer_7401,2269.57,0.8617,2023-01-01
acc_7402,Customer_7402,89800.25,0.4531,2023-01-01
acc_7403,Customer_7403,15463.8,0.1722,2023-01-01
acc_7404,Customer_7404,43464.91,0.6878,2023-01-01
acc_7405,Customer_7405,55818.04,0.7509,2023-01-01
acc_7406,Customer_7406,6491.85,0.7647,2023-01-01
acc_7407,Customer_7407,27403.19,0.8085,2023-01-01
acc_7408,Customer_7408,82193.84,0.2793,2023-01-01
acc_7409,Customer_7409,82588.07,0.0077,2023-01-01
acc_7410,Customer_7410,95737.83,0.7858,2023-01-01
acc_7411,Customer_7411,51493.1,0.8298,2023-01-01
acc_7412,Customer_7412,77572.95,0.3956,2023-01-01
acc_7413,Customer_7413,53559.07,0.6282,2023-01-01
acc_7414,Customer_7414,13397.0,0.8514,2023-01-01
acc_7415,Customer_7415,5886.64,0.0534,2023-01-01
acc_7416,Customer_7416,92714.77,0.9878,2023-01-01
acc_7417,Customer_7417,62150.03,0.2789,2023-01-01
acc_7418,Customer_7418,625.04,0.9996,2023-01-01
acc_7419,Customer_7419,18051.22,0.6391,2023-01-01
acc_7420,Customer_7420,51769.62,0.136,2023-01-01
acc_7421,Customer_7421,95603.84,0.29,2023-01-01
acc_7422,Customer_7422,52256.93,0.7467,2023-01-01
acc_7423,Customer_7423,93837.86,0.7908,2023-01-01
acc_7424,Customer_7424,47971.95,0.5452,2023-01-01
acc_7425,Customer_7425,45750.47,0.4788,2023-01-01
acc_7426,Customer_7426,26519.7,0.3488,2023-01-01
acc_7427,Customer_7427,25984.58,0.3567,2023-01-01
acc_7428,Customer_7428,81662.8,0.3119,2023-01-01
acc_7429,Customer_7429,27835.25,0.2367,2023-01-01
acc_7430,Customer_7430,96643.4,0.0705,2023-01-01
acc_7431,Customer_7431,51385.89,0.1226,2023-01-01
acc_7432,Customer_7432,47820.11,0.2152,2023-01-01
acc_7433,Customer_7433,27472.87,0.6023,2023-01-01
acc_7434,Customer_7434,38764.19,0.0869,2023-01-01
acc_7435,Customer_7435,34845.31,0.9424,2023-01-01
acc_7436,Customer_7436,47581.05,0.8357,2023-01-01
acc_7437,Customer_7437,27460.29,0.9977,2023-01-01
acc_7438,Customer_7438,97153.72,0.9815,2023-01-01
acc_7439,Customer_7439,96821.83,0.513,2023-01-01
acc_7440,Customer_7440,18358.66,0.9875,2023-01-01
acc_7441,Customer_7441,5951.48,0.8245,2023-01-01
acc_7442,Customer_7442,76032.28,0.0592,2023-01-01
acc_7443,Customer_7443,80575.21,0.9891,2023-01-01
acc_7444,Customer_7444,97473.05,0.7204,2023-01-01
acc_7445,Customer_7445,46648.79,0.6479,2023-01-01
acc_7446,Customer_7446,99892.74,0.9551,2023-01-01
acc_7447,Customer_7447,94358.1,0.6966,2023-01-01
acc_7448,Customer_7448,68994.43,0.1845,2023-01-01
acc_7449,Customer_7449,78131.2,0.2826,2023-01-01
acc_7450,Customer_7450,12421.97,0.1389,2023-01-01
acc_7451,Customer_7451,30401.92,0.845,2023-01-01
acc_7452,Customer_7452,8814.72,0.3931,2023-01-01
acc_7453,Customer_7453,8890.43,0.1727,2023-01-01
acc_7454,Customer_7454,49413.39,0.589,2023-01-01
acc_7455,Customer_7455,5288.15,0.3578,2023-01-01
acc_7456,Customer_7456,77653.16,0.5272,2023-01-01
acc_7457,Customer_7457,36117.68,0.5337,2023-01-01
acc_7458,Customer_7458,65985.55,0.9183,2023-01-01
acc_7459,Customer_7459,12894.52,0.5581,2023-01-01
acc_7460,Customer_7460,62575.51,0.6931,2023-01-01
acc_7461,Customer_7461,50412.54,0.2573,2023-01-01
acc_7462,Customer_7462,16973.03,0.9604,2023-01-01
acc_7463,Customer_7463,71925.72,0.2637,2023-01-01
acc_7464,Customer_7464,45937.28,0.478,2023-01-01
acc_7465,Customer_7465,98671.7,0.0829,2023-01-01
acc_7466,Customer_7466,90624.54,0.2096,2023-01-01
acc_7467,Customer_7467,75626.9,0.7047,2023-01-01
acc_7468,Customer_7468,75361.14,0.1127,2023-01-01
acc_7469,Customer_7469,1728.13,0.8227,2023-01-01
acc_7470,Customer_7470,70057.0,0.5827,2023-01-01
acc_7471,Customer_7471,81039.35,0.9419,2023-01-01
acc_7472,Customer_7472,55024.32,0.9794,2023-01-01
acc_7473,Customer_7473,94904.6,0.9728,2023-01-01
acc_7474,Customer_7474,57856.55,0.051,2023-01-01
acc_7475,Customer_7475,14960.35,0.6303,2023-01-01
acc_7476,Customer_7476,17667.69,0.4075,2023-01-01
acc_7477,Customer_7477,93956.64,0.8576,2023-01-01
acc_7478,Customer_7478,11275.07,0.7699,2023-01-01
acc_7479,Customer_7479,90501.18,0.8159,2023-01-01
acc_7480,Customer_7480,94697.33,0.9457,2023-01-01
acc_7481,Customer_7481,73129.42,0.3002,2023-01-01
acc_7482,Customer_7482,40031.55,0.4372,2023-01-01
acc_7483,Customer_7483,70593.71,0.0849,2023-01-01
acc_7484,Customer_7484,26218.92,0.9329,2023-01-01
acc_7485,Customer_7485,93873.32,0.2953,2023-01-01
acc_7486,Customer_7486,19466.33,0.5373,2023-01-01
acc_7487,Customer_7487,22429.87,0.2288,2023-01-01
acc_7488,Customer_7488,35294.95,0.8288,2023-01-01
acc_7489,Customer_7489,4749.99,0.0593,2023-01-01
acc_7490,Customer_7490,55998.01,0.6551,2023-01-01
acc_7491,Customer_7491,75808.69,0.953,2023-01-01
acc_7492,Customer_7492,58987.68,0.6839,2023-01-01
acc_7493,Customer_7493,33863.58,0.3524,2023-01-01
acc_7494,Customer_7494,2056.69,0.9748,2023-01-01
acc_7495,Customer_7495,50946.65,0.096,2023-01-01
acc_7496,Customer_7496,10687.24,0.1409,2023-01-01
acc_7497,Customer_7497,58892.92,0.7219,2023-01-01
acc_7498,Customer_7498,14911.53,0.3755,2023-01-01
acc_7499,Customer_7499,63577.94,0.2355,2023-01-01
acc_7500,Customer_7500,59954.9,0.3331,2023-01-01
acc_7501,Customer_7501,64110.26,0.5796,2023-01-01
acc_7502,Customer_7502,54816.8,0.1208,2023-01-01
acc_7503,Customer_7503,86225.06,0.3503,2023-01-01
acc_7504,Customer_7504,16087.05,0.7582,2023-01-01
acc_7505,Customer_7505,84623.04,0.2186,2023-01-01
acc_7506,Customer_7506,45205.06,0.5833,2023-01-01
acc_7507,Customer_7507,34292.51,0.3957,2023-01-01
acc_7508,Customer_7508,65460.02,0.9349,2023-01-01
acc_7509,Customer_7509,62583.5,0.8785,2023-01-01
acc_7510,Customer_7510,2316.08,0.5392,2023-01-01
acc_7511,Customer_7511,51643.11,0.8703,2023-01-01
acc_7512,Customer_7512,44677.25,0.7521,2023-01-01
acc_7513,Customer_7513,73987.51,0.4784,2023-01-01
acc_7514,Customer_7514,37125.79,0.136,2023-01-01
acc_7515,Customer_7515,40497.19,0.5067,2023-01-01
acc_7516,Customer_7516,87537.06,0.7384,2023-01-01
acc_7517,Customer_7517,28805.08,0.0649,2023-01-01
acc_7518,Customer_7518,18643.8,0.7571,2023-01-01
acc_7519,Customer_7519,16374.41,0.8191,2023-01-01
acc_7520,Customer_7520,77823.86,0.178,2023-01-01
acc_7521,Customer_7521,33121.29,0.4552,2023-01-01
acc_7522,Customer_7522,51161.46,0.7657,2023-01-01
acc_7523,Customer_7523,9031.75,0.1182,2023-01-01
acc_7524,Customer_7524,10673.83,0.7055,2023-01-01
acc_7525,Customer_7525,40432.79,0.1092,2023-01-01
acc_7526,Customer_7526,80912.43,0.1212,2023-01-01
acc_7527,Customer_7527,82421.4,0.8181,2023-01-01
acc_7528,Customer_7528,20984.8,0.6066,2023-01-01
acc_7529,Customer_7529,36407.29,0.3229,2023-01-01
acc_7530,Customer_7530,79293.62,0.297,2023-01-01
acc_7531,Customer_7531,27816.3,0.5701,2023-01-01
acc_7532,Customer_7532,37031.79,0.5719,2023-01-01
acc_7533,Customer_7533,74198.34,0.6824,2023-01-01
acc_7534,Customer_7534,92958.85,0.0506,2023-01-01
acc_7535,Customer_7535,50588.13,0.9512,2023-01-01
acc_7536,Customer_7536,90845.02,0.5155,2023-01-01
acc_7537,Customer_7537,18659.17,0.3303,2023-01-01
acc_7538,Customer_7538,55071.39,0.7362,2023-01-01
acc_7539,Customer_7539,31803.72,0.8241,2023-01-01
acc_7540,Customer_7540,82886.07,0.9715,2023-01-01
acc_7541,Customer_7541,63197.14,0.5419,2023-01-01
acc_7542,Customer_7542,95812.29,0.8882,2023-01-01
acc_7543,Customer_7543,15920.06,0.397,2023-01-01
acc_7544,Customer_7544,97557.52,0.0947,2023-01-01
acc_7545,Customer_7545,25722.64,0.5336,2023-01-01
acc_7546,Customer_7546,69009.59,0.522,2023-01-01
acc_7547,Customer_7547,34027.45,0.8967,2023-01-01
acc_7548,Customer_7548,19342.62,0.2499,2023-01-01
acc_7549,Customer_7549,5116.99,0.9222,2023-01-01
acc_7550,Customer_7550,77766.75,0.2581,2023-01-01
acc_7551,Customer_7551,33625.65,0.5593,2023-01-01
acc_7552,Customer_7552,24793.01,0.8275,2023-01-01
acc_7553,Customer_7553,67357.69,0.1848,2023-01-01
acc_7554,Customer_7554,32772.4,0.1649,2023-01-01
acc_7555,Customer_7555,25003.06,0.083,2023-01-01
acc_7556,Customer_7556,91009.7,0.4339,2023-01-01
acc_7557,Customer_7557,83002.97,0.8133,2023-01-01
acc_7558,Customer_7558,13645.71,0.8398,2023-01-01
acc_7559,Customer_7559,5946.14,0.9373,2023-01-01
acc_7560,Customer_7560,75623.0,0.9598,2023-01-01
acc_7561,Customer_7561,68665.63,0.2263,2023-01-01
acc_7562,Customer_7562,18789.44,0.799,2023-01-01
acc_7563,Customer_7563,77094.97,0.5536,2023-01-01
acc_7564,Customer_7564,12722.92,0.2165,2023-01-01
acc_7565,Customer_7565,46218.37,0.2117,2023-01-01
acc_7566,Customer_7566,84064.49,0.8714,2023-01-01
acc_7567,Customer_7567,32443.39,0.6757,2023-01-01
acc_7568,Customer_7568,21121.97,0.6678,2023-01-01
acc_7569,Customer_7569,75322.03,0.1648,2023-01-01
acc_7570,Customer_7570,24446.74,0.0712,2023-01-01
acc_7571,Customer_7571,93953.45,0.9667,2023-01-01
acc_7572,Customer_7572,44916.34,0.6772,2023-01-01
acc_7573,Customer_7573,70279.57,0.097,2023-01-01
acc_7574,Customer_7574,95076.73,0.2376,2023-01-01
acc_7575,Customer_7575,6665.97,0.2742,2023-01-01
acc_7576,Customer_7576,93925.13,0.9773,2023-01-01
acc_7577,Customer_7577,47171.42,0.338,2023-01-01
acc_7578,Customer_7578,69702.26,0.739,2023-01-01
acc_7579,Customer_7579,24328.38,0.9201,2023-01-01
acc_7580,Customer_7580,40045.48,0.1723,2023-01-01
acc_7581,Customer_7581,22427.67,0.8429,2023-01-01
acc_7582,Customer_7582,90558.39,0.6268,2023-01-01
acc_7583,Customer_7583,17009.48,0.202,2023-01-01
acc_7584,Customer_7584,82947.29,0.735,2023-01-01
acc_7585,Customer_7585,94240.37,0.5021,2023-01-01
acc_7586,Customer_7586,17750.18,0.1476,2023-01-01
acc_7587,Customer_7587,44226.55,0.5481,2023-01-01
acc_7588,Customer_7588,98997.84,0.6246,2023-01-01
acc_7589,Customer_7589,97104.53,0.9457,2023-01-01
acc_7590,Customer_7590,36596.7,0.3473,2023-01-01
acc_7591,Customer_7591,51819.37,0.6411,2023-01-01
acc_7592,Customer_7592,26005.51,0.4154,2023-01-01
acc_7593,Customer_7593,86387.84,0.2831,2023-01-01
acc_7594,Customer_7594,99653.95,0.0812,2023-01-01
acc_7595,Customer_7595,28814.22,0.8314,2023-01-01
acc_7596,Customer_7596,89469.75,0.1031,2023-01-01
acc_7597,Customer_7597,89618.65,0.6149,2023-01-01
acc_7598,Customer_7598,92844.29,0.9293,2023-01-01
acc_7599,Customer_7599,68342.84,0.9409,2023-01-01
acc_7600,Customer_7600,3029.19,0.0519,2023-01-01
acc_7601,Customer_7601,5553.89,0.8868,2023-01-01
acc_7602,Customer_7602,55207.3,0.1318,2023-01-01
acc_7603,Customer_7603,20937.1,0.0559,2023-01-01
acc_7604,Customer_7604,42072.38,0.2049,2023-01-01
acc_7605,Customer_7605,55115.38,0.2988,2023-01-01
acc_7606,Customer_7606,77996.22,0.5734,2023-01-01
acc_7607,Customer_7607,54053.75,0.5406,2023-01-01
acc_7608,Customer_7608,46924.72,0.221,2023-01-01
acc_7609,Customer_7609,5132.27,0.4178,2023-01-01
acc_7610,Customer_7610,12052.39,0.0107,2023-01-01
acc_7611,Customer_7611,19135.53,0.9682,2023-01-01
acc_7612,Customer_7612,16121.42,0.5027,2023-01-01
acc_7613,Customer_7613,66972.31,0.2161,2023-01-01
acc_7614,Customer_7614,22387.37,0.7302,2023-01-01
acc_7615,Customer_7615,31225.35,0.9915,2023-01-01
acc_7616,Customer_7616,60542.0,0.0359,2023-01-01
acc_7617,Customer_7617,4821.45,0.6216,2023-01-01
acc_7618,Customer_7618,42095.95,0.092,2023-01-01
acc_7619,Customer_7619,90136.39,0.9666,2023-01-01
acc_7620,Customer_7620,92381.44,0.7892,2023-01-01
acc_7621,Customer_7621,25807.06,0.0178,2023-01-01
acc_7622,Customer_7622,42910.8,0.055,2023-01-01
acc_7623,Customer_7623,60371.02,0.473,2023-01-01
acc_7624,Customer_7624,88613.85,0.9807,2023-01-01
acc_7625,Customer_7625,12772.54,0.4298,2023-01-01
acc_7626,Customer_7626,9174.97,0.6741,2023-01-01
acc_7627,Customer_7627,55118.15,0.9712,2023-01-01
acc_7628,Customer_7628,15216.94,0.8615,2023-01-01
acc_7629,Customer_7629,48385.78,0.3633,2023-01-01
acc_7630,Customer_7630,77657.75,0.4441,2023-01-01
acc_7631,Customer_7631,60758.06,0.9632,2023-01-01
acc_7632,Customer_7632,96651.56,0.4636,2023-01-01
acc_7633,Customer_7633,19683.89,0.3879,2023-01-01
acc_7634,Customer_7634,57959.42,0.2331,2023-01-01
acc_7635,Customer_7635,4047.29,0.1096,2023-01-01
acc_7636,Customer_7636,27562.03,0.9322,2023-01-01
acc_7637,Customer_7637,99462.07,0.9834,2023-01-01
acc_7638,Customer_7638,63244.85,0.4805,2023-01-01
acc_7639,Customer_7639,80862.48,0.606,2023-01-01
acc_7640,Customer_7640,56136.03,0.3005,2023-01-01
acc_7641,Customer_7641,95369.66,0.9862,2023-01-01
acc_7642,Customer_7642,99533.2,0.7823,2023-01-01
acc_7643,Customer_7643,98951.21,0.5426,2023-01-01
acc_7644,Customer_7644,40074.63,0.7429,2023-01-01
acc_7645,Customer_7645,4075.76,0.4091,2023-01-01
acc_7646,Customer_7646,73128.64,0.527,2023-01-01
acc_7647,Customer_7647,3091.39,0.5057,2023-01-01
acc_7648,Customer_7648,87486.33,0.1229,2023-01-01
acc_7649,Customer_7649,22789.62,0.3621,2023-01-01
acc_7650,Customer_7650,60055.39,0.7721,2023-01-01
acc_7651,Customer_7651,59722.79,0.0956,2023-01-01
acc_7652,Customer_7652,568.74,0.7108,2023-01-01
acc_7653,Customer_7653,16229.02,0.3919,2023-01-01
acc_7654,Customer_7654,51721.88,0.1701,2023-01-01
acc_7655,Customer_7655,69989.24,0.5598,2023-01-01
acc_7656,Customer_7656,46734.88,0.0785,2023-01-01
acc_7657,Customer_7657,48079.35,0.4894,2023-01-01
acc_7658,Customer_7658,87591.07,0.0011,2023-01-01
acc_7659,Customer_7659,73832.51,0.2532,2023-01-01
acc_7660,Customer_7660,12955.75,0.1379,2023-01-01
acc_7661,Customer_7661,17557.35,0.0758,2023-01-01
acc_7662,Customer_7662,46893.95,0.2882,2023-01-01
acc_7663,Customer_7663,31194.76,0.6286,2023-01-01
acc_7664,Customer_7664,72689.24,0.5676,2023-01-01
acc_7665,Customer_7665,20353.66,0.0989,2023-01-01
acc_7666,Customer_7666,82098.69,0.9933,2023-01-01
acc_7667,Customer_7667,23816.06,0.5937,2023-01-01
acc_7668,Customer_7668,6673.12,0.0853,2023-01-01
acc_7669,Customer_7669,10566.73,0.7442,2023-01-01
acc_7670,Customer_7670,73711.74,0.383,2023-01-01
acc_7671,Customer_7671,98744.16,0.1618,2023-01-01
acc_7672,Customer_7672,77057.74,0.3949,2023-01-01
acc_7673,Customer_7673,74286.5,0.0158,2023-01-01
acc_7674,Customer_7674,21876.01,0.5515,2023-01-01
acc_7675,Customer_7675,3303.3,0.3199,2023-01-01
acc_7676,Customer_7676,20986.67,0.1156,2023-01-01
acc_7677,Customer_7677,81435.87,0.1968,2023-01-01
acc_7678,Customer_7678,95417.04,0.8705,2023-01-01
acc_7679,Customer_7679,11209.14,0.8928,2023-01-01
acc_7680,Customer_7680,7587.13,0.1767,2023-01-01
acc_7681,Customer_7681,20292.65,0.202,2023-01-01
acc_7682,Customer_7682,89373.93,0.11,2023-01-01
acc_7683,Customer_7683,8870.47,0.3011,2023-01-01
acc_7684,Customer_7684,69471.94,0.9262,2023-01-01
acc_7685,Customer_7685,67711.61,0.7781,2023-01-01
acc_7686,Customer_7686,35408.53,0.6455,2023-01-01
acc_7687,Customer_7687,34972.68,0.7106,2023-01-01
acc_7688,Customer_7688,39023.38,0.0651,2023-01-01
acc_7689,Customer_7689,82360.58,0.3843,2023-01-01
acc_7690,Customer_7690,17552.59,0.9853,2023-01-01
acc_7691,Customer_7691,9925.56,0.3221,2023-01-01
acc_7692,Customer_7692,12258.66,0.6586,2023-01-01
acc_7693,Customer_7693,19824.42,0.6655,2023-01-01
acc_7694,Customer_7694,28622.69,0.297,2023-01-01
acc_7695,Customer_7695,22300.7,0.0934,2023-01-01
acc_7696,Customer_7696,61024.92,0.7013,2023-01-01
acc_7697,Customer_7697,1797.91,0.634,2023-01-01
acc_7698,Customer_7698,35220.44,0.9007,2023-01-01
acc_7699,Customer_7699,712.85,0.4218,2023-01-01
acc_7700,Customer_7700,59425.65,0.6276,2023-01-01
acc_7701,Customer_7701,98174.71,0.344,2023-01-01
acc_7702,Customer_7702,46917.32,0.4385,2023-01-01
acc_7703,Customer_7703,78819.02,0.2447,2023-01-01
acc_7704,Customer_7704,6987.6,0.0852,2023-01-01
acc_7705,Customer_7705,72000.09,0.9014,2023-01-01
acc_7706,Customer_7706,87557.88,0.8356,2023-01-01
acc_7707,Customer_7707,32586.73,0.649,2023-01-01
acc_7708,Customer_7708,32200.66,0.2425,2023-01-01
acc_7709,Customer_7709,46512.65,0.2703,2023-01-01
acc_7710,Customer_7710,55781.65,0.3136,2023-01-01
acc_7711,Customer_7711,65404.78,0.6041,2023-01-01
acc_7712,Customer_7712,55241.09,0.2729,2023-01-01
acc_7713,Customer_7713,79994.28,0.3133,2023-01-01
acc_7714,Customer_7714,61951.05,0.8736,2023-01-01
acc_7715,Customer_7715,84802.37,0.202,2023-01-01
acc_7716,Customer_7716,608.95,0.3283,2023-01-01
acc_7717,Customer_7717,72565.92,0.0513,2023-01-01
acc_7718,Customer_7718,520.97,0.3224,2023-01-01
acc_7719,Customer_7719,48917.1,0.6429,2023-01-01
acc_7720,Customer_7720,98323.66,0.0721,2023-01-01
acc_7721,Customer_7721,56072.22,0.2686,2023-01-01
acc_7722,Customer_7722,13873.98,0.204,2023-01-01
acc_7723,Customer_7723,15983.38,0.7837,2023-01-01
acc_7724,Customer_7724,92127.09,0.2663,2023-01-01
acc_7725,Customer_7725,12738.63,0.4095,2023-01-01
acc_7726,Customer_7726,9165.99,0.0381,2023-01-01
acc_7727,Customer_7727,84176.35,0.5082,2023-01-01
acc_7728,Customer_7728,44132.93,0.4047,2023-01-01
acc_7729,Customer_7729,69143.5,0.5721,2023-01-01
acc_7730,Customer_7730,50690.53,0.2204,2023-01-01
acc_7731,Customer_7731,50502.44,0.7047,2023-01-01
acc_7732,Customer_7732,33457.54,0.0142,2023-01-01
acc_7733,Customer_7733,96940.99,0.6714,2023-01-01
acc_7734,Customer_7734,92951.6,0.1648,2023-01-01
acc_7735,Customer_7735,88471.43,0.2694,2023-01-01
acc_7736,Customer_7736,75291.95,0.8939,2023-01-01
acc_7737,Customer_7737,89303.64,0.8177,2023-01-01
acc_7738,Customer_7738,8269.93,0.9505,2023-01-01
acc_7739,Customer_7739,56246.04,0.2731,2023-01-01
acc_7740,Customer_7740,47904.54,0.8711,2023-01-01
acc_7741,Customer_7741,74785.6,0.5645,2023-01-01
acc_7742,Customer_7742,78355.54,0.9258,2023-01-01
acc_7743,Customer_7743,42929.32,0.0599,2023-01-01
acc_7744,Customer_7744,79321.81,0.2304,2023-01-01
acc_7745,Customer_7745,67630.8,0.8615,2023-01-01
acc_7746,Customer_7746,90075.09,0.0477,2023-01-01
acc_7747,Customer_7747,74362.22,0.6958,2023-01-01
acc_7748,Customer_7748,36746.34,0.6044,2023-01-01
acc_7749,Customer_7749,16990.3,0.2009,2023-01-01
acc_7750,Customer_7750,88164.19,0.2587,2023-01-01
acc_7751,Customer_7751,73621.19,0.6869,2023-01-01
acc_7752,Customer_7752,72330.3,0.2799,2023-01-01
acc_7753,Customer_7753,54068.18,0.0581,2023-01-01
acc_7754,Customer_7754,59614.91,0.1141,2023-01-01
acc_7755,Customer_7755,95116.22,0.714,2023-01-01
acc_7756,Customer_7756,19627.54,0.4999,2023-01-01
acc_7757,Customer_7757,45574.52,0.0663,2023-01-01
acc_7758,Customer_7758,60376.2,0.1986,2023-01-01
acc_7759,Customer_7759,34422.06,0.085,2023-01-01
acc_7760,Customer_7760,13754.46,0.6559,2023-01-01
acc_7761,Customer_7761,45805.25,0.014,2023-01-01
acc_7762,Customer_7762,68636.77,0.7384,2023-01-01
acc_7763,Customer_7763,21570.81,0.7533,2023-01-01
acc_7764,Customer_7764,50277.56,0.2173,2023-01-01
acc_7765,Customer_7765,10553.59,0.7201,2023-01-01
acc_7766,Customer_7766,18302.27,0.7018,2023-01-01
acc_7767,Customer_7767,86889.28,0.6091,2023-01-01
acc_7768,Customer_7768,87607.45,0.3383,2023-01-01
acc_7769,Customer_7769,85138.43,0.6111,2023-01-01
acc_7770,Customer_7770,98911.68,0.4646,2023-01-01
acc_7771,Customer_7771,62575.17,0.4207,2023-01-01
acc_7772,Customer_7772,70277.51,0.1945,2023-01-01
acc_7773,Customer_7773,10989.61,0.8504,2023-01-01
acc_7774,Customer_7774,2338.07,0.3484,2023-01-01
acc_7775,Customer_7775,91897.07,0.5706,2023-01-01
acc_7776,Customer_7776,16578.6,0.4463,2023-01-01
acc_7777,Customer_7777,88451.25,0.4523,2023-01-01
acc_7778,Customer_7778,61673.58,0.409,2023-01-01
acc_7779,Customer_7779,81432.28,0.6921,2023-01-01
acc_7780,Customer_7780,27888.88,0.2965,2023-01-01
acc_7781,Customer_7781,57639.06,0.3293,2023-01-01
acc_7782,Customer_7782,57406.81,0.7624,2023-01-01
acc_7783,Customer_7783,97655.65,0.8722,2023-01-01
acc_7784,Customer_7784,50918.07,0.3465,2023-01-01
acc_7785,Customer_7785,19081.59,0.4307,2023-01-01
acc_7786,Customer_7786,35341.31,0.2797,2023-01-01
acc_7787,Customer_7787,69210.38,0.824,2023-01-01
acc_7788,Customer_7788,87533.38,0.9753,2023-01-01
acc_7789,Customer_7789,89807.36,0.2048,2023-01-01
acc_7790,Customer_7790,44987.75,0.9801,2023-01-01
acc_7791,Customer_7791,53028.61,0.5844,2023-01-01
acc_7792,Customer_7792,20720.45,0.5747,2023-01-01
acc_7793,Customer_7793,31671.17,0.0572,2023-01-01
acc_7794,Customer_7794,30935.29,0.9556,2023-01-01
acc_7795,Customer_7795,86110.0,0.6668,2023-01-01
acc_7796,Customer_7796,50050.81,0.7652,2023-01-01
acc_7797,Customer_7797,35997.54,0.2567,2023-01-01
acc_7798,Customer_7798,46739.0,0.4798,2023-01-01
acc_7799,Customer_7799,43108.3,0.3137,2023-01-01
acc_7800,Customer_7800,71040.21,0.805,2023-01-01
acc_7801,Customer_7801,93104.18,0.1773,2023-01-01
acc_7802,Customer_7802,13745.44,0.2603,2023-01-01
acc_7803,Customer_7803,18456.9,0.0787,2023-01-01
acc_7804,Customer_7804,26369.22,0.9619,2023-01-01
acc_7805,Customer_7805,95752.47,0.3738,2023-01-01
acc_7806,Customer_7806,24006.95,0.2314,2023-01-01
acc_7807,Customer_7807,8445.97,0.949,2023-01-01
acc_7808,Customer_7808,4290.93,0.8023,2023-01-01
acc_7809,Customer_7809,34834.36,0.3426,2023-01-01
acc_7810,Customer_7810,57983.04,0.1088,2023-01-01
acc_7811,Customer_7811,70272.99,0.7366,2023-01-01
acc_7812,Customer_7812,2223.82,0.4679,2023-01-01
acc_7813,Customer_7813,87209.57,0.7607,2023-01-01
acc_7814,Customer_7814,72580.22,0.599,2023-01-01
acc_7815,Customer_7815,76853.34,0.4253,2023-01-01
acc_7816,Customer_7816,35195.8,0.8365,2023-01-01
acc_7817,Customer_7817,12951.01,0.1675,2023-01-01
acc_7818,Customer_7818,42331.9,0.6668,2023-01-01
acc_7819,Customer_7819,79920.86,0.0317,2023-01-01
acc_7820,Customer_7820,19117.57,0.0132,2023-01-01
acc_7821,Customer_7821,73026.01,0.9014,2023-01-01
acc_7822,Customer_7822,11007.36,0.9431,2023-01-01
acc_7823,Customer_7823,95838.45,0.551,2023-01-01
acc_7824,Customer_7824,76880.75,0.2082,2023-01-01
acc_7825,Customer_7825,61702.18,0.6264,2023-01-01
acc_7826,Customer_7826,89521.22,0.2189,2023-01-01
acc_7827,Customer_7827,9476.53,0.7853,2023-01-01
acc_7828,Customer_7828,84168.51,0.7219,2023-01-01
acc_7829,Customer_7829,3665.19,0.0708,2023-01-01
acc_7830,Customer_7830,18530.21,0.2548,2023-01-01
acc_7831,Customer_7831,59919.22,0.5485,2023-01-01
acc_7832,Customer_7832,10949.56,0.7455,2023-01-01
acc_7833,Customer_7833,95334.33,0.6675,2023-01-01
acc_7834,Customer_7834,67579.84,0.7524,2023-01-01
acc_7835,Customer_7835,10087.92,0.8371,2023-01-01
acc_7836,Customer_7836,88313.58,0.111,2023-01-01
acc_7837,Customer_7837,90571.16,0.464,2023-01-01
acc_7838,Customer_7838,28908.01,0.8181,2023-01-01
acc_7839,Customer_7839,67449.1,0.8433,2023-01-01
acc_7840,Customer_7840,61263.55,0.9118,2023-01-01
acc_7841,Customer_7841,50720.86,0.2198,2023-01-01
acc_7842,Customer_7842,9476.78,0.4886,2023-01-01
acc_7843,Customer_7843,78082.63,0.6446,2023-01-01
acc_7844,Customer_7844,34370.03,0.6936,2023-01-01
acc_7845,Customer_7845,39842.55,0.5206,2023-01-01
acc_7846,Customer_7846,22861.79,0.4588,2023-01-01
acc_7847,Customer_7847,37650.85,0.2832,2023-01-01
acc_7848,Customer_7848,69212.68,0.6718,2023-01-01
acc_7849,Customer_7849,37319.14,0.1494,2023-01-01
acc_7850,Customer_7850,38122.79,0.8754,2023-01-01
acc_7851,Customer_7851,5481.94,0.1782,2023-01-01
acc_7852,Customer_7852,67364.38,0.228,2023-01-01
acc_7853,Customer_7853,85015.37,0.1461,2023-01-01
acc_7854,Customer_7854,33393.41,0.7624,2023-01-01
acc_7855,Customer_7855,55581.46,0.1911,2023-01-01
acc_7856,Customer_7856,36126.43,0.9986,2023-01-01
acc_7857,Customer_7857,25342.03,0.0594,2023-01-01
acc_7858,Customer_7858,17950.5,0.7695,2023-01-01
acc_7859,Customer_7859,84022.12,0.369,2023-01-01
acc_7860,Customer_7860,34987.36,0.4442,2023-01-01
acc_7861,Customer_7861,15079.82,0.5667,2023-01-01
acc_7862,Customer_7862,34016.81,0.5567,2023-01-01
acc_7863,Customer_7863,24179.45,0.4367,2023-01-01
acc_7864,Customer_7864,48800.12,0.3584,2023-01-01
acc_7865,Customer_7865,33004.53,0.69,2023-01-01
acc_7866,Customer_7866,51783.11,0.12,2023-01-01
acc_7867,Customer_7867,35990.24,0.7046,2023-01-01
acc_7868,Customer_7868,19544.99,0.1237,2023-01-01
acc_7869,Customer_7869,20943.33,0.667,2023-01-01
acc_7870,Customer_7870,2256.11,0.2544,2023-01-01
acc_7871,Customer_7871,85748.35,0.6989,2023-01-01
acc_7872,Customer_7872,95682.57,0.4301,2023-01-01
acc_7873,Customer_7873,12216.43,0.7499,2023-01-01
acc_7874,Customer_7874,80768.4,0.894,2023-01-01
acc_7875,Customer_7875,68440.38,0.1015,2023-01-01
acc_7876,Customer_7876,407.94,0.4687,2023-01-01
acc_7877,Customer_7877,78282.64,0.1617,2023-01-01
acc_7878,Customer_7878,12395.75,0.9317,2023-01-01
acc_7879,Customer_7879,74010.42,0.4265,2023-01-01
acc_7880,Customer_7880,44377.69,0.9047,2023-01-01
acc_7881,Customer_7881,74453.04,0.0316,2023-01-01
acc_7882,Customer_7882,56266.27,0.6077,2023-01-01
acc_7883,Customer_7883,30533.89,0.7002,2023-01-01
acc_7884,Customer_7884,57759.56,0.5651,2023-01-01
acc_7885,Customer_7885,68093.13,0.3864,2023-01-01
acc_7886,Customer_7886,30707.66,0.0219,2023-01-01
acc_7887,Customer_7887,72026.35,0.8577,2023-01-01
acc_7888,Customer_7888,80339.19,0.261,2023-01-01
acc_7889,Customer_7889,74200.43,0.9166,2023-01-01
acc_7890,Customer_7890,30056.32,0.6483,2023-01-01
acc_7891,Customer_7891,74901.02,0.1571,2023-01-01
acc_7892,Customer_7892,28172.63,0.7591,2023-01-01
acc_7893,Customer_7893,63470.24,0.1825,2023-01-01
acc_7894,Customer_7894,4815.27,0.1615,2023-01-01
acc_7895,Customer_7895,19707.52,0.7453,2023-01-01
acc_7896,Customer_7896,32143.66,0.8135,2023-01-01
acc_7897,Customer_7897,25896.22,0.2522,2023-01-01
acc_7898,Customer_7898,86405.12,0.0154,2023-01-01
acc_7899,Customer_7899,29615.35,0.9165,2023-01-01
acc_7900,Customer_7900,48589.71,0.6756,2023-01-01
acc_7901,Customer_7901,60567.85,0.9654,2023-01-01
acc_7902,Customer_7902,72747.81,0.6383,2023-01-01
acc_7903,Customer_7903,30203.77,0.0122,2023-01-01
acc_7904,Customer_7904,60228.7,0.3021,2023-01-01
acc_7905,Customer_7905,75942.71,0.836,2023-01-01
acc_7906,Customer_7906,75257.2,0.7551,2023-01-01
acc_7907,Customer_7907,95314.25,0.6504,2023-01-01
acc_7908,Customer_7908,46691.66,0.9213,2023-01-01
acc_7909,Customer_7909,51620.07,0.2811,2023-01-01
acc_7910,Customer_7910,13851.46,0.1459,2023-01-01
acc_7911,Customer_7911,10197.07,0.1781,2023-01-01
acc_7912,Customer_7912,17016.48,0.5866,2023-01-01
acc_7913,Customer_7913,1883.57,0.9705,2023-01-01
acc_7914,Customer_7914,26477.74,0.6279,2023-01-01
acc_7915,Customer_7915,93941.93,0.5144,2023-01-01
acc_7916,Customer_7916,93221.74,0.6532,2023-01-01
acc_7917,Customer_7917,67851.48,0.9855,2023-01-01
acc_7918,Customer_7918,20388.46,0.2547,2023-01-01
acc_7919,Customer_7919,57266.22,0.5665,2023-01-01
acc_7920,Customer_7920,9826.45,0.1993,2023-01-01
acc_7921,Customer_7921,36752.91,0.5207,2023-01-01
acc_7922,Customer_7922,10172.73,0.9989,2023-01-01
acc_7923,Customer_7923,94445.29,0.7939,2023-01-01
acc_7924,Customer_7924,16763.03,0.7638,2023-01-01
acc_7925,Customer_7925,84496.97,0.7683,2023-01-01
acc_7926,Customer_7926,72557.75,0.2516,2023-01-01
acc_7927,Customer_7927,61199.64,0.7343,2023-01-01
acc_7928,Customer_7928,36186.26,0.3694,2023-01-01
acc_7929,Customer_7929,8456.63,0.9679,2023-01-01
acc_7930,Customer_7930,51629.74,0.0318,2023-01-01
acc_7931,Customer_7931,60227.85,0.9236,2023-01-01
acc_7932,Customer_7932,86235.34,0.4703,2023-01-01
acc_7933,Customer_7933,4041.57,0.3976,2023-01-01
acc_7934,Customer_7934,90244.85,0.2786,2023-01-01
acc_7935,Customer_7935,23136.6,0.3914,2023-01-01
acc_7936,Customer_7936,72454.4,0.5546,2023-01-01
acc_7937,Customer_7937,64461.46,0.1594,2023-01-01
acc_7938,Customer_7938,71353.22,0.7052,2023-01-01
acc_7939,Customer_7939,86667.58,0.3707,2023-01-01
acc_7940,Customer_7940,99525.64,0.9645,2023-01-01
acc_7941,Customer_7941,1452.09,0.791,2023-01-01
acc_7942,Customer_7942,68518.98,0.0839,2023-01-01
acc_7943,Customer_7943,97214.15,0.0648,2023-01-01
acc_7944,Customer_7944,65614.61,0.0935,2023-01-01
acc_7945,Customer_7945,11158.93,0.4845,2023-01-01
acc_7946,Customer_7946,41625.21,0.5861,2023-01-01
acc_7947,Customer_7947,82949.86,0.3275,2023-01-01
acc_7948,Customer_7948,57566.86,0.3914,2023-01-01
acc_7949,Customer_7949,17719.11,0.6493,2023-01-01
acc_7950,Customer_7950,68377.06,0.9379,2023-01-01
acc_7951,Customer_7951,24631.11,0.9136,2023-01-01
acc_7952,Customer_7952,10328.75,0.6247,2023-01-01
acc_7953,Customer_7953,92168.17,0.5019,2023-01-01
acc_7954,Customer_7954,2733.22,0.6854,2023-01-01
acc_7955,Customer_7955,99765.91,0.7769,2023-01-01
acc_7956,Customer_7956,67188.45,0.862,2023-01-01
acc_7957,Customer_7957,83021.79,0.0147,2023-01-01
acc_7958,Customer_7958,76778.64,0.418,2023-01-01
acc_7959,Customer_7959,73658.73,0.8142,2023-01-01
acc_7960,Customer_7960,80391.78,0.8695,2023-01-01
acc_7961,Customer_7961,53809.53,0.5229,2023-01-01
acc_7962,Customer_7962,79736.43,0.1889,2023-01-01
acc_7963,Customer_7963,41263.2,0.3524,2023-01-01
acc_7964,Customer_7964,53887.87,0.3838,2023-01-01
acc_7965,Customer_7965,22755.69,0.9374,2023-01-01
acc_7966,Customer_7966,70179.48,0.4268,2023-01-01
acc_7967,Customer_7967,89519.57,0.9616,2023-01-01
acc_7968,Customer_7968,56500.82,0.2954,2023-01-01
acc_7969,Customer_7969,65057.36,0.4535,2023-01-01
acc_7970,Customer_7970,97618.03,0.8988,2023-01-01
acc_7971,Customer_7971,2738.66,0.0057,2023-01-01
acc_7972,Customer_7972,17600.77,0.3162,2023-01-01
acc_7973,Customer_7973,57821.02,0.2086,2023-01-01
acc_7974,Customer_7974,12253.48,0.0418,2023-01-01
acc_7975,Customer_7975,19724.48,0.1419,2023-01-01
acc_7976,Customer_7976,96231.9,0.5652,2023-01-01
acc_7977,Customer_7977,13060.02,0.9923,2023-01-01
acc_7978,Customer_7978,66705.99,0.5767,2023-01-01
acc_7979,Customer_7979,74824.25,0.7732,2023-01-01
acc_7980,Customer_7980,31586.13,0.9232,2023-01-01
acc_7981,Customer_7981,14129.38,0.5747,2023-01-01
acc_7982,Customer_7982,26562.21,0.9995,2023-01-01
acc_7983,Customer_7983,27380.98,0.9129,2023-01-01
acc_7984,Customer_7984,29471.39,0.017,2023-01-01
acc_7985,Customer_7985,71237.91,0.2995,2023-01-01
acc_7986,Customer_7986,17689.68,0.5359,2023-01-01
acc_7987,Customer_7987,28960.06,0.6347,2023-01-01
acc_7988,Customer_7988,32922.87,0.3988,2023-01-01
acc_7989,Customer_7989,85904.79,0.4662,2023-01-01
acc_7990,Customer_7990,54108.75,0.0017,2023-01-01
acc_7991,Customer_7991,73547.87,0.6036,2023-01-01
acc_7992,Customer_7992,61707.66,0.6841,2023-01-01
acc_7993,Customer_7993,79968.54,0.8738,2023-01-01
acc_7994,Customer_7994,99906.54,0.6622,2023-01-01
acc_7995,Customer_7995,56243.59,0.1378,2023-01-01
acc_7996,Customer_7996,21610.36,0.9826,2023-01-01
acc_7997,Customer_7997,59053.0,0.844,2023-01-01
acc_7998,Customer_7998,91670.76,0.4882,2023-01-01
acc_7999,Customer_7999,47223.87,0.3176,2023-01-01
acc_8000,Customer_8000,67615.29,0.9414,2023-01-01
acc_8001,Customer_8001,82813.41,0.1096,2023-01-01
acc_8002,Customer_8002,64343.21,0.3817,2023-01-01
acc_8003,Customer_8003,44232.45,0.1011,2023-01-01
acc_8004,Customer_8004,97895.14,0.4524,2023-01-01
acc_8005,Customer_8005,38778.38,0.772,2023-01-01
acc_8006,Customer_8006,83122.1,0.6587,2023-01-01
acc_8007,Customer_8007,41834.36,0.2479,2023-01-01
acc_8008,Customer_8008,64329.52,0.3474,2023-01-01
acc_8009,Customer_8009,68035.72,0.1159,2023-01-01
acc_8010,Customer_8010,88019.41,0.8809,2023-01-01
acc_8011,Customer_8011,73282.87,0.3275,2023-01-01
acc_8012,Customer_8012,32065.63,0.5891,2023-01-01
acc_8013,Customer_8013,29609.15,0.6902,2023-01-01
acc_8014,Customer_8014,44531.65,0.2826,2023-01-01
acc_8015,Customer_8015,1591.26,0.8571,2023-01-01
acc_8016,Customer_8016,49636.09,0.01,2023-01-01
acc_8017,Customer_8017,47375.58,0.7523,2023-01-01
acc_8018,Customer_8018,54084.48,0.3841,2023-01-01
acc_8019,Customer_8019,39203.39,0.4317,2023-01-01
acc_8020,Customer_8020,64807.15,0.9803,2023-01-01
acc_8021,Customer_8021,80825.61,0.119,2023-01-01
acc_8022,Customer_8022,93049.5,0.2942,2023-01-01
acc_8023,Customer_8023,39650.28,0.9753,2023-01-01
acc_8024,Customer_8024,58275.29,0.0463,2023-01-01
acc_8025,Customer_8025,87766.24,0.9149,2023-01-01
acc_8026,Customer_8026,18241.9,0.2471,2023-01-01
acc_8027,Customer_8027,87594.06,0.9958,2023-01-01
acc_8028,Customer_8028,29867.99,0.2731,2023-01-01
acc_8029,Customer_8029,89431.89,0.9865,2023-01-01
acc_8030,Customer_8030,73763.36,0.1448,2023-01-01
acc_8031,Customer_8031,35798.09,0.9722,2023-01-01
acc_8032,Customer_8032,76476.39,0.3177,2023-01-01
acc_8033,Customer_8033,50979.56,0.4334,2023-01-01
acc_8034,Customer_8034,24408.82,0.6397,2023-01-01
acc_8035,Customer_8035,2510.62,0.397,2023-01-01
acc_8036,Customer_8036,5935.42,0.9437,2023-01-01
acc_8037,Customer_8037,82485.45,0.9711,2023-01-01
acc_8038,Customer_8038,81323.03,0.6274,2023-01-01
acc_8039,Customer_8039,44602.0,0.4473,2023-01-01
acc_8040,Customer_8040,9623.2,0.1498,2023-01-01
acc_8041,Customer_8041,25962.33,0.374,2023-01-01
acc_8042,Customer_8042,96946.61,0.2178,2023-01-01
acc_8043,Customer_8043,15511.83,0.3791,2023-01-01
acc_8044,Customer_8044,31132.94,0.4182,2023-01-01
acc_8045,Customer_8045,38850.69,0.0949,2023-01-01
acc_8046,Customer_8046,31008.29,0.2713,2023-01-01
acc_8047,Customer_8047,9434.81,0.9184,2023-01-01
acc_8048,Customer_8048,29501.81,0.3504,2023-01-01
acc_8049,Customer_8049,95937.05,0.7142,2023-01-01
acc_8050,Customer_8050,3202.86,0.806,2023-01-01
acc_8051,Customer_8051,23556.04,0.3274,2023-01-01
acc_8052,Customer_8052,89527.65,0.8753,2023-01-01
acc_8053,Customer_8053,37124.2,0.6637,2023-01-01
acc_8054,Customer_8054,99436.58,0.4382,2023-01-01
acc_8055,Customer_8055,64782.56,0.9779,2023-01-01
acc_8056,Customer_8056,90398.7,0.826,2023-01-01
acc_8057,Customer_8057,17075.97,0.3227,2023-01-01
acc_8058,Customer_8058,57481.42,0.313,2023-01-01
acc_8059,Customer_8059,42570.35,0.2373,2023-01-01
acc_8060,Customer_8060,3265.22,0.6853,2023-01-01
acc_8061,Customer_8061,97497.47,0.7753,2023-01-01
acc_8062,Customer_8062,79387.71,0.226,2023-01-01
acc_8063,Customer_8063,86195.12,0.5106,2023-01-01
acc_8064,Customer_8064,1929.67,0.4853,2023-01-01
acc_8065,Customer_8065,60475.7,0.2003,2023-01-01
acc_8066,Customer_8066,44532.47,0.9721,2023-01-01
acc_8067,Customer_8067,29443.99,0.6805,2023-01-01
acc_8068,Customer_8068,48601.06,0.9866,2023-01-01
acc_8069,Customer_8069,88261.2,0.1602,2023-01-01
acc_8070,Customer_8070,35100.98,0.2462,2023-01-01
acc_8071,Customer_8071,87672.26,0.4696,2023-01-01
acc_8072,Customer_8072,52547.58,0.7907,2023-01-01
acc_8073,Customer_8073,91357.88,0.6245,2023-01-01
acc_8074,Customer_8074,41522.48,0.6157,2023-01-01
acc_8075,Customer_8075,31783.28,0.9125,2023-01-01
acc_8076,Customer_8076,75091.58,0.7214,2023-01-01
acc_8077,Customer_8077,27118.21,0.5937,2023-01-01
acc_8078,Customer_8078,50138.86,0.2429,2023-01-01
acc_8079,Customer_8079,15029.01,0.6009,2023-01-01
acc_8080,Customer_8080,85093.19,0.9936,2023-01-01
acc_8081,Customer_8081,58069.5,0.1409,2023-01-01
acc_8082,Customer_8082,79330.51,0.3655,2023-01-01
acc_8083,Customer_8083,12286.75,0.5806,2023-01-01
acc_8084,Customer_8084,53509.26,0.7657,2023-01-01
acc_8085,Customer_8085,33499.26,0.1631,2023-01-01
acc_8086,Customer_8086,29437.77,0.172,2023-01-01
acc_8087,Customer_8087,88980.8,0.3622,2023-01-01
acc_8088,Customer_8088,52424.3,0.8325,2023-01-01
acc_8089,Customer_8089,27131.74,0.0209,2023-01-01
acc_8090,Customer_8090,2990.9,0.4133,2023-01-01
acc_8091,Customer_8091,70098.58,0.2186,2023-01-01
acc_8092,Customer_8092,55397.0,0.6235,2023-01-01
acc_8093,Customer_8093,2125.75,0.3272,2023-01-01
acc_8094,Customer_8094,61441.88,0.7845,2023-01-01
acc_8095,Customer_8095,85164.29,0.8194,2023-01-01
acc_8096,Customer_8096,21960.05,0.6837,2023-01-01
acc_8097,Customer_8097,57749.53,0.4438,2023-01-01
acc_8098,Customer_8098,86249.21,0.1326,2023-01-01
acc_8099,Customer_8099,53016.34,0.1691,2023-01-01
acc_8100,Customer_8100,99007.62,0.9088,2023-01-01
acc_8101,Customer_8101,21234.0,0.2293,2023-01-01
acc_8102,Customer_8102,8659.03,0.702,2023-01-01
acc_8103,Customer_8103,71841.51,0.5566,2023-01-01
acc_8104,Customer_8104,44594.58,0.26,2023-01-01
acc_8105,Customer_8105,42299.49,0.261,2023-01-01
acc_8106,Customer_8106,29184.95,0.6894,2023-01-01
acc_8107,Customer_8107,16743.8,0.8841,2023-01-01
acc_8108,Customer_8108,32968.72,0.9463,2023-01-01
acc_8109,Customer_8109,78732.22,0.8786,2023-01-01
acc_8110,Customer_8110,87875.57,0.4523,2023-01-01
acc_8111,Customer_8111,24564.8,0.9335,2023-01-01
acc_8112,Customer_8112,47540.52,0.947,2023-01-01
acc_8113,Customer_8113,80309.97,0.4095,2023-01-01
acc_8114,Customer_8114,22175.83,0.9779,2023-01-01
acc_8115,Customer_8115,33991.02,0.0946,2023-01-01
acc_8116,Customer_8116,99358.94,0.2908,2023-01-01
acc_8117,Customer_8117,45599.15,0.8416,2023-01-01
acc_8118,Customer_8118,16551.25,0.9496,2023-01-01
acc_8119,Customer_8119,72464.73,0.1699,2023-01-01
acc_8120,Customer_8120,99570.86,0.6625,2023-01-01
acc_8121,Customer_8121,20845.23,0.6394,2023-01-01
acc_8122,Customer_8122,2483.68,0.3899,2023-01-01
acc_8123,Customer_8123,17363.8,0.8867,2023-01-01
acc_8124,Customer_8124,36523.5,0.5096,2023-01-01
acc_8125,Customer_8125,93783.14,0.7596,2023-01-01
acc_8126,Customer_8126,19192.5,0.5366,2023-01-01
acc_8127,Customer_8127,41385.79,0.6213,2023-01-01
acc_8128,Customer_8128,93106.98,0.9153,2023-01-01
acc_8129,Customer_8129,69907.64,0.0134,2023-01-01
acc_8130,Customer_8130,58228.69,0.6701,2023-01-01
acc_8131,Customer_8131,79096.83,0.0023,2023-01-01
acc_8132,Customer_8132,38028.87,0.352,2023-01-01
acc_8133,Customer_8133,64106.75,0.2528,2023-01-01
acc_8134,Customer_8134,13506.17,0.6341,2023-01-01
acc_8135,Customer_8135,36855.56,0.259,2023-01-01
acc_8136,Customer_8136,6749.76,0.9802,2023-01-01
acc_8137,Customer_8137,64250.38,0.2526,2023-01-01
acc_8138,Customer_8138,29969.63,0.0201,2023-01-01
acc_8139,Customer_8139,78769.39,0.3789,2023-01-01
acc_8140,Customer_8140,15834.58,0.8881,2023-01-01
acc_8141,Customer_8141,20340.31,0.1106,2023-01-01
acc_8142,Customer_8142,78187.6,0.7652,2023-01-01
acc_8143,Customer_8143,3975.99,0.1893,2023-01-01
acc_8144,Customer_8144,70651.89,0.1046,2023-01-01
acc_8145,Customer_8145,73383.84,0.6625,2023-01-01
acc_8146,Customer_8146,33109.99,0.8621,2023-01-01
acc_8147,Customer_8147,91743.72,0.0951,2023-01-01
acc_8148,Customer_8148,83516.0,0.0489,2023-01-01
acc_8149,Customer_8149,67482.24,0.5574,2023-01-01
acc_8150,Customer_8150,12625.72,0.2273,2023-01-01
acc_8151,Customer_8151,6506.35,0.1712,2023-01-01
acc_8152,Customer_8152,23541.96,0.1673,2023-01-01
acc_8153,Customer_8153,55086.31,0.2636,2023-01-01
acc_8154,Customer_8154,55063.67,0.8951,2023-01-01
acc_8155,Customer_8155,68737.04,0.1982,2023-01-01
acc_8156,Customer_8156,13255.31,0.7236,2023-01-01
acc_8157,Customer_8157,23318.32,0.8315,2023-01-01
acc_8158,Customer_8158,90674.84,0.6173,2023-01-01
acc_8159,Customer_8159,28396.96,0.2568,2023-01-01
acc_8160,Customer_8160,58099.02,0.1004,2023-01-01
acc_8161,Customer_8161,41571.28,0.8333,2023-01-01
acc_8162,Customer_8162,57161.62,0.6729,2023-01-01
acc_8163,Customer_8163,53256.99,0.1363,2023-01-01
acc_8164,Customer_8164,60552.64,0.5483,2023-01-01
acc_8165,Customer_8165,98501.5,0.5119,2023-01-01
acc_8166,Customer_8166,96524.8,0.9773,2023-01-01
acc_8167,Customer_8167,23447.71,0.5431,2023-01-01
acc_8168,Customer_8168,83598.16,0.7822,2023-01-01
acc_8169,Customer_8169,43404.52,0.9812,2023-01-01
acc_8170,Customer_8170,12555.5,0.5528,2023-01-01
acc_8171,Customer_8171,6681.53,0.473,2023-01-01
acc_8172,Customer_8172,4332.91,0.0992,2023-01-01
acc_8173,Customer_8173,39708.33,0.9223,2023-01-01
acc_8174,Customer_8174,43471.48,0.1155,2023-01-01
acc_8175,Customer_8175,90019.91,0.9444,2023-01-01
acc_8176,Customer_8176,58930.91,0.499,2023-01-01
acc_8177,Customer_8177,57966.87,0.4379,2023-01-01
acc_8178,Customer_8178,23833.92,0.6329,2023-01-01
acc_8179,Customer_8179,12682.03,0.2004,2023-01-01
acc_8180,Customer_8180,24535.01,0.6494,2023-01-01
acc_8181,Customer_8181,81598.95,0.9084,2023-01-01
acc_8182,Customer_8182,46255.56,0.0206,2023-01-01
acc_8183,Customer_8183,10575.83,0.9047,2023-01-01
acc_8184,Customer_8184,1913.53,0.038,2023-01-01
acc_8185,Customer_8185,34751.7,0.4208,2023-01-01
acc_8186,Customer_8186,58888.81,0.2114,2023-01-01
acc_8187,Customer_8187,36383.34,0.576,2023-01-01
acc_8188,Customer_8188,65660.76,0.1956,2023-01-01
acc_8189,Customer_8189,2515.59,0.1649,2023-01-01
acc_8190,Customer_8190,17615.99,0.2555,2023-01-01
acc_8191,Customer_8191,48142.63,0.2163,2023-01-01
acc_8192,Customer_8192,75092.8,0.9303,2023-01-01
acc_8193,Customer_8193,83527.34,0.6013,2023-01-01
acc_8194,Customer_8194,25821.59,0.0078,2023-01-01
acc_8195,Customer_8195,91590.33,0.4909,2023-01-01
acc_8196,Customer_8196,60032.78,0.1482,2023-01-01
acc_8197,Customer_8197,72508.02,0.4015,2023-01-01
acc_8198,Customer_8198,23267.5,0.7231,2023-01-01
acc_8199,Customer_8199,8219.31,0.3473,2023-01-01
acc_8200,Customer_8200,92048.99,0.1269,2023-01-01
acc_8201,Customer_8201,40756.9,0.0053,2023-01-01
acc_8202,Customer_8202,82885.68,0.0552,2023-01-01
acc_8203,Customer_8203,2200.53,0.178,2023-01-01
acc_8204,Customer_8204,27605.77,0.5805,2023-01-01
acc_8205,Customer_8205,54083.65,0.2957,2023-01-01
acc_8206,Customer_8206,62973.23,0.8913,2023-01-01
acc_8207,Customer_8207,69361.32,0.0235,2023-01-01
acc_8208,Customer_8208,10189.4,0.6911,2023-01-01
acc_8209,Customer_8209,79547.11,0.4162,2023-01-01
acc_8210,Customer_8210,21561.83,0.3416,2023-01-01
acc_8211,Customer_8211,85746.99,0.5891,2023-01-01
acc_8212,Customer_8212,83927.14,0.2802,2023-01-01
acc_8213,Customer_8213,67445.56,0.5911,2023-01-01
acc_8214,Customer_8214,10050.75,0.5453,2023-01-01
acc_8215,Customer_8215,40642.23,0.4202,2023-01-01
acc_8216,Customer_8216,34982.72,0.0116,2023-01-01
acc_8217,Customer_8217,9388.01,0.2885,2023-01-01
acc_8218,Customer_8218,79646.88,0.132,2023-01-01
acc_8219,Customer_8219,62952.44,0.0046,2023-01-01
acc_8220,Customer_8220,70557.63,0.6588,2023-01-01
acc_8221,Customer_8221,48596.3,0.351,2023-01-01
acc_8222,Customer_8222,36510.91,0.1834,2023-01-01
acc_8223,Customer_8223,68019.57,0.7971,2023-01-01
acc_8224,Customer_8224,32117.64,0.8467,2023-01-01
acc_8225,Customer_8225,3427.15,0.6844,2023-01-01
acc_8226,Customer_8226,37685.79,0.8573,2023-01-01
acc_8227,Customer_8227,40071.72,0.4859,2023-01-01
acc_8228,Customer_8228,50585.99,0.1762,2023-01-01
acc_8229,Customer_8229,52476.69,0.4147,2023-01-01
acc_8230,Customer_8230,50405.68,0.4328,2023-01-01
acc_8231,Customer_8231,49662.77,0.6897,2023-01-01
acc_8232,Customer_8232,795.88,0.0851,2023-01-01
acc_8233,Customer_8233,21114.38,0.3076,2023-01-01
acc_8234,Customer_8234,5241.29,0.1866,2023-01-01
acc_8235,Customer_8235,18052.9,0.1392,2023-01-01
acc_8236,Customer_8236,31884.72,0.2241,2023-01-01
acc_8237,Customer_8237,97071.34,0.9565,2023-01-01
acc_8238,Customer_8238,96279.75,0.7031,2023-01-01
acc_8239,Customer_8239,7429.49,0.2425,2023-01-01
acc_8240,Customer_8240,32454.09,0.1016,2023-01-01
acc_8241,Customer_8241,71284.12,0.6271,2023-01-01
acc_8242,Customer_8242,32506.36,0.5176,2023-01-01
acc_8243,Customer_8243,26300.59,0.0278,2023-01-01
acc_8244,Customer_8244,58167.93,0.5683,2023-01-01
acc_8245,Customer_8245,28024.73,0.461,2023-01-01
acc_8246,Customer_8246,44602.31,0.9051,2023-01-01
acc_8247,Customer_8247,33187.04,0.8888,2023-01-01
acc_8248,Customer_8248,92164.77,0.1203,2023-01-01
acc_8249,Customer_8249,92606.82,0.5916,2023-01-01
acc_8250,Customer_8250,49607.45,0.5744,2023-01-01
acc_8251,Customer_8251,34622.65,0.031,2023-01-01
acc_8252,Customer_8252,31028.74,0.5899,2023-01-01
acc_8253,Customer_8253,7729.82,0.8291,2023-01-01
acc_8254,Customer_8254,87277.01,0.4392,2023-01-01
acc_8255,Customer_8255,25855.86,0.7166,2023-01-01
acc_8256,Customer_8256,83141.43,0.6627,2023-01-01
acc_8257,Customer_8257,32463.74,0.7873,2023-01-01
acc_8258,Customer_8258,12152.66,0.3378,2023-01-01
acc_8259,Customer_8259,41412.64,0.0436,2023-01-01
acc_8260,Customer_8260,62659.54,0.7823,2023-01-01
acc_8261,Customer_8261,41242.21,0.6259,2023-01-01
acc_8262,Customer_8262,76754.8,0.7613,2023-01-01
acc_8263,Customer_8263,96027.14,0.2532,2023-01-01
acc_8264,Customer_8264,93701.23,0.5415,2023-01-01
acc_8265,Customer_8265,77134.07,0.3589,2023-01-01
acc_8266,Customer_8266,91918.62,0.3859,2023-01-01
acc_8267,Customer_8267,80596.81,0.0312,2023-01-01
acc_8268,Customer_8268,93212.73,0.3596,2023-01-01
acc_8269,Customer_8269,82681.44,0.3955,2023-01-01
acc_8270,Customer_8270,48547.03,0.2127,2023-01-01
acc_8271,Customer_8271,1433.38,0.9281,2023-01-01
acc_8272,Customer_8272,88479.97,0.2543,2023-01-01
acc_8273,Customer_8273,58579.24,0.9179,2023-01-01
acc_8274,Customer_8274,36061.02,0.5986,2023-01-01
acc_8275,Customer_8275,57599.74,0.518,2023-01-01
acc_8276,Customer_8276,61942.5,0.1143,2023-01-01
acc_8277,Customer_8277,11337.02,0.2962,2023-01-01
acc_8278,Customer_8278,71889.52,0.3893,2023-01-01
acc_8279,Customer_8279,224.05,0.7965,2023-01-01
acc_8280,Customer_8280,47424.99,0.3861,2023-01-01
acc_8281,Customer_8281,69098.21,0.7875,2023-01-01
acc_8282,Customer_8282,3720.78,0.2221,2023-01-01
acc_8283,Customer_8283,16747.85,0.7268,2023-01-01
acc_8284,Customer_8284,53074.22,0.1778,2023-01-01
acc_8285,Customer_8285,55908.93,0.3419,2023-01-01
acc_8286,Customer_8286,1510.2,0.9374,2023-01-01
acc_8287,Customer_8287,92996.07,0.934,2023-01-01
acc_8288,Customer_8288,69707.17,0.802,2023-01-01
acc_8289,Customer_8289,16057.62,0.6843,2023-01-01
acc_8290,Customer_8290,6499.36,0.3352,2023-01-01
acc_8291,Customer_8291,73322.83,0.5084,2023-01-01
acc_8292,Customer_8292,95930.05,0.2925,2023-01-01
acc_8293,Customer_8293,66910.37,0.3874,2023-01-01
acc_8294,Customer_8294,92330.68,0.5166,2023-01-01
acc_8295,Customer_8295,33338.06,0.3761,2023-01-01
acc_8296,Customer_8296,53501.18,0.9482,2023-01-01
acc_8297,Customer_8297,39798.72,0.5819,2023-01-01
acc_8298,Customer_8298,43873.38,0.5673,2023-01-01
acc_8299,Customer_8299,94230.27,0.4267,2023-01-01
acc_8300,Customer_8300,74625.16,0.6868,2023-01-01
acc_8301,Customer_8301,17801.93,0.5244,2023-01-01
acc_8302,Customer_8302,2616.16,0.5599,2023-01-01
acc_8303,Customer_8303,62840.22,0.5823,2023-01-01
acc_8304,Customer_8304,12300.84,0.5619,2023-01-01
acc_8305,Customer_8305,98431.19,0.0425,2023-01-01
acc_8306,Customer_8306,10429.68,0.4059,2023-01-01
acc_8307,Customer_8307,53261.09,0.1637,2023-01-01
acc_8308,Customer_8308,19113.38,0.0069,2023-01-01
acc_8309,Customer_8309,66413.48,0.082,2023-01-01
acc_8310,Customer_8310,20699.74,0.3815,2023-01-01
acc_8311,Customer_8311,85801.24,0.8745,2023-01-01
acc_8312,Customer_8312,58873.31,0.3751,2023-01-01
acc_8313,Customer_8313,25157.02,0.6816,2023-01-01
acc_8314,Customer_8314,20062.85,0.4769,2023-01-01
acc_8315,Customer_8315,77116.59,0.551,2023-01-01
acc_8316,Customer_8316,94846.18,0.7378,2023-01-01
acc_8317,Customer_8317,58356.01,0.5554,2023-01-01
acc_8318,Customer_8318,98820.26,0.5307,2023-01-01
acc_8319,Customer_8319,46227.84,0.4001,2023-01-01
acc_8320,Customer_8320,82751.81,0.6201,2023-01-01
acc_8321,Customer_8321,75285.36,0.2893,2023-01-01
acc_8322,Customer_8322,61961.77,0.7916,2023-01-01
acc_8323,Customer_8323,69546.49,0.9102,2023-01-01
acc_8324,Customer_8324,33604.49,0.8766,2023-01-01
acc_8325,Customer_8325,41221.86,0.0459,2023-01-01
acc_8326,Customer_8326,47781.08,0.1064,2023-01-01
acc_8327,Customer_8327,49289.83,0.9313,2023-01-01
acc_8328,Customer_8328,65518.19,0.5842,2023-01-01
acc_8329,Customer_8329,29789.22,0.6352,2023-01-01
acc_8330,Customer_8330,52054.32,0.5657,2023-01-01
acc_8331,Customer_8331,85527.63,0.2429,2023-01-01
acc_8332,Customer_8332,41867.36,0.4629,2023-01-01
acc_8333,Customer_8333,92477.45,0.3382,2023-01-01
acc_8334,Customer_8334,70515.86,0.1915,2023-01-01
acc_8335,Customer_8335,76274.49,0.7951,2023-01-01
acc_8336,Customer_8336,84721.07,0.1619,2023-01-01
acc_8337,Customer_8337,47347.69,0.1337,2023-01-01
acc_8338,Customer_8338,7839.56,0.7284,2023-01-01
acc_8339,Customer_8339,34608.18,0.4982,2023-01-01
acc_8340,Customer_8340,87116.91,0.018,2023-01-01
acc_8341,Customer_8341,34158.85,0.724,2023-01-01
acc_8342,Customer_8342,42303.12,0.9747,2023-01-01
acc_8343,Customer_8343,31211.46,0.4325,2023-01-01
acc_8344,Customer_8344,98461.45,0.2094,2023-01-01
acc_8345,Customer_8345,40869.73,0.0362,2023-01-01
acc_8346,Customer_8346,22106.55,0.5781,2023-01-01
acc_8347,Customer_8347,66097.91,0.5916,2023-01-01
acc_8348,Customer_8348,72097.45,0.5606,2023-01-01
acc_8349,Customer_8349,89949.82,0.106,2023-01-01
acc_8350,Customer_8350,95983.75,0.9201,2023-01-01
acc_8351,Customer_8351,89918.01,0.3551,2023-01-01
acc_8352,Customer_8352,96404.25,0.1949,2023-01-01
acc_8353,Customer_8353,84531.56,0.3064,2023-01-01
acc_8354,Customer_8354,51660.95,0.3821,2023-01-01
acc_8355,Customer_8355,41633.48,0.8366,2023-01-01
acc_8356,Customer_8356,31416.13,0.294,2023-01-01
acc_8357,Customer_8357,29473.07,0.2298,2023-01-01
acc_8358,Customer_8358,27220.81,0.7012,2023-01-01
acc_8359,Customer_8359,2519.86,0.3274,2023-01-01
acc_8360,Customer_8360,45890.17,0.4712,2023-01-01
acc_8361,Customer_8361,7104.05,0.1096,2023-01-01
acc_8362,Customer_8362,74113.36,0.0516,2023-01-01
acc_8363,Customer_8363,10641.68,0.1871,2023-01-01
acc_8364,Customer_8364,18687.49,0.5684,2023-01-01
acc_8365,Customer_8365,77704.89,0.2663,2023-01-01
acc_8366,Customer_8366,80741.21,0.1313,2023-01-01
acc_8367,Customer_8367,60074.65,0.6311,2023-01-01
acc_8368,Customer_8368,23218.42,0.3552,2023-01-01
acc_8369,Customer_8369,82677.87,0.4035,2023-01-01
acc_8370,Customer_8370,67190.75,0.1327,2023-01-01
acc_8371,Customer_8371,97656.03,0.6099,2023-01-01
acc_8372,Customer_8372,8499.42,0.4292,2023-01-01
acc_8373,Customer_8373,89251.43,0.232,2023-01-01
acc_8374,Customer_8374,29067.09,0.17,2023-01-01
acc_8375,Customer_8375,23434.9,0.3479,2023-01-01
acc_8376,Customer_8376,79431.51,0.2802,2023-01-01
acc_8377,Customer_8377,41018.33,0.5616,2023-01-01
acc_8378,Customer_8378,37570.54,0.8833,2023-01-01
acc_8379,Customer_8379,57648.82,0.9241,2023-01-01
acc_8380,Customer_8380,244.43,0.5647,2023-01-01
acc_8381,Customer_8381,19044.61,0.5217,2023-01-01
acc_8382,Customer_8382,20068.44,0.7717,2023-01-01
acc_8383,Customer_8383,13186.26,0.2162,2023-01-01
acc_8384,Customer_8384,51798.11,0.6062,2023-01-01
acc_8385,Customer_8385,70888.98,0.0335,2023-01-01
acc_8386,Customer_8386,70863.6,0.0277,2023-01-01
acc_8387,Customer_8387,19838.98,0.1541,2023-01-01
acc_8388,Customer_8388,238.02,0.3818,2023-01-01
acc_8389,Customer_8389,34789.68,0.0235,2023-01-01
acc_8390,Customer_8390,7135.0,0.6402,2023-01-01
acc_8391,Customer_8391,4329.31,0.8473,2023-01-01
acc_8392,Customer_8392,98106.19,0.1681,2023-01-01
acc_8393,Customer_8393,14059.16,0.2645,2023-01-01
acc_8394,Customer_8394,72305.78,0.3714,2023-01-01
acc_8395,Customer_8395,43398.81,0.2325,2023-01-01
acc_8396,Customer_8396,32209.3,0.0421,2023-01-01
acc_8397,Customer_8397,71350.21,0.2739,2023-01-01
acc_8398,Customer_8398,60339.89,0.3327,2023-01-01
acc_8399,Customer_8399,57318.25,0.7335,2023-01-01
acc_8400,Customer_8400,30538.26,0.1269,2023-01-01
acc_8401,Customer_8401,72956.42,0.9957,2023-01-01
acc_8402,Customer_8402,24957.83,0.0492,2023-01-01
acc_8403,Customer_8403,70404.58,0.3681,2023-01-01
acc_8404,Customer_8404,91439.2,0.1357,2023-01-01
acc_8405,Customer_8405,14804.95,0.5111,2023-01-01
acc_8406,Customer_8406,97938.91,0.4696,2023-01-01
acc_8407,Customer_8407,40812.21,0.1794,2023-01-01
acc_8408,Customer_8408,89663.03,0.9978,2023-01-01
acc_8409,Customer_8409,13945.21,0.503,2023-01-01
acc_8410,Customer_8410,80331.38,0.6138,2023-01-01
acc_8411,Customer_8411,22438.07,0.8122,2023-01-01
acc_8412,Customer_8412,52981.53,0.1431,2023-01-01
acc_8413,Customer_8413,77537.85,0.2395,2023-01-01
acc_8414,Customer_8414,28638.52,0.8773,2023-01-01
acc_8415,Customer_8415,57736.73,0.6868,2023-01-01
acc_8416,Customer_8416,90101.92,0.6946,2023-01-01
acc_8417,Customer_8417,81638.07,0.4747,2023-01-01
acc_8418,Customer_8418,69747.75,0.5732,2023-01-01
acc_8419,Customer_8419,74579.71,0.1398,2023-01-01
acc_8420,Customer_8420,27394.3,0.321,2023-01-01
acc_8421,Customer_8421,78241.39,0.2087,2023-01-01
acc_8422,Customer_8422,1993.69,0.3011,2023-01-01
acc_8423,Customer_8423,52394.25,0.5968,2023-01-01
acc_8424,Customer_8424,86203.82,0.8433,2023-01-01
acc_8425,Customer_8425,53493.2,0.2183,2023-01-01
acc_8426,Customer_8426,34419.17,0.2021,2023-01-01
acc_8427,Customer_8427,68326.32,0.237,2023-01-01
acc_8428,Customer_8428,88069.25,0.8771,2023-01-01
acc_8429,Customer_8429,28189.17,0.4211,2023-01-01
acc_8430,Customer_8430,11462.94,0.9741,2023-01-01
acc_8431,Customer_8431,40725.28,0.3633,2023-01-01
acc_8432,Customer_8432,61115.89,0.6196,2023-01-01
acc_8433,Customer_8433,99572.21,0.7154,2023-01-01
acc_8434,Customer_8434,69683.95,0.7709,2023-01-01
acc_8435,Customer_8435,94589.5,0.3426,2023-01-01
acc_8436,Customer_8436,16216.04,0.1025,2023-01-01
acc_8437,Customer_8437,93043.87,0.444,2023-01-01
acc_8438,Customer_8438,46207.69,0.8824,2023-01-01
acc_8439,Customer_8439,25507.3,0.4306,2023-01-01
acc_8440,Customer_8440,29731.72,0.2057,2023-01-01
acc_8441,Customer_8441,81447.09,0.8248,2023-01-01
acc_8442,Customer_8442,80622.72,0.1044,2023-01-01
acc_8443,Customer_8443,64903.72,0.1721,2023-01-01
acc_8444,Customer_8444,92833.86,0.376,2023-01-01
acc_8445,Customer_8445,83585.82,0.1738,2023-01-01
acc_8446,Customer_8446,48185.86,0.2146,2023-01-01
acc_8447,Customer_8447,37608.62,0.2227,2023-01-01
acc_8448,Customer_8448,28218.68,0.6782,2023-01-01
acc_8449,Customer_8449,24269.08,0.5031,2023-01-01
acc_8450,Customer_8450,13613.16,0.8879,2023-01-01
acc_8451,Customer_8451,63370.61,0.8739,2023-01-01
acc_8452,Customer_8452,74743.45,0.5589,2023-01-01
acc_8453,Customer_8453,41233.7,0.3849,2023-01-01
acc_8454,Customer_8454,85713.04,0.3921,2023-01-01
acc_8455,Customer_8455,50616.78,0.4882,2023-01-01
acc_8456,Customer_8456,60411.02,0.4338,2023-01-01
acc_8457,Customer_8457,75991.85,0.4477,2023-01-01
acc_8458,Customer_8458,85766.67,0.3967,2023-01-01
acc_8459,Customer_8459,49923.79,0.0883,2023-01-01
acc_8460,Customer_8460,69362.49,0.6912,2023-01-01
acc_8461,Customer_8461,62508.04,0.3463,2023-01-01
acc_8462,Customer_8462,97248.61,0.4451,2023-01-01
acc_8463,Customer_8463,56030.32,0.6014,2023-01-01
acc_8464,Customer_8464,91462.09,0.6249,2023-01-01
acc_8465,Customer_8465,10591.52,0.3569,2023-01-01
acc_8466,Customer_8466,43369.95,0.5755,2023-01-01
acc_8467,Customer_8467,93822.68,0.7925,2023-01-01
acc_8468,Customer_8468,50099.11,0.2677,2023-01-01
acc_8469,Customer_8469,5395.0,0.659,2023-01-01
acc_8470,Customer_8470,51114.69,0.5451,2023-01-01
acc_8471,Customer_8471,58947.75,0.9329,2023-01-01
acc_8472,Customer_8472,42517.58,0.2318,2023-01-01
acc_8473,Customer_8473,58057.91,0.0303,2023-01-01
acc_8474,Customer_8474,13027.84,0.1273,2023-01-01
acc_8475,Customer_8475,74243.33,0.8304,2023-01-01
acc_8476,Customer_8476,83090.25,0.6805,2023-01-01
acc_8477,Customer_8477,96467.61,0.3445,2023-01-01
acc_8478,Customer_8478,89198.58,0.8471,2023-01-01
acc_8479,Customer_8479,88409.31,0.9883,2023-01-01
acc_8480,Customer_8480,88137.67,0.703,2023-01-01
acc_8481,Customer_8481,26633.22,0.316,2023-01-01
acc_8482,Customer_8482,54061.91,0.5272,2023-01-01
acc_8483,Customer_8483,66068.55,0.2041,2023-01-01
acc_8484,Customer_8484,14280.54,0.456,2023-01-01
acc_8485,Customer_8485,37973.69,0.4996,2023-01-01
acc_8486,Customer_8486,28185.72,0.3627,2023-01-01
acc_8487,Customer_8487,42179.77,0.5183,2023-01-01
acc_8488,Customer_8488,97788.97,0.5529,2023-01-01
acc_8489,Customer_8489,74457.79,0.1741,2023-01-01
acc_8490,Customer_8490,5458.31,0.1499,2023-01-01
acc_8491,Customer_8491,13526.8,0.4224,2023-01-01
acc_8492,Customer_8492,73906.73,0.3352,2023-01-01
acc_8493,Customer_8493,26813.54,0.556,2023-01-01
acc_8494,Customer_8494,19678.23,0.9189,2023-01-01
acc_8495,Customer_8495,17765.28,0.4033,2023-01-01
acc_8496,Customer_8496,75634.14,0.0777,2023-01-01
acc_8497,Customer_8497,32057.29,0.4956,2023-01-01
acc_8498,Customer_8498,31915.89,0.5768,2023-01-01
acc_8499,Customer_8499,31679.85,0.1939,2023-01-01
acc_8500,Customer_8500,94019.05,0.0219,2023-01-01
acc_8501,Customer_8501,22954.18,0.9021,2023-01-01
acc_8502,Customer_8502,38244.6,0.4916,2023-01-01
acc_8503,Customer_8503,94630.07,0.884,2023-01-01
acc_8504,Customer_8504,16409.41,0.9659,2023-01-01
acc_8505,Customer_8505,74646.2,0.9981,2023-01-01
acc_8506,Customer_8506,6586.04,0.9578,2023-01-01
acc_8507,Customer_8507,94840.13,0.6179,2023-01-01
acc_8508,Customer_8508,3099.98,0.0799,2023-01-01
acc_8509,Customer_8509,40252.35,0.5243,2023-01-01
acc_8510,Customer_8510,89821.34,0.1011,2023-01-01
acc_8511,Customer_8511,94426.38,0.3338,2023-01-01
acc_8512,Customer_8512,15645.5,0.5268,2023-01-01
acc_8513,Customer_8513,61328.33,0.6624,2023-01-01
acc_8514,Customer_8514,61536.38,0.7795,2023-01-01
acc_8515,Customer_8515,75234.14,0.7164,2023-01-01
acc_8516,Customer_8516,95806.69,0.2638,2023-01-01
acc_8517,Customer_8517,41702.87,0.1324,2023-01-01
acc_8518,Customer_8518,32064.6,0.2227,2023-01-01
acc_8519,Customer_8519,29279.16,0.103,2023-01-01
acc_8520,Customer_8520,60009.39,0.3361,2023-01-01
acc_8521,Customer_8521,50994.2,0.2321,2023-01-01
acc_8522,Customer_8522,68435.8,0.6685,2023-01-01
acc_8523,Customer_8523,97108.74,0.433,2023-01-01
acc_8524,Customer_8524,37469.47,0.0328,2023-01-01
acc_8525,Customer_8525,47765.41,0.6575,2023-01-01
acc_8526,Customer_8526,85979.71,0.903,2023-01-01
acc_8527,Customer_8527,41088.06,0.7482,2023-01-01
acc_8528,Customer_8528,24259.94,0.9761,2023-01-01
acc_8529,Customer_8529,24634.92,0.7996,2023-01-01
acc_8530,Customer_8530,32409.05,0.2583,2023-01-01
acc_8531,Customer_8531,30207.04,0.1844,2023-01-01
acc_8532,Customer_8532,40650.16,0.2911,2023-01-01
acc_8533,Customer_8533,13437.86,0.4092,2023-01-01
acc_8534,Customer_8534,5097.94,0.8934,2023-01-01
acc_8535,Customer_8535,64791.23,0.1308,2023-01-01
acc_8536,Customer_8536,61802.6,0.2144,2023-01-01
acc_8537,Customer_8537,35900.53,0.0326,2023-01-01
acc_8538,Customer_8538,18713.83,0.0014,2023-01-01
acc_8539,Customer_8539,97137.59,0.7818,2023-01-01
acc_8540,Customer_8540,7240.05,0.5685,2023-01-01
acc_8541,Customer_8541,80372.27,0.273,2023-01-01
acc_8542,Customer_8542,81343.03,0.5434,2023-01-01
acc_8543,Customer_8543,38841.73,0.2163,2023-01-01
acc_8544,Customer_8544,55904.53,0.667,2023-01-01
acc_8545,Customer_8545,28211.95,0.2299,2023-01-01
acc_8546,Customer_8546,73172.68,0.3074,2023-01-01
acc_8547,Customer_8547,52669.1,0.0097,2023-01-01
acc_8548,Customer_8548,23219.8,0.2384,2023-01-01
acc_8549,Customer_8549,88208.16,0.1684,2023-01-01
acc_8550,Customer_8550,96583.24,0.2074,2023-01-01
acc_8551,Customer_8551,10941.02,0.2279,2023-01-01
acc_8552,Customer_8552,83674.35,0.4116,2023-01-01
acc_8553,Customer_8553,15597.52,0.6879,2023-01-01
acc_8554,Customer_8554,63727.1,0.1966,2023-01-01
acc_8555,Customer_8555,71763.99,0.6848,2023-01-01
acc_8556,Customer_8556,40460.54,0.2737,2023-01-01
acc_8557,Customer_8557,93693.07,0.2294,2023-01-01
acc_8558,Customer_8558,95021.52,0.2368,2023-01-01
acc_8559,Customer_8559,31399.41,0.4321,2023-01-01
acc_8560,Customer_8560,13830.0,0.5625,2023-01-01
acc_8561,Customer_8561,31463.89,0.051,2023-01-01
acc_8562,Customer_8562,6328.47,0.9358,2023-01-01
acc_8563,Customer_8563,38853.69,0.6974,2023-01-01
acc_8564,Customer_8564,16631.63,0.5798,2023-01-01
acc_8565,Customer_8565,55997.23,0.6288,2023-01-01
acc_8566,Customer_8566,50954.68,0.4883,2023-01-01
acc_8567,Customer_8567,57345.25,0.2162,2023-01-01
acc_8568,Customer_8568,13215.66,0.4367,2023-01-01
acc_8569,Customer_8569,91740.45,0.6789,2023-01-01
acc_8570,Customer_8570,82915.05,0.3003,2023-01-01
acc_8571,Customer_8571,66659.31,0.5482,2023-01-01
acc_8572,Customer_8572,54843.02,0.4592,2023-01-01
acc_8573,Customer_8573,10483.54,0.6923,2023-01-01
acc_8574,Customer_8574,88757.36,0.6257,2023-01-01
acc_8575,Customer_8575,33201.58,0.8926,2023-01-01
acc_8576,Customer_8576,33251.81,0.9133,2023-01-01
acc_8577,Customer_8577,73203.33,0.4452,2023-01-01
acc_8578,Customer_8578,85954.84,0.3334,2023-01-01
acc_8579,Customer_8579,63908.66,0.1989,2023-01-01
acc_8580,Customer_8580,25600.89,0.5497,2023-01-01
acc_8581,Customer_8581,96260.27,0.1089,2023-01-01
acc_8582,Customer_8582,62622.53,0.2623,2023-01-01
acc_8583,Customer_8583,35682.95,0.5006,2023-01-01
acc_8584,Customer_8584,37607.83,0.6432,2023-01-01
acc_8585,Customer_8585,30286.22,0.6825,2023-01-01
acc_8586,Customer_8586,42485.95,0.6766,2023-01-01
acc_8587,Customer_8587,8143.39,0.2411,2023-01-01
acc_8588,Customer_8588,71412.15,0.9321,2023-01-01
acc_8589,Customer_8589,72019.21,0.0057,2023-01-01
acc_8590,Customer_8590,56470.03,0.0171,2023-01-01
acc_8591,Customer_8591,92708.84,0.2629,2023-01-01
acc_8592,Customer_8592,65973.0,0.4689,2023-01-01
acc_8593,Customer_8593,37994.85,0.2636,2023-01-01
acc_8594,Customer_8594,57244.13,0.412,2023-01-01
acc_8595,Customer_8595,51978.81,0.8589,2023-01-01
acc_8596,Customer_8596,83286.16,0.4618,2023-01-01
acc_8597,Customer_8597,21736.83,0.6173,2023-01-01
acc_8598,Customer_8598,71384.68,0.0818,2023-01-01
acc_8599,Customer_8599,89177.41,0.2742,2023-01-01
acc_8600,Customer_8600,81247.62,0.1155,2023-01-01
acc_8601,Customer_8601,29339.02,0.435,2023-01-01
acc_8602,Customer_8602,13066.78,0.3587,2023-01-01
acc_8603,Customer_8603,9647.47,0.1439,2023-01-01
acc_8604,Customer_8604,82758.29,0.7699,2023-01-01
acc_8605,Customer_8605,75526.57,0.1669,2023-01-01
acc_8606,Customer_8606,41708.89,0.7537,2023-01-01
acc_8607,Customer_8607,99465.72,0.7026,2023-01-01
acc_8608,Customer_8608,25101.36,0.9405,2023-01-01
acc_8609,Customer_8609,27189.33,0.2591,2023-01-01
acc_8610,Customer_8610,42860.12,0.1463,2023-01-01
acc_8611,Customer_8611,2013.68,0.0942,2023-01-01
acc_8612,Customer_8612,81842.32,0.7287,2023-01-01
acc_8613,Customer_8613,65801.25,0.4095,2023-01-01
acc_8614,Customer_8614,3201.64,0.2011,2023-01-01
acc_8615,Customer_8615,96348.37,0.58,2023-01-01
acc_8616,Customer_8616,457.83,0.5123,2023-01-01
acc_8617,Customer_8617,23060.36,0.968,2023-01-01
acc_8618,Customer_8618,25844.35,0.7724,2023-01-01
acc_8619,Customer_8619,68085.22,0.6364,2023-01-01
acc_8620,Customer_8620,98507.25,0.61,2023-01-01
acc_8621,Customer_8621,99231.25,0.0915,2023-01-01
acc_8622,Customer_8622,99699.56,0.4421,2023-01-01
acc_8623,Customer_8623,82630.78,0.4344,2023-01-01
acc_8624,Customer_8624,49940.28,0.6032,2023-01-01
acc_8625,Customer_8625,27144.35,0.3996,2023-01-01
acc_8626,Customer_8626,70645.34,0.2534,2023-01-01
acc_8627,Customer_8627,27965.45,0.3534,2023-01-01
acc_8628,Customer_8628,46090.55,0.2285,2023-01-01
acc_8629,Customer_8629,99700.13,0.11,2023-01-01
acc_8630,Customer_8630,59382.03,0.8865,2023-01-01
acc_8631,Customer_8631,97669.01,0.4385,2023-01-01
acc_8632,Customer_8632,21446.2,0.544,2023-01-01
acc_8633,Customer_8633,86622.7,0.1749,2023-01-01
acc_8634,Customer_8634,57190.41,0.2452,2023-01-01
acc_8635,Customer_8635,35504.3,0.6519,2023-01-01
acc_8636,Customer_8636,95813.89,0.0083,2023-01-01
acc_8637,Customer_8637,5806.74,0.8735,2023-01-01
acc_8638,Customer_8638,65413.95,0.4675,2023-01-01
acc_8639,Customer_8639,24345.07,0.0785,2023-01-01
acc_8640,Customer_8640,41945.41,0.8643,2023-01-01
acc_8641,Customer_8641,86028.17,0.3591,2023-01-01
acc_8642,Customer_8642,63101.19,0.4039,2023-01-01
acc_8643,Customer_8643,6715.62,0.2335,2023-01-01
acc_8644,Customer_8644,49517.47,0.068,2023-01-01
acc_8645,Customer_8645,7663.11,0.8955,2023-01-01
acc_8646,Customer_8646,58748.87,0.3608,2023-01-01
acc_8647,Customer_8647,94611.87,0.2247,2023-01-01
acc_8648,Customer_8648,8402.75,0.8431,2023-01-01
acc_8649,Customer_8649,77280.5,0.9271,2023-01-01
acc_8650,Customer_8650,7655.56,0.8652,2023-01-01
acc_8651,Customer_8651,93934.6,0.8765,2023-01-01
acc_8652,Customer_8652,48797.64,0.3309,2023-01-01
acc_8653,Customer_8653,81378.05,0.2868,2023-01-01
acc_8654,Customer_8654,82123.25,0.3118,2023-01-01
acc_8655,Customer_8655,18928.57,0.868,2023-01-01
acc_8656,Customer_8656,83886.8,0.7084,2023-01-01
acc_8657,Customer_8657,90253.68,0.471,2023-01-01
acc_8658,Customer_8658,84398.0,0.6131,2023-01-01
acc_8659,Customer_8659,3557.69,0.4392,2023-01-01
acc_8660,Customer_8660,86045.77,0.7874,2023-01-01
acc_8661,Customer_8661,84036.47,0.3271,2023-01-01
acc_8662,Customer_8662,90716.99,0.2543,2023-01-01
acc_8663,Customer_8663,19193.04,0.0924,2023-01-01
acc_8664,Customer_8664,5416.8,0.8106,2023-01-01
acc_8665,Customer_8665,67595.3,0.4255,2023-01-01
acc_8666,Customer_8666,57659.38,0.4174,2023-01-01
acc_8667,Customer_8667,89988.48,0.6514,2023-01-01
acc_8668,Customer_8668,22799.59,0.3809,2023-01-01
acc_8669,Customer_8669,68974.75,0.5759,2023-01-01
acc_8670,Customer_8670,71712.88,0.2571,2023-01-01
acc_8671,Customer_8671,4574.15,0.2154,2023-01-01
acc_8672,Customer_8672,99449.7,0.2674,2023-01-01
acc_8673,Customer_8673,89894.68,0.6562,2023-01-01
acc_8674,Customer_8674,51964.94,0.1336,2023-01-01
acc_8675,Customer_8675,57156.17,0.6003,2023-01-01
acc_8676,Customer_8676,68976.23,0.1679,2023-01-01
acc_8677,Customer_8677,49059.1,0.8434,2023-01-01
acc_8678,Customer_8678,84933.38,0.5813,2023-01-01
acc_8679,Customer_8679,37112.53,0.6397,2023-01-01
acc_8680,Customer_8680,90534.93,0.7045,2023-01-01
acc_8681,Customer_8681,53132.31,0.1243,2023-01-01
acc_8682,Customer_8682,33577.6,0.0495,2023-01-01
acc_8683,Customer_8683,62254.65,0.9287,2023-01-01
acc_8684,Customer_8684,28028.09,0.5196,2023-01-01
acc_8685,Customer_8685,61372.55,0.2778,2023-01-01
acc_8686,Customer_8686,2276.61,0.146,2023-01-01
acc_8687,Customer_8687,4794.22,0.124,2023-01-01
acc_8688,Customer_8688,23934.55,0.6741,2023-01-01
acc_8689,Customer_8689,96525.71,0.9311,2023-01-01
acc_8690,Customer_8690,72445.96,0.1575,2023-01-01
acc_8691,Customer_8691,28341.14,0.6164,2023-01-01
acc_8692,Customer_8692,30606.43,0.9929,2023-01-01
acc_8693,Customer_8693,85555.84,0.1756,2023-01-01
acc_8694,Customer_8694,97943.12,0.9983,2023-01-01
acc_8695,Customer_8695,14103.99,0.6094,2023-01-01
acc_8696,Customer_8696,30486.08,0.4921,2023-01-01
acc_8697,Customer_8697,61794.84,0.1209,2023-01-01
acc_8698,Customer_8698,40510.47,0.7193,2023-01-01
acc_8699,Customer_8699,14969.78,0.0831,2023-01-01
acc_8700,Customer_8700,23808.18,0.4689,2023-01-01
acc_8701,Customer_8701,59931.6,0.2495,2023-01-01
acc_8702,Customer_8702,88339.15,0.2532,2023-01-01
acc_8703,Customer_8703,56920.37,0.1286,2023-01-01
acc_8704,Customer_8704,78575.55,0.2547,2023-01-01
acc_8705,Customer_8705,33132.25,0.4697,2023-01-01
acc_8706,Customer_8706,2974.58,0.4121,2023-01-01
acc_8707,Customer_8707,74757.15,0.3709,2023-01-01
acc_8708,Customer_8708,65896.02,0.787,2023-01-01
acc_8709,Customer_8709,69012.1,0.6209,2023-01-01
acc_8710,Customer_8710,64137.9,0.3112,2023-01-01
acc_8711,Customer_8711,87362.91,0.1601,2023-01-01
acc_8712,Customer_8712,28275.89,0.8828,2023-01-01
acc_8713,Customer_8713,81228.68,0.9414,2023-01-01
acc_8714,Customer_8714,46037.64,0.1524,2023-01-01
acc_8715,Customer_8715,73558.4,0.094,2023-01-01
acc_8716,Customer_8716,19686.94,0.7709,2023-01-01
acc_8717,Customer_8717,40895.54,0.3557,2023-01-01
acc_8718,Customer_8718,19819.4,0.4673,2023-01-01
acc_8719,Customer_8719,80066.84,0.9015,2023-01-01
acc_8720,Customer_8720,18091.27,0.9891,2023-01-01
acc_8721,Customer_8721,81152.48,0.8246,2023-01-01
acc_8722,Customer_8722,61547.49,0.7572,2023-01-01
acc_8723,Customer_8723,14047.97,0.9473,2023-01-01
acc_8724,Customer_8724,61307.39,0.9556,2023-01-01
acc_8725,Customer_8725,21564.41,0.0939,2023-01-01
acc_8726,Customer_8726,78675.65,0.7594,2023-01-01
acc_8727,Customer_8727,10836.89,0.7908,2023-01-01
acc_8728,Customer_8728,58062.27,0.8174,2023-01-01
acc_8729,Customer_8729,49996.71,0.9084,2023-01-01
acc_8730,Customer_8730,77514.18,0.8029,2023-01-01
acc_8731,Customer_8731,12245.47,0.4426,2023-01-01
acc_8732,Customer_8732,9564.15,0.5207,2023-01-01
acc_8733,Customer_8733,81935.9,0.6104,2023-01-01
acc_8734,Customer_8734,7354.83,0.9495,2023-01-01
acc_8735,Customer_8735,9376.4,0.7343,2023-01-01
acc_8736,Customer_8736,82929.3,0.1675,2023-01-01
acc_8737,Customer_8737,30355.94,0.1431,2023-01-01
acc_8738,Customer_8738,78771.89,0.2354,2023-01-01
acc_8739,Customer_8739,96477.64,0.1232,2023-01-01
acc_8740,Customer_8740,12887.77,0.6944,2023-01-01
acc_8741,Customer_8741,55484.99,0.3063,2023-01-01
acc_8742,Customer_8742,72786.52,0.0249,2023-01-01
acc_8743,Customer_8743,68357.23,0.8689,2023-01-01
acc_8744,Customer_8744,23729.54,0.5152,2023-01-01
acc_8745,Customer_8745,99173.03,0.6915,2023-01-01
acc_8746,Customer_8746,67177.2,0.5407,2023-01-01
acc_8747,Customer_8747,78089.29,0.4875,2023-01-01
acc_8748,Customer_8748,30118.69,0.5185,2023-01-01
acc_8749,Customer_8749,1116.71,0.4919,2023-01-01
acc_8750,Customer_8750,36923.79,0.5604,2023-01-01
acc_8751,Customer_8751,97818.75,0.6962,2023-01-01
acc_8752,Customer_8752,43028.36,0.1848,2023-01-01
acc_8753,Customer_8753,94419.88,0.0477,2023-01-01
acc_8754,Customer_8754,14468.65,0.7528,2023-01-01
acc_8755,Customer_8755,95377.63,0.9386,2023-01-01
acc_8756,Customer_8756,21448.83,0.9136,2023-01-01
acc_8757,Customer_8757,32392.64,0.8074,2023-01-01
acc_8758,Customer_8758,21065.83,0.7527,2023-01-01
acc_8759,Customer_8759,48574.85,0.2717,2023-01-01
acc_8760,Customer_8760,63694.21,0.1098,2023-01-01
acc_8761,Customer_8761,81830.79,0.5628,2023-01-01
acc_8762,Customer_8762,98093.08,0.9278,2023-01-01
acc_8763,Customer_8763,78634.45,0.1441,2023-01-01
acc_8764,Customer_8764,61511.03,0.1719,2023-01-01
acc_8765,Customer_8765,68457.96,0.9492,2023-01-01
acc_8766,Customer_8766,14318.34,0.1271,2023-01-01
acc_8767,Customer_8767,55641.99,0.3178,2023-01-01
acc_8768,Customer_8768,66267.92,0.2832,2023-01-01
acc_8769,Customer_8769,68908.1,0.1648,2023-01-01
acc_8770,Customer_8770,98868.1,0.4681,2023-01-01
acc_8771,Customer_8771,97932.68,0.9739,2023-01-01
acc_8772,Customer_8772,86992.86,0.4085,2023-01-01
acc_8773,Customer_8773,52219.27,0.4283,2023-01-01
acc_8774,Customer_8774,68303.19,0.3057,2023-01-01
acc_8775,Customer_8775,41621.1,0.8939,2023-01-01
acc_8776,Customer_8776,20319.39,0.4223,2023-01-01
acc_8777,Customer_8777,23059.72,0.5092,2023-01-01
acc_8778,Customer_8778,87478.82,0.6312,2023-01-01
acc_8779,Customer_8779,70651.05,0.0349,2023-01-01
acc_8780,Customer_8780,37916.79,0.2378,2023-01-01
acc_8781,Customer_8781,35369.48,0.2399,2023-01-01
acc_8782,Customer_8782,247.13,0.4348,2023-01-01
acc_8783,Customer_8783,67047.16,0.2708,2023-01-01
acc_8784,Customer_8784,60052.15,0.4091,2023-01-01
acc_8785,Customer_8785,89143.43,0.6913,2023-01-01
acc_8786,Customer_8786,45806.38,0.7461,2023-01-01
acc_8787,Customer_8787,50278.79,0.5554,2023-01-01
acc_8788,Customer_8788,74918.55,0.6219,2023-01-01
acc_8789,Customer_8789,47466.63,0.7851,2023-01-01
acc_8790,Customer_8790,71521.25,0.7001,2023-01-01
acc_8791,Customer_8791,12051.56,0.0079,2023-01-01
acc_8792,Customer_8792,12012.46,0.7344,2023-01-01
acc_8793,Customer_8793,45573.92,0.3736,2023-01-01
acc_8794,Customer_8794,14780.99,0.5298,2023-01-01
acc_8795,Customer_8795,38811.36,0.4742,2023-01-01
acc_8796,Customer_8796,38494.8,0.5065,2023-01-01
acc_8797,Customer_8797,21537.36,0.0233,2023-01-01
acc_8798,Customer_8798,3881.3,0.8214,2023-01-01
acc_8799,Customer_8799,49856.52,0.9416,2023-01-01
acc_8800,Customer_8800,70484.95,0.591,2023-01-01
acc_8801,Customer_8801,2306.28,0.2351,2023-01-01
acc_8802,Customer_8802,82144.5,0.9397,2023-01-01
acc_8803,Customer_8803,77641.76,0.5995,2023-01-01
acc_8804,Customer_8804,71683.14,0.9101,2023-01-01
acc_8805,Customer_8805,54936.71,0.2417,2023-01-01
acc_8806,Customer_8806,81435.56,0.6937,2023-01-01
acc_8807,Customer_8807,36454.36,0.8486,2023-01-01
acc_8808,Customer_8808,36400.41,0.3405,2023-01-01
acc_8809,Customer_8809,43747.98,0.4029,2023-01-01
acc_8810,Customer_8810,80237.99,0.0163,2023-01-01
acc_8811,Customer_8811,99277.17,0.4229,2023-01-01
acc_8812,Customer_8812,57999.89,0.8796,2023-01-01
acc_8813,Customer_8813,83010.99,0.0999,2023-01-01
acc_8814,Customer_8814,33180.64,0.3564,2023-01-01
acc_8815,Customer_8815,14267.18,0.5694,2023-01-01
acc_8816,Customer_8816,91405.39,0.8559,2023-01-01
acc_8817,Customer_8817,91722.92,0.469,2023-01-01
acc_8818,Customer_8818,29361.25,0.3454,2023-01-01
acc_8819,Customer_8819,68900.81,0.6198,2023-01-01
acc_8820,Customer_8820,30146.21,0.0144,2023-01-01
acc_8821,Customer_8821,84581.81,0.5737,2023-01-01
acc_8822,Customer_8822,99982.21,0.4979,2023-01-01
acc_8823,Customer_8823,36725.55,0.8567,2023-01-01
acc_8824,Customer_8824,10505.25,0.5748,2023-01-01
acc_8825,Customer_8825,18014.05,0.004,2023-01-01
acc_8826,Customer_8826,711.52,0.4932,2023-01-01
acc_8827,Customer_8827,53887.75,0.0661,2023-01-01
acc_8828,Customer_8828,4481.36,0.1424,2023-01-01
acc_8829,Customer_8829,15693.34,0.4243,2023-01-01
acc_8830,Customer_8830,31294.8,0.3255,2023-01-01
acc_8831,Customer_8831,51320.36,0.2175,2023-01-01
acc_8832,Customer_8832,50144.08,0.9254,2023-01-01
acc_8833,Customer_8833,78256.35,0.045,2023-01-01
acc_8834,Customer_8834,21465.21,0.8827,2023-01-01
acc_8835,Customer_8835,35251.68,0.1489,2023-01-01
acc_8836,Customer_8836,82373.28,0.8853,2023-01-01
acc_8837,Customer_8837,95999.87,0.0196,2023-01-01
acc_8838,Customer_8838,69541.99,0.7434,2023-01-01
acc_8839,Customer_8839,87003.96,0.6536,2023-01-01
acc_8840,Customer_8840,63494.6,0.369,2023-01-01
acc_8841,Customer_8841,18891.83,0.3902,2023-01-01
acc_8842,Customer_8842,8560.28,0.4291,2023-01-01
acc_8843,Customer_8843,37582.41,0.9013,2023-01-01
acc_8844,Customer_8844,55077.54,0.6968,2023-01-01
acc_8845,Customer_8845,14802.33,0.4317,2023-01-01
acc_8846,Customer_8846,37291.88,0.6442,2023-01-01
acc_8847,Customer_8847,35496.27,0.8251,2023-01-01
acc_8848,Customer_8848,64590.75,0.488,2023-01-01
acc_8849,Customer_8849,22624.79,0.1719,2023-01-01
acc_8850,Customer_8850,52368.3,0.1363,2023-01-01
acc_8851,Customer_8851,33827.98,0.3651,2023-01-01
acc_8852,Customer_8852,54217.98,0.2557,2023-01-01
acc_8853,Customer_8853,29514.37,0.1516,2023-01-01
acc_8854,Customer_8854,53129.18,0.8424,2023-01-01
acc_8855,Customer_8855,52498.6,0.2189,2023-01-01
acc_8856,Customer_8856,74488.11,0.2384,2023-01-01
acc_8857,Customer_8857,20627.94,0.6687,2023-01-01
acc_8858,Customer_8858,94506.29,0.9729,2023-01-01
acc_8859,Customer_8859,3835.8,0.6388,2023-01-01
acc_8860,Customer_8860,27633.78,0.4935,2023-01-01
acc_8861,Customer_8861,22727.86,0.4174,2023-01-01
acc_8862,Customer_8862,95825.34,0.6158,2023-01-01
acc_8863,Customer_8863,79693.25,0.1175,2023-01-01
acc_8864,Customer_8864,16120.67,0.5719,2023-01-01
acc_8865,Customer_8865,97459.8,0.7638,2023-01-01
acc_8866,Customer_8866,34725.54,0.2153,2023-01-01
acc_8867,Customer_8867,65397.39,0.9321,2023-01-01
acc_8868,Customer_8868,12830.33,0.5872,2023-01-01
acc_8869,Customer_8869,73436.99,0.9577,2023-01-01
acc_8870,Customer_8870,88341.94,0.5545,2023-01-01
acc_8871,Customer_8871,75307.14,0.623,2023-01-01
acc_8872,Customer_8872,92943.61,0.8452,2023-01-01
acc_8873,Customer_8873,90966.74,0.9623,2023-01-01
acc_8874,Customer_8874,53961.58,0.597,2023-01-01
acc_8875,Customer_8875,56542.75,0.3891,2023-01-01
acc_8876,Customer_8876,21735.71,0.6059,2023-01-01
acc_8877,Customer_8877,25656.87,0.8602,2023-01-01
acc_8878,Customer_8878,91029.12,0.0184,2023-01-01
acc_8879,Customer_8879,14843.81,0.1341,2023-01-01
acc_8880,Customer_8880,11718.48,0.0784,2023-01-01
acc_8881,Customer_8881,89522.61,0.1887,2023-01-01
acc_8882,Customer_8882,23974.6,0.3151,2023-01-01
acc_8883,Customer_8883,88678.33,0.7339,2023-01-01
acc_8884,Customer_8884,93116.75,0.6314,2023-01-01
acc_8885,Customer_8885,74206.68,0.4436,2023-01-01
acc_8886,Customer_8886,20535.98,0.0403,2023-01-01
acc_8887,Customer_8887,94266.43,0.7916,2023-01-01
acc_8888,Customer_8888,83724.75,0.7062,2023-01-01
acc_8889,Customer_8889,4818.34,0.417,2023-01-01
acc_8890,Customer_8890,57293.72,0.9767,2023-01-01
acc_8891,Customer_8891,74613.52,0.7505,2023-01-01
acc_8892,Customer_8892,91139.9,0.8605,2023-01-01
acc_8893,Customer_8893,83781.85,0.4501,2023-01-01
acc_8894,Customer_8894,14670.89,0.4352,2023-01-01
acc_8895,Customer_8895,9956.09,0.4407,2023-01-01
acc_8896,Customer_8896,48562.72,0.608,2023-01-01
acc_8897,Customer_8897,94801.17,0.9267,2023-01-01
acc_8898,Customer_8898,86736.89,0.5555,2023-01-01
acc_8899,Customer_8899,77809.85,0.7857,2023-01-01
acc_8900,Customer_8900,14585.75,0.784,2023-01-01
acc_8901,Customer_8901,39723.5,0.5316,2023-01-01
acc_8902,Customer_8902,9341.59,0.7412,2023-01-01
acc_8903,Customer_8903,35450.85,0.344,2023-01-01
acc_8904,Customer_8904,445.23,0.6384,2023-01-01
acc_8905,Customer_8905,59854.04,0.7471,2023-01-01
acc_8906,Customer_8906,57060.39,0.8145,2023-01-01
acc_8907,Customer_8907,90426.42,0.5223,2023-01-01
acc_8908,Customer_8908,80875.39,0.7521,2023-01-01
acc_8909,Customer_8909,41766.71,0.2548,2023-01-01
acc_8910,Customer_8910,31213.28,0.1961,2023-01-01
acc_8911,Customer_8911,97669.97,0.9203,2023-01-01
acc_8912,Customer_8912,10713.4,0.8862,2023-01-01
acc_8913,Customer_8913,72402.44,0.4927,2023-01-01
acc_8914,Customer_8914,11161.98,0.1388,2023-01-01
acc_8915,Customer_8915,96145.3,0.5204,2023-01-01
acc_8916,Customer_8916,2406.09,0.263,2023-01-01
acc_8917,Customer_8917,5473.46,0.3934,2023-01-01
acc_8918,Customer_8918,85795.9,0.7406,2023-01-01
acc_8919,Customer_8919,38369.39,0.5138,2023-01-01
acc_8920,Customer_8920,33565.01,0.3103,2023-01-01
acc_8921,Customer_8921,28342.64,0.5221,2023-01-01
acc_8922,Customer_8922,79146.38,0.716,2023-01-01
acc_8923,Customer_8923,15587.12,0.6243,2023-01-01
acc_8924,Customer_8924,16557.47,0.4546,2023-01-01
acc_8925,Customer_8925,81571.86,0.7195,2023-01-01
acc_8926,Customer_8926,12442.18,0.4116,2023-01-01
acc_8927,Customer_8927,86269.31,0.5399,2023-01-01
acc_8928,Customer_8928,35328.88,0.3522,2023-01-01
acc_8929,Customer_8929,43240.82,0.1314,2023-01-01
acc_8930,Customer_8930,71860.78,0.8015,2023-01-01
acc_8931,Customer_8931,59465.68,0.1323,2023-01-01
acc_8932,Customer_8932,89216.38,0.3658,2023-01-01
acc_8933,Customer_8933,97571.04,0.9708,2023-01-01
acc_8934,Customer_8934,36083.53,0.6891,2023-01-01
acc_8935,Customer_8935,87878.13,0.8191,2023-01-01
acc_8936,Customer_8936,18629.53,0.571,2023-01-01
acc_8937,Customer_8937,79337.52,0.8296,2023-01-01
acc_8938,Customer_8938,5441.97,0.3789,2023-01-01
acc_8939,Customer_8939,64637.03,0.6112,2023-01-01
acc_8940,Customer_8940,10614.95,0.1016,2023-01-01
acc_8941,Customer_8941,92031.25,0.8535,2023-01-01
acc_8942,Customer_8942,25624.66,0.7121,2023-01-01
acc_8943,Customer_8943,46747.68,0.1282,2023-01-01
acc_8944,Customer_8944,92559.59,0.4557,2023-01-01
acc_8945,Customer_8945,10445.35,0.3417,2023-01-01
acc_8946,Customer_8946,97014.25,0.0219,2023-01-01
acc_8947,Customer_8947,56226.3,0.6516,2023-01-01
acc_8948,Customer_8948,58182.87,0.1797,2023-01-01
acc_8949,Customer_8949,94214.72,0.7279,2023-01-01
acc_8950,Customer_8950,12772.56,0.432,2023-01-01
acc_8951,Customer_8951,71483.11,0.6078,2023-01-01
acc_8952,Customer_8952,25689.71,0.2274,2023-01-01
acc_8953,Customer_8953,23428.8,0.9238,2023-01-01
acc_8954,Customer_8954,84638.81,0.3805,2023-01-01
acc_8955,Customer_8955,94336.5,0.861,2023-01-01
acc_8956,Customer_8956,27485.6,0.7283,2023-01-01
acc_8957,Customer_8957,32056.08,0.5208,2023-01-01
acc_8958,Customer_8958,50621.06,0.7321,2023-01-01
acc_8959,Customer_8959,43302.09,0.231,2023-01-01
acc_8960,Customer_8960,72123.27,0.3762,2023-01-01
acc_8961,Customer_8961,12371.5,0.2105,2023-01-01
acc_8962,Customer_8962,3091.97,0.0307,2023-01-01
acc_8963,Customer_8963,83274.85,0.0212,2023-01-01
acc_8964,Customer_8964,7384.13,0.127,2023-01-01
acc_8965,Customer_8965,87163.05,0.8763,2023-01-01
acc_8966,Customer_8966,14664.91,0.2988,2023-01-01
acc_8967,Customer_8967,98483.05,0.5031,2023-01-01
acc_8968,Customer_8968,39782.24,0.5764,2023-01-01
acc_8969,Customer_8969,62735.01,0.3189,2023-01-01
acc_8970,Customer_8970,63164.57,0.8,2023-01-01
acc_8971,Customer_8971,90928.23,0.133,2023-01-01
acc_8972,Customer_8972,94374.63,0.8623,2023-01-01
acc_8973,Customer_8973,85219.79,0.4298,2023-01-01
acc_8974,Customer_8974,86911.6,0.3846,2023-01-01
acc_8975,Customer_8975,70251.59,0.0615,2023-01-01
acc_8976,Customer_8976,72410.73,0.5796,2023-01-01
acc_8977,Customer_8977,27153.28,0.7768,2023-01-01
acc_8978,Customer_8978,47677.73,0.1614,2023-01-01
acc_8979,Customer_8979,59171.14,0.2228,2023-01-01
acc_8980,Customer_8980,63947.06,0.4827,2023-01-01
acc_8981,Customer_8981,97214.14,0.5961,2023-01-01
acc_8982,Customer_8982,21755.74,0.5944,2023-01-01
acc_8983,Customer_8983,88322.85,0.4506,2023-01-01
acc_8984,Customer_8984,42513.77,0.1718,2023-01-01
acc_8985,Customer_8985,88826.84,0.735,2023-01-01
acc_8986,Customer_8986,71452.54,0.5021,2023-01-01
acc_8987,Customer_8987,67290.52,0.9296,2023-01-01
acc_8988,Customer_8988,57596.32,0.9878,2023-01-01
acc_8989,Customer_8989,62068.62,0.6612,2023-01-01
acc_8990,Customer_8990,14741.47,0.812,2023-01-01
acc_8991,Customer_8991,42543.45,0.7875,2023-01-01
acc_8992,Customer_8992,43808.28,0.6132,2023-01-01
acc_8993,Customer_8993,28699.44,0.1041,2023-01-01
acc_8994,Customer_8994,33685.19,0.5632,2023-01-01
acc_8995,Customer_8995,37412.14,0.3595,2023-01-01
acc_8996,Customer_8996,34002.54,0.3895,2023-01-01
acc_8997,Customer_8997,38644.52,0.0428,2023-01-01
acc_8998,Customer_8998,24315.86,0.8444,2023-01-01
acc_8999,Customer_8999,49161.09,0.5122,2023-01-01
acc_9000,Customer_9000,14283.03,0.0096,2023-01-01
acc_9001,Customer_9001,90022.46,0.4776,2023-01-01
acc_9002,Customer_9002,28608.76,0.9391,2023-01-01
acc_9003,Customer_9003,45901.29,0.369,2023-01-01
acc_9004,Customer_9004,50707.92,0.1156,2023-01-01
acc_9005,Customer_9005,51534.05,0.9091,2023-01-01
acc_9006,Customer_9006,31024.49,0.3419,2023-01-01
acc_9007,Customer_9007,29676.35,0.3683,2023-01-01
acc_9008,Customer_9008,95857.28,0.7006,2023-01-01
acc_9009,Customer_9009,86803.97,0.3847,2023-01-01
acc_9010,Customer_9010,66334.51,0.7625,2023-01-01
acc_9011,Customer_9011,48630.75,0.772,2023-01-01
acc_9012,Customer_9012,1059.92,0.6,2023-01-01
acc_9013,Customer_9013,90412.98,0.2794,2023-01-01
acc_9014,Customer_9014,49406.94,0.7666,2023-01-01
acc_9015,Customer_9015,50763.39,0.6151,2023-01-01
acc_9016,Customer_9016,94653.29,0.8356,2023-01-01
acc_9017,Customer_9017,26831.43,0.0452,2023-01-01
acc_9018,Customer_9018,74002.06,0.0863,2023-01-01
acc_9019,Customer_9019,41917.21,0.3744,2023-01-01
acc_9020,Customer_9020,93685.85,0.4247,2023-01-01
acc_9021,Customer_9021,27837.07,0.6347,2023-01-01
acc_9022,Customer_9022,85098.04,0.0135,2023-01-01
acc_9023,Customer_9023,2403.55,0.9785,2023-01-01
acc_9024,Customer_9024,70656.05,0.1814,2023-01-01
acc_9025,Customer_9025,35781.73,0.3237,2023-01-01
acc_9026,Customer_9026,93404.25,0.7229,2023-01-01
acc_9027,Customer_9027,50392.64,0.3338,2023-01-01
acc_9028,Customer_9028,23881.37,0.6209,2023-01-01
acc_9029,Customer_9029,30543.01,0.7292,2023-01-01
acc_9030,Customer_9030,61892.21,0.9403,2023-01-01
acc_9031,Customer_9031,791.34,0.1307,2023-01-01
acc_9032,Customer_9032,90240.93,0.359,2023-01-01
acc_9033,Customer_9033,73854.21,0.3913,2023-01-01
acc_9034,Customer_9034,65402.53,0.2708,2023-01-01
acc_9035,Customer_9035,5714.5,0.8625,2023-01-01
acc_9036,Customer_9036,59352.63,0.7128,2023-01-01
acc_9037,Customer_9037,30712.89,0.767,2023-01-01
acc_9038,Customer_9038,6834.36,0.9867,2023-01-01
acc_9039,Customer_9039,99611.78,0.7591,2023-01-01
acc_9040,Customer_9040,3697.04,0.02,2023-01-01
acc_9041,Customer_9041,10162.1,0.3934,2023-01-01
acc_9042,Customer_9042,62730.83,0.4961,2023-01-01
acc_9043,Customer_9043,49379.98,0.0413,2023-01-01
acc_9044,Customer_9044,73451.53,0.6542,2023-01-01
acc_9045,Customer_9045,46821.87,0.5859,2023-01-01
acc_9046,Customer_9046,52783.13,0.7099,2023-01-01
acc_9047,Customer_9047,74469.66,0.687,2023-01-01
acc_9048,Customer_9048,38048.95,0.0487,2023-01-01
acc_9049,Customer_9049,56302.84,0.3254,2023-01-01
acc_9050,Customer_9050,2029.45,0.4309,2023-01-01
acc_9051,Customer_9051,12941.75,0.5858,2023-01-01
acc_9052,Customer_9052,45827.99,0.808,2023-01-01
acc_9053,Customer_9053,98482.66,0.4181,2023-01-01
acc_9054,Customer_9054,91127.99,0.9816,2023-01-01
acc_9055,Customer_9055,51190.68,0.3648,2023-01-01
acc_9056,Customer_9056,54032.91,0.9737,2023-01-01
acc_9057,Customer_9057,21715.37,0.34,2023-01-01
acc_9058,Customer_9058,2592.37,0.8979,2023-01-01
acc_9059,Customer_9059,48774.7,0.1485,2023-01-01
acc_9060,Customer_9060,84086.24,0.4902,2023-01-01
acc_9061,Customer_9061,99336.6,0.2572,2023-01-01
acc_9062,Customer_9062,13670.44,0.9588,2023-01-01
acc_9063,Customer_9063,57007.14,0.7866,2023-01-01
acc_9064,Customer_9064,32379.6,0.2528,2023-01-01
acc_9065,Customer_9065,98043.0,0.5551,2023-01-01
acc_9066,Customer_9066,11016.25,0.6669,2023-01-01
acc_9067,Customer_9067,72502.07,0.5148,2023-01-01
acc_9068,Customer_9068,39546.03,0.4963,2023-01-01
acc_9069,Customer_9069,14282.87,0.782,2023-01-01
acc_9070,Customer_9070,81210.98,0.6455,2023-01-01
acc_9071,Customer_9071,4611.99,0.0585,2023-01-01
acc_9072,Customer_9072,84834.8,0.9158,2023-01-01
acc_9073,Customer_9073,75310.28,0.112,2023-01-01
acc_9074,Customer_9074,76515.21,0.2329,2023-01-01
acc_9075,Customer_9075,51942.89,0.5544,2023-01-01
acc_9076,Customer_9076,39080.64,0.3432,2023-01-01
acc_9077,Customer_9077,2075.71,0.8,2023-01-01
acc_9078,Customer_9078,41286.84,0.3257,2023-01-01
acc_9079,Customer_9079,63994.73,0.9053,2023-01-01
acc_9080,Customer_9080,36327.22,0.8741,2023-01-01
acc_9081,Customer_9081,22599.13,0.2397,2023-01-01
acc_9082,Customer_9082,97344.11,0.8954,2023-01-01
acc_9083,Customer_9083,46569.64,0.5693,2023-01-01
acc_9084,Customer_9084,21725.68,0.7659,2023-01-01
acc_9085,Customer_9085,55277.1,0.3415,2023-01-01
acc_9086,Customer_9086,99849.97,0.0186,2023-01-01
acc_9087,Customer_9087,89381.8,0.7359,2023-01-01
acc_9088,Customer_9088,2265.61,0.1268,2023-01-01
acc_9089,Customer_9089,91461.28,0.9143,2023-01-01
acc_9090,Customer_9090,80719.4,0.9546,2023-01-01
acc_9091,Customer_9091,38729.34,0.8538,2023-01-01
acc_9092,Customer_9092,95963.94,0.6212,2023-01-01
acc_9093,Customer_9093,40359.35,0.9982,2023-01-01
acc_9094,Customer_9094,76339.94,0.2675,2023-01-01
acc_9095,Customer_9095,81807.53,0.9564,2023-01-01
acc_9096,Customer_9096,76998.88,0.2149,2023-01-01
acc_9097,Customer_9097,71269.55,0.4209,2023-01-01
acc_9098,Customer_9098,18594.46,0.1159,2023-01-01
acc_9099,Customer_9099,95933.39,0.5007,2023-01-01
acc_9100,Customer_9100,36031.39,0.6802,2023-01-01
acc_9101,Customer_9101,90361.82,0.2023,2023-01-01
acc_9102,Customer_9102,95025.72,0.391,2023-01-01
acc_9103,Customer_9103,96723.46,0.615,2023-01-01
acc_9104,Customer_9104,94942.75,0.4725,2023-01-01
acc_9105,Customer_9105,69675.32,0.7582,2023-01-01
acc_9106,Customer_9106,9930.64,0.9072,2023-01-01
acc_9107,Customer_9107,76749.34,0.1611,2023-01-01
acc_9108,Customer_9108,65580.15,0.7708,2023-01-01
acc_9109,Customer_9109,6568.37,0.0604,2023-01-01
acc_9110,Customer_9110,46479.37,0.3846,2023-01-01
acc_9111,Customer_9111,25499.65,0.6959,2023-01-01
acc_9112,Customer_9112,46137.22,0.2603,2023-01-01
acc_9113,Customer_9113,12263.79,0.4078,2023-01-01
acc_9114,Customer_9114,31319.39,0.1411,2023-01-01
acc_9115,Customer_9115,37085.17,0.5787,2023-01-01
acc_9116,Customer_9116,97385.53,0.6774,2023-01-01
acc_9117,Customer_9117,11440.08,0.2725,2023-01-01
acc_9118,Customer_9118,31510.69,0.6262,2023-01-01
acc_9119,Customer_9119,96689.82,0.6719,2023-01-01
acc_9120,Customer_9120,15438.97,0.7009,2023-01-01
acc_9121,Customer_9121,42618.19,0.7387,2023-01-01
acc_9122,Customer_9122,4842.61,0.3601,2023-01-01
acc_9123,Customer_9123,96441.26,0.6229,2023-01-01
acc_9124,Customer_9124,31386.83,0.2532,2023-01-01
acc_9125,Customer_9125,42963.99,0.8063,2023-01-01
acc_9126,Customer_9126,75336.66,0.2666,2023-01-01
acc_9127,Customer_9127,58072.36,0.7138,2023-01-01
acc_9128,Customer_9128,8503.78,0.6605,2023-01-01
acc_9129,Customer_9129,6311.47,0.995,2023-01-01
acc_9130,Customer_9130,67259.93,0.8133,2023-01-01
acc_9131,Customer_9131,58512.3,0.8387,2023-01-01
acc_9132,Customer_9132,79617.04,0.5525,2023-01-01
acc_9133,Customer_9133,81021.46,0.6793,2023-01-01
acc_9134,Customer_9134,23713.28,0.1416,2023-01-01
acc_9135,Customer_9135,68022.33,0.8776,2023-01-01
acc_9136,Customer_9136,14374.74,0.953,2023-01-01
acc_9137,Customer_9137,85404.59,0.9004,2023-01-01
acc_9138,Customer_9138,48124.06,0.2172,2023-01-01
acc_9139,Customer_9139,13106.69,0.3641,2023-01-01
acc_9140,Customer_9140,80738.57,0.5759,2023-01-01
acc_9141,Customer_9141,20396.79,0.846,2023-01-01
acc_9142,Customer_9142,28168.06,0.8497,2023-01-01
acc_9143,Customer_9143,16321.52,0.2947,2023-01-01
acc_9144,Customer_9144,15949.9,0.2459,2023-01-01
acc_9145,Customer_9145,49334.93,0.3751,2023-01-01
acc_9146,Customer_9146,63224.57,0.1746,2023-01-01
acc_9147,Customer_9147,3015.49,0.0819,2023-01-01
acc_9148,Customer_9148,73558.96,0.94,2023-01-01
acc_9149,Customer_9149,15819.33,0.6433,2023-01-01
acc_9150,Customer_9150,14736.04,0.9119,2023-01-01
acc_9151,Customer_9151,38834.05,0.0824,2023-01-01
acc_9152,Customer_9152,97108.97,0.5246,2023-01-01
acc_9153,Customer_9153,53495.16,0.3719,2023-01-01
acc_9154,Customer_9154,71142.91,0.777,2023-01-01
acc_9155,Customer_9155,96413.66,0.6578,2023-01-01
acc_9156,Customer_9156,19860.93,0.3442,2023-01-01
acc_9157,Customer_9157,16101.72,0.807,2023-01-01
acc_9158,Customer_9158,64257.54,0.6218,2023-01-01
acc_9159,Customer_9159,81225.7,0.5616,2023-01-01
acc_9160,Customer_9160,6978.9,0.4346,2023-01-01
acc_9161,Customer_9161,55093.96,0.2335,2023-01-01
acc_9162,Customer_9162,40088.78,0.2348,2023-01-01
acc_9163,Customer_9163,78000.81,0.2753,2023-01-01
acc_9164,Customer_9164,48535.14,0.1836,2023-01-01
acc_9165,Customer_9165,56025.63,0.7406,2023-01-01
acc_9166,Customer_9166,35688.85,0.8001,2023-01-01
acc_9167,Customer_9167,37450.01,0.2869,2023-01-01
acc_9168,Customer_9168,21094.56,0.4549,2023-01-01
acc_9169,Customer_9169,59947.33,0.0382,2023-01-01
acc_9170,Customer_9170,9491.84,0.6816,2023-01-01
acc_9171,Customer_9171,12163.42,0.3327,2023-01-01
acc_9172,Customer_9172,70842.04,0.3168,2023-01-01
acc_9173,Customer_9173,31934.68,0.7686,2023-01-01
acc_9174,Customer_9174,53316.27,0.5897,2023-01-01
acc_9175,Customer_9175,93040.45,0.9221,2023-01-01
acc_9176,Customer_9176,36440.87,0.7461,2023-01-01
acc_9177,Customer_9177,75714.62,0.1784,2023-01-01
acc_9178,Customer_9178,799.82,0.6613,2023-01-01
acc_9179,Customer_9179,90583.85,0.7979,2023-01-01
acc_9180,Customer_9180,80775.41,0.8307,2023-01-01
acc_9181,Customer_9181,61318.77,0.8514,2023-01-01
acc_9182,Customer_9182,83208.44,0.4825,2023-01-01
acc_9183,Customer_9183,13197.35,0.9801,2023-01-01
acc_9184,Customer_9184,63736.49,0.1412,2023-01-01
acc_9185,Customer_9185,96025.73,0.5234,2023-01-01
acc_9186,Customer_9186,82648.74,0.5825,2023-01-01
acc_9187,Customer_9187,70608.84,0.7599,2023-01-01
acc_9188,Customer_9188,99595.13,0.3994,2023-01-01
acc_9189,Customer_9189,50441.68,0.0465,2023-01-01
acc_9190,Customer_9190,91326.43,0.658,2023-01-01
acc_9191,Customer_9191,59181.74,0.8788,2023-01-01
acc_9192,Customer_9192,6936.59,0.2131,2023-01-01
acc_9193,Customer_9193,98737.01,0.9274,2023-01-01
acc_9194,Customer_9194,28453.56,0.8336,2023-01-01
acc_9195,Customer_9195,21509.55,0.3851,2023-01-01
acc_9196,Customer_9196,73551.55,0.6166,2023-01-01
acc_9197,Customer_9197,66488.21,0.1724,2023-01-01
acc_9198,Customer_9198,21587.83,0.3089,2023-01-01
acc_9199,Customer_9199,44020.91,0.2668,2023-01-01
acc_9200,Customer_9200,33758.94,0.9129,2023-01-01
acc_9201,Customer_9201,63858.32,0.9951,2023-01-01
acc_9202,Customer_9202,76353.16,0.9714,2023-01-01
acc_9203,Customer_9203,74393.76,0.6193,2023-01-01
acc_9204,Customer_9204,20691.97,0.3398,2023-01-01
acc_9205,Customer_9205,87079.8,0.0175,2023-01-01
acc_9206,Customer_9206,97364.79,0.8142,2023-01-01
acc_9207,Customer_9207,23893.98,0.8464,2023-01-01
acc_9208,Customer_9208,9515.83,0.4102,2023-01-01
acc_9209,Customer_9209,80183.62,0.854,2023-01-01
acc_9210,Customer_9210,6345.64,0.4255,2023-01-01
acc_9211,Customer_9211,80315.79,0.41,2023-01-01
acc_9212,Customer_9212,37419.47,0.9484,2023-01-01
acc_9213,Customer_9213,14363.06,0.2387,2023-01-01
acc_9214,Customer_9214,62305.6,0.5255,2023-01-01
acc_9215,Customer_9215,35063.95,0.1946,2023-01-01
acc_9216,Customer_9216,58459.98,0.7713,2023-01-01
acc_9217,Customer_9217,4589.6,0.1781,2023-01-01
acc_9218,Customer_9218,47783.13,0.6448,2023-01-01
acc_9219,Customer_9219,30852.61,0.7737,2023-01-01
acc_9220,Customer_9220,15387.06,0.1594,2023-01-01
acc_9221,Customer_9221,35007.96,0.4833,2023-01-01
acc_9222,Customer_9222,92433.58,0.6137,2023-01-01
acc_9223,Customer_9223,77707.84,0.7428,2023-01-01
acc_9224,Customer_9224,59447.99,0.491,2023-01-01
acc_9225,Customer_9225,46278.35,0.1299,2023-01-01
acc_9226,Customer_9226,67903.35,0.6619,2023-01-01
acc_9227,Customer_9227,85138.34,0.654,2023-01-01
acc_9228,Customer_9228,4974.32,0.157,2023-01-01
acc_9229,Customer_9229,37478.75,0.3467,2023-01-01
acc_9230,Customer_9230,14491.87,0.865,2023-01-01
acc_9231,Customer_9231,75732.16,0.9337,2023-01-01
acc_9232,Customer_9232,89084.03,0.93,2023-01-01
acc_9233,Customer_9233,34204.07,0.8258,2023-01-01
acc_9234,Customer_9234,47534.59,0.8901,2023-01-01
acc_9235,Customer_9235,80714.46,0.1234,2023-01-01
acc_9236,Customer_9236,43978.2,0.5497,2023-01-01
acc_9237,Customer_9237,51403.36,0.7269,2023-01-01
acc_9238,Customer_9238,54638.71,0.6147,2023-01-01
acc_9239,Customer_9239,76243.38,0.3884,2023-01-01
acc_9240,Customer_9240,30591.13,0.0164,2023-01-01
acc_9241,Customer_9241,75131.65,0.5427,2023-01-01
acc_9242,Customer_9242,78322.16,0.4243,2023-01-01
acc_9243,Customer_9243,47814.21,0.6936,2023-01-01
acc_9244,Customer_9244,88682.24,0.3658,2023-01-01
acc_9245,Customer_9245,78530.17,0.6528,2023-01-01
acc_9246,Customer_9246,12196.23,0.7128,2023-01-01
acc_9247,Customer_9247,82126.95,0.6635,2023-01-01
acc_9248,Customer_9248,16508.56,0.8541,2023-01-01
acc_9249,Customer_9249,54769.85,0.7812,2023-01-01
acc_9250,Customer_9250,58448.39,0.9712,2023-01-01
acc_9251,Customer_9251,19131.37,0.9415,2023-01-01
acc_9252,Customer_9252,80317.31,0.5782,2023-01-01
acc_9253,Customer_9253,96608.79,0.0258,2023-01-01
acc_9254,Customer_9254,3252.77,0.0649,2023-01-01
acc_9255,Customer_9255,4496.56,0.3374,2023-01-01
acc_9256,Customer_9256,33480.48,0.0502,2023-01-01
acc_9257,Customer_9257,65368.6,0.2883,2023-01-01
acc_9258,Customer_9258,90556.33,0.2437,2023-01-01
acc_9259,Customer_9259,60343.19,0.5181,2023-01-01
acc_9260,Customer_9260,93530.51,0.4789,2023-01-01
acc_9261,Customer_9261,94008.32,0.8634,2023-01-01
acc_9262,Customer_9262,25259.27,0.0836,2023-01-01
acc_9263,Customer_9263,66484.98,0.2215,2023-01-01
acc_9264,Customer_9264,13150.16,0.7167,2023-01-01
acc_9265,Customer_9265,9369.53,0.0739,2023-01-01
acc_9266,Customer_9266,36164.28,0.8798,2023-01-01
acc_9267,Customer_9267,50247.84,0.1816,2023-01-01
acc_9268,Customer_9268,40222.95,0.4653,2023-01-01
acc_9269,Customer_9269,39837.56,0.2278,2023-01-01
acc_9270,Customer_9270,96527.83,0.2942,2023-01-01
acc_9271,Customer_9271,95739.06,0.9643,2023-01-01
acc_9272,Customer_9272,71273.35,0.8232,2023-01-01
acc_9273,Customer_9273,98617.4,0.5511,2023-01-01
acc_9274,Customer_9274,98642.98,0.3983,2023-01-01
acc_9275,Customer_9275,34420.68,0.3092,2023-01-01
acc_9276,Customer_9276,51735.16,0.0365,2023-01-01
acc_9277,Customer_9277,78062.21,0.511,2023-01-01
acc_9278,Customer_9278,17250.08,0.1312,2023-01-01
acc_9279,Customer_9279,75098.11,0.3482,2023-01-01
acc_9280,Customer_9280,63720.78,0.7858,2023-01-01
acc_9281,Customer_9281,42877.41,0.8987,2023-01-01
acc_9282,Customer_9282,35191.94,0.5523,2023-01-01
acc_9283,Customer_9283,73459.15,0.052,2023-01-01
acc_9284,Customer_9284,66567.49,0.9366,2023-01-01
acc_9285,Customer_9285,5928.89,0.0044,2023-01-01
acc_9286,Customer_9286,5688.68,0.1058,2023-01-01
acc_9287,Customer_9287,12786.51,0.8624,2023-01-01
acc_9288,Customer_9288,80706.51,0.202,2023-01-01
acc_9289,Customer_9289,41917.77,0.7007,2023-01-01
acc_9290,Customer_9290,3161.91,0.4621,2023-01-01
acc_9291,Customer_9291,62142.94,0.2451,2023-01-01
acc_9292,Customer_9292,69817.05,0.8568,2023-01-01
acc_9293,Customer_9293,26922.32,0.3367,2023-01-01
acc_9294,Customer_9294,50756.54,0.8208,2023-01-01
acc_9295,Customer_9295,29177.82,0.9377,2023-01-01
acc_9296,Customer_9296,58024.18,0.9941,2023-01-01
acc_9297,Customer_9297,45236.49,0.5256,2023-01-01
acc_9298,Customer_9298,69143.34,0.7363,2023-01-01
acc_9299,Customer_9299,53558.35,0.5647,2023-01-01
acc_9300,Customer_9300,98181.42,0.5625,2023-01-01
acc_9301,Customer_9301,91426.18,0.3217,2023-01-01
acc_9302,Customer_9302,75887.28,0.5939,2023-01-01
acc_9303,Customer_9303,41141.98,0.0236,2023-01-01
acc_9304,Customer_9304,89174.14,0.4907,2023-01-01
acc_9305,Customer_9305,86896.55,0.8175,2023-01-01
acc_9306,Customer_9306,28975.98,0.6032,2023-01-01
acc_9307,Customer_9307,83837.37,0.6748,2023-01-01
acc_9308,Customer_9308,83247.82,0.4531,2023-01-01
acc_9309,Customer_9309,17146.99,0.0843,2023-01-01
acc_9310,Customer_9310,87052.04,0.1536,2023-01-01
acc_9311,Customer_9311,64134.7,0.3311,2023-01-01
acc_9312,Customer_9312,59604.85,0.4524,2023-01-01
acc_9313,Customer_9313,26437.37,0.2092,2023-01-01
acc_9314,Customer_9314,10399.73,0.5372,2023-01-01
acc_9315,Customer_9315,29513.43,0.7761,2023-01-01
acc_9316,Customer_9316,80943.89,0.3769,2023-01-01
acc_9317,Customer_9317,75952.5,0.7494,2023-01-01
acc_9318,Customer_9318,89153.16,0.7123,2023-01-01
acc_9319,Customer_9319,88387.92,0.1871,2023-01-01
acc_9320,Customer_9320,98607.91,0.2876,2023-01-01
acc_9321,Customer_9321,78049.3,0.7933,2023-01-01
acc_9322,Customer_9322,49031.99,0.9117,2023-01-01
acc_9323,Customer_9323,4144.94,0.3066,2023-01-01
acc_9324,Customer_9324,21815.48,0.0359,2023-01-01
acc_9325,Customer_9325,54175.69,0.1979,2023-01-01
acc_9326,Customer_9326,27576.04,0.5709,2023-01-01
acc_9327,Customer_9327,79100.37,0.1117,2023-01-01
acc_9328,Customer_9328,11900.53,0.8779,2023-01-01
acc_9329,Customer_9329,3190.61,0.5183,2023-01-01
acc_9330,Customer_9330,61808.26,0.0733,2023-01-01
acc_9331,Customer_9331,40646.39,0.8872,2023-01-01
acc_9332,Customer_9332,74436.51,0.7424,2023-01-01
acc_9333,Customer_9333,61041.43,0.7017,2023-01-01
acc_9334,Customer_9334,52810.0,0.2087,2023-01-01
acc_9335,Customer_9335,94193.22,0.7625,2023-01-01
acc_9336,Customer_9336,73566.0,0.0638,2023-01-01
acc_9337,Customer_9337,22448.79,0.6163,2023-01-01
acc_9338,Customer_9338,69246.31,0.4472,2023-01-01
acc_9339,Customer_9339,56964.07,0.1083,2023-01-01
acc_9340,Customer_9340,90056.78,0.364,2023-01-01
acc_9341,Customer_9341,52416.72,0.059,2023-01-01
acc_9342,Customer_9342,39126.59,0.5731,2023-01-01
acc_9343,Customer_9343,17444.34,0.7905,2023-01-01
acc_9344,Customer_9344,77427.62,0.9667,2023-01-01
acc_9345,Customer_9345,57916.98,0.1879,2023-01-01
acc_9346,Customer_9346,38931.41,0.7662,2023-01-01
acc_9347,Customer_9347,40719.09,0.4419,2023-01-01
acc_9348,Customer_9348,64266.1,0.4325,2023-01-01
acc_9349,Customer_9349,39759.24,0.5917,2023-01-01
acc_9350,Customer_9350,53580.79,0.2179,2023-01-01
acc_9351,Customer_9351,96971.79,0.0993,2023-01-01
acc_9352,Customer_9352,93119.95,0.8822,2023-01-01
acc_9353,Customer_9353,41175.61,0.6426,2023-01-01
acc_9354,Customer_9354,3296.73,0.5765,2023-01-01
acc_9355,Customer_9355,19842.47,0.7344,2023-01-01
acc_9356,Customer_9356,52053.61,0.4609,2023-01-01
acc_9357,Customer_9357,39269.39,0.8707,2023-01-01
acc_9358,Customer_9358,79593.06,0.7467,2023-01-01
acc_9359,Customer_9359,67784.93,0.5179,2023-01-01
acc_9360,Customer_9360,55127.4,0.2801,2023-01-01
acc_9361,Customer_9361,18436.25,0.4973,2023-01-01
acc_9362,Customer_9362,78670.39,0.6521,2023-01-01
acc_9363,Customer_9363,21249.04,0.578,2023-01-01
acc_9364,Customer_9364,532.11,0.7931,2023-01-01
acc_9365,Customer_9365,21513.12,0.4838,2023-01-01
acc_9366,Customer_9366,53024.22,0.7866,2023-01-01
acc_9367,Customer_9367,4708.32,0.1433,2023-01-01
acc_9368,Customer_9368,66418.8,0.2076,2023-01-01
acc_9369,Customer_9369,88048.65,0.7866,2023-01-01
acc_9370,Customer_9370,92634.99,0.8884,2023-01-01
acc_9371,Customer_9371,49355.54,0.9431,2023-01-01
acc_9372,Customer_9372,32947.01,0.7958,2023-01-01
acc_9373,Customer_9373,72376.65,0.2909,2023-01-01
acc_9374,Customer_9374,97564.0,0.1413,2023-01-01
acc_9375,Customer_9375,70133.59,0.2533,2023-01-01
acc_9376,Customer_9376,16342.58,0.6842,2023-01-01
acc_9377,Customer_9377,82406.0,0.577,2023-01-01
acc_9378,Customer_9378,44592.22,0.8029,2023-01-01
acc_9379,Customer_9379,98764.55,0.7954,2023-01-01
acc_9380,Customer_9380,57806.74,0.5781,2023-01-01
acc_9381,Customer_9381,15430.6,0.3778,2023-01-01
acc_9382,Customer_9382,30752.09,0.9127,2023-01-01
acc_9383,Customer_9383,56096.91,0.266,2023-01-01
acc_9384,Customer_9384,78605.96,0.6646,2023-01-01
acc_9385,Customer_9385,28549.95,0.1494,2023-01-01
acc_9386,Customer_9386,59175.98,0.0914,2023-01-01
acc_9387,Customer_9387,37311.81,0.3219,2023-01-01
acc_9388,Customer_9388,29375.75,0.7167,2023-01-01
acc_9389,Customer_9389,20287.56,0.4552,2023-01-01
acc_9390,Customer_9390,2948.48,0.0293,2023-01-01
acc_9391,Customer_9391,79733.71,0.0609,2023-01-01
acc_9392,Customer_9392,46129.01,0.9768,2023-01-01
acc_9393,Customer_9393,96546.39,0.9986,2023-01-01
acc_9394,Customer_9394,16568.32,0.6022,2023-01-01
acc_9395,Customer_9395,68441.07,0.5525,2023-01-01
acc_9396,Customer_9396,7836.33,0.5951,2023-01-01
acc_9397,Customer_9397,47230.03,0.9908,2023-01-01
acc_9398,Customer_9398,68118.87,0.9644,2023-01-01
acc_9399,Customer_9399,68808.38,0.5187,2023-01-01
acc_9400,Customer_9400,87636.84,0.7532,2023-01-01
acc_9401,Customer_9401,98031.62,0.5071,2023-01-01
acc_9402,Customer_9402,68900.77,0.8965,2023-01-01
acc_9403,Customer_9403,82937.54,0.3465,2023-01-01
acc_9404,Customer_9404,86380.95,0.1046,2023-01-01
acc_9405,Customer_9405,854.73,0.0083,2023-01-01
acc_9406,Customer_9406,91158.11,0.9317,2023-01-01
acc_9407,Customer_9407,63760.99,0.7456,2023-01-01
acc_9408,Customer_9408,52666.06,0.494,2023-01-01
acc_9409,Customer_9409,71498.94,0.3718,2023-01-01
acc_9410,Customer_9410,2445.82,0.7951,2023-01-01
acc_9411,Customer_9411,71760.5,0.6881,2023-01-01
acc_9412,Customer_9412,28847.12,0.9781,2023-01-01
acc_9413,Customer_9413,88573.33,0.7319,2023-01-01
acc_9414,Customer_9414,1983.2,0.9049,2023-01-01
acc_9415,Customer_9415,50578.9,0.685,2023-01-01
acc_9416,Customer_9416,89676.15,0.5346,2023-01-01
acc_9417,Customer_9417,6799.66,0.2522,2023-01-01
acc_9418,Customer_9418,37786.24,0.7176,2023-01-01
acc_9419,Customer_9419,15587.53,0.1866,2023-01-01
acc_9420,Customer_9420,56925.55,0.8147,2023-01-01
acc_9421,Customer_9421,52728.13,0.1761,2023-01-01
acc_9422,Customer_9422,79471.52,0.3667,2023-01-01
acc_9423,Customer_9423,63571.18,0.5122,2023-01-01
acc_9424,Customer_9424,32227.03,0.2844,2023-01-01
acc_9425,Customer_9425,70048.42,0.4001,2023-01-01
acc_9426,Customer_9426,62474.32,0.2547,2023-01-01
acc_9427,Customer_9427,91153.15,0.9725,2023-01-01
acc_9428,Customer_9428,75426.39,0.525,2023-01-01
acc_9429,Customer_9429,29848.26,0.263,2023-01-01
acc_9430,Customer_9430,96634.3,0.9302,2023-01-01
acc_9431,Customer_9431,69352.49,0.8607,2023-01-01
acc_9432,Customer_9432,35843.61,0.5821,2023-01-01
acc_9433,Customer_9433,47708.57,0.7393,2023-01-01
acc_9434,Customer_9434,96443.69,0.5113,2023-01-01
acc_9435,Customer_9435,60144.99,0.7981,2023-01-01
acc_9436,Customer_9436,53155.53,0.3856,2023-01-01
acc_9437,Customer_9437,77232.68,0.745,2023-01-01
acc_9438,Customer_9438,13819.51,0.4178,2023-01-01
acc_9439,Customer_9439,74260.71,0.7263,2023-01-01
acc_9440,Customer_9440,99580.01,0.0462,2023-01-01
acc_9441,Customer_9441,73040.27,0.189,2023-01-01
acc_9442,Customer_9442,5309.75,0.2885,2023-01-01
acc_9443,Customer_9443,74109.68,0.9047,2023-01-01
acc_9444,Customer_9444,45569.51,0.0161,2023-01-01
acc_9445,Customer_9445,7474.37,0.9407,2023-01-01
acc_9446,Customer_9446,84870.59,0.5256,2023-01-01
acc_9447,Customer_9447,19978.85,0.9075,2023-01-01
acc_9448,Customer_9448,26180.6,0.5752,2023-01-01
acc_9449,Customer_9449,72628.35,0.7973,2023-01-01
acc_9450,Customer_9450,1272.68,0.5605,2023-01-01
acc_9451,Customer_9451,28392.51,0.5853,2023-01-01
acc_9452,Customer_9452,48843.19,0.0422,2023-01-01
acc_9453,Customer_9453,99692.1,0.773,2023-01-01
acc_9454,Customer_9454,68105.7,0.9228,2023-01-01
acc_9455,Customer_9455,59283.21,0.1753,2023-01-01
acc_9456,Customer_9456,97006.52,0.0523,2023-01-01
acc_9457,Customer_9457,5640.61,0.641,2023-01-01
acc_9458,Customer_9458,33245.49,0.5503,2023-01-01
acc_9459,Customer_9459,33217.36,0.392,2023-01-01
acc_9460,Customer_9460,70620.38,0.6206,2023-01-01
acc_9461,Customer_9461,93767.97,0.3364,2023-01-01
acc_9462,Customer_9462,41917.02,0.9541,2023-01-01
acc_9463,Customer_9463,90637.38,0.1122,2023-01-01
acc_9464,Customer_9464,79317.46,0.7884,2023-01-01
acc_9465,Customer_9465,25785.23,0.7093,2023-01-01
acc_9466,Customer_9466,99725.45,0.2102,2023-01-01
acc_9467,Customer_9467,76877.85,0.9618,2023-01-01
acc_9468,Customer_9468,20684.81,0.5137,2023-01-01
acc_9469,Customer_9469,98403.32,0.5004,2023-01-01
acc_9470,Customer_9470,62230.65,0.6838,2023-01-01
acc_9471,Customer_9471,42414.75,0.7998,2023-01-01
acc_9472,Customer_9472,20161.43,0.1145,2023-01-01
acc_9473,Customer_9473,73166.4,0.5423,2023-01-01
acc_9474,Customer_9474,38982.94,0.3995,2023-01-01
acc_9475,Customer_9475,41773.53,0.3586,2023-01-01
acc_9476,Customer_9476,96019.48,0.5278,2023-01-01
acc_9477,Customer_9477,71673.08,0.2921,2023-01-01
acc_9478,Customer_9478,14719.34,0.3944,2023-01-01
acc_9479,Customer_9479,73002.62,0.7115,2023-01-01
acc_9480,Customer_9480,61190.83,0.2292,2023-01-01
acc_9481,Customer_9481,73022.44,0.0537,2023-01-01
acc_9482,Customer_9482,26370.13,0.2936,2023-01-01
acc_9483,Customer_9483,7977.32,0.6393,2023-01-01
acc_9484,Customer_9484,59294.93,0.3181,2023-01-01
acc_9485,Customer_9485,86142.85,0.9247,2023-01-01
acc_9486,Customer_9486,23993.31,0.5456,2023-01-01
acc_9487,Customer_9487,90478.42,0.2176,2023-01-01
acc_9488,Customer_9488,9973.21,0.666,2023-01-01
acc_9489,Customer_9489,80868.88,0.1029,2023-01-01
acc_9490,Customer_9490,68581.82,0.7251,2023-01-01
acc_9491,Customer_9491,23085.01,0.2942,2023-01-01
acc_9492,Customer_9492,66803.46,0.3259,2023-01-01
acc_9493,Customer_9493,3195.34,0.121,2023-01-01
acc_9494,Customer_9494,10517.14,0.7833,2023-01-01
acc_9495,Customer_9495,54871.45,0.1959,2023-01-01
acc_9496,Customer_9496,29351.63,0.5829,2023-01-01
acc_9497,Customer_9497,16844.71,0.4987,2023-01-01
acc_9498,Customer_9498,67571.86,0.6098,2023-01-01
acc_9499,Customer_9499,58844.73,0.2222,2023-01-01
acc_9500,Customer_9500,81456.08,0.2696,2023-01-01
acc_9501,Customer_9501,84828.29,0.2136,2023-01-01
acc_9502,Customer_9502,74184.11,0.2276,2023-01-01
acc_9503,Customer_9503,89544.63,0.8849,2023-01-01
acc_9504,Customer_9504,77972.73,0.6651,2023-01-01
acc_9505,Customer_9505,72005.44,0.0958,2023-01-01
acc_9506,Customer_9506,30952.26,0.7427,2023-01-01
acc_9507,Customer_9507,50310.11,0.5992,2023-01-01
acc_9508,Customer_9508,17809.75,0.0512,2023-01-01
acc_9509,Customer_9509,73085.38,0.6073,2023-01-01
acc_9510,Customer_9510,1282.52,0.1155,2023-01-01
acc_9511,Customer_9511,50764.76,0.6677,2023-01-01
acc_9512,Customer_9512,81293.69,0.1826,2023-01-01
acc_9513,Customer_9513,97339.38,0.9136,2023-01-01
acc_9514,Customer_9514,1036.33,0.3959,2023-01-01
acc_9515,Customer_9515,85868.3,0.0302,2023-01-01
acc_9516,Customer_9516,78231.82,0.5999,2023-01-01
acc_9517,Customer_9517,82696.17,0.8703,2023-01-01
acc_9518,Customer_9518,64709.62,0.83,2023-01-01
acc_9519,Customer_9519,59379.0,0.0564,2023-01-01
acc_9520,Customer_9520,51810.76,0.6864,2023-01-01
acc_9521,Customer_9521,84353.79,0.1841,2023-01-01
acc_9522,Customer_9522,66358.88,0.0371,2023-01-01
acc_9523,Customer_9523,86185.96,0.2774,2023-01-01
acc_9524,Customer_9524,56839.89,0.7852,2023-01-01
acc_9525,Customer_9525,77316.35,0.1298,2023-01-01
acc_9526,Customer_9526,75250.57,0.1608,2023-01-01
acc_9527,Customer_9527,91936.96,0.5364,2023-01-01
acc_9528,Customer_9528,41103.05,0.3851,2023-01-01
acc_9529,Customer_9529,27948.63,0.1021,2023-01-01
acc_9530,Customer_9530,15305.73,0.8248,2023-01-01
acc_9531,Customer_9531,54583.33,0.5123,2023-01-01
acc_9532,Customer_9532,16094.62,0.8619,2023-01-01
acc_9533,Customer_9533,93639.22,0.6485,2023-01-01
acc_9534,Customer_9534,19794.05,0.6561,2023-01-01
acc_9535,Customer_9535,98737.64,0.6267,2023-01-01
acc_9536,Customer_9536,60083.62,0.5146,2023-01-01
acc_9537,Customer_9537,35268.7,0.9803,2023-01-01
acc_9538,Customer_9538,94507.28,0.0257,2023-01-01
acc_9539,Customer_9539,45316.06,0.2115,2023-01-01
acc_9540,Customer_9540,70756.54,0.1388,2023-01-01
acc_9541,Customer_9541,55014.89,0.6934,2023-01-01
acc_9542,Customer_9542,58413.85,0.3022,2023-01-01
acc_9543,Customer_9543,52258.09,0.6696,2023-01-01
acc_9544,Customer_9544,80415.41,0.3392,2023-01-01
acc_9545,Customer_9545,56269.69,0.3649,2023-01-01
acc_9546,Customer_9546,10541.36,0.5625,2023-01-01
acc_9547,Customer_9547,21464.92,0.3158,2023-01-01
acc_9548,Customer_9548,49707.94,0.9124,2023-01-01
acc_9549,Customer_9549,95376.55,0.9535,2023-01-01
acc_9550,Customer_9550,27657.79,0.4592,2023-01-01
acc_9551,Customer_9551,9351.96,0.1659,2023-01-01
acc_9552,Customer_9552,99215.54,0.4952,2023-01-01
acc_9553,Customer_9553,37619.71,0.5906,2023-01-01
acc_9554,Customer_9554,75203.29,0.9228,2023-01-01
acc_9555,Customer_9555,72770.57,0.1715,2023-01-01
acc_9556,Customer_9556,43871.38,0.7587,2023-01-01
acc_9557,Customer_9557,8203.11,0.0556,2023-01-01
acc_9558,Customer_9558,80740.8,0.3642,2023-01-01
acc_9559,Customer_9559,86480.82,0.0547,2023-01-01
acc_9560,Customer_9560,93863.5,0.6081,2023-01-01
acc_9561,Customer_9561,24032.79,0.9801,2023-01-01
acc_9562,Customer_9562,33031.9,0.4404,2023-01-01
acc_9563,Customer_9563,38819.82,0.6855,2023-01-01
acc_9564,Customer_9564,73018.27,0.6994,2023-01-01
acc_9565,Customer_9565,31931.6,0.0717,2023-01-01
acc_9566,Customer_9566,5210.25,0.8859,2023-01-01
acc_9567,Customer_9567,641.17,0.3753,2023-01-01
acc_9568,Customer_9568,78826.13,0.2453,2023-01-01
acc_9569,Customer_9569,4123.14,0.2228,2023-01-01
acc_9570,Customer_9570,3786.63,0.278,2023-01-01
acc_9571,Customer_9571,27540.39,0.4947,2023-01-01
acc_9572,Customer_9572,26675.15,0.2346,2023-01-01
acc_9573,Customer_9573,96575.27,0.6479,2023-01-01
acc_9574,Customer_9574,22888.88,0.5063,2023-01-01
acc_9575,Customer_9575,66534.69,0.8569,2023-01-01
acc_9576,Customer_9576,994.43,0.6258,2023-01-01
acc_9577,Customer_9577,20452.09,0.2439,2023-01-01
acc_9578,Customer_9578,70146.05,0.1264,2023-01-01
acc_9579,Customer_9579,92660.21,0.7169,2023-01-01
acc_9580,Customer_9580,28028.85,0.2125,2023-01-01
acc_9581,Customer_9581,70071.38,0.5641,2023-01-01
acc_9582,Customer_9582,20066.83,0.116,2023-01-01
acc_9583,Customer_9583,81104.24,0.3668,2023-01-01
acc_9584,Customer_9584,78164.82,0.4983,2023-01-01
acc_9585,Customer_9585,92387.05,0.2243,2023-01-01
acc_9586,Customer_9586,67813.43,0.5221,2023-01-01
acc_9587,Customer_9587,19772.29,0.9258,2023-01-01
acc_9588,Customer_9588,17003.53,0.9458,2023-01-01
acc_9589,Customer_9589,97435.86,0.0552,2023-01-01
acc_9590,Customer_9590,77570.59,0.5419,2023-01-01
acc_9591,Customer_9591,21881.1,0.727,2023-01-01
acc_9592,Customer_9592,58814.65,0.3701,2023-01-01
acc_9593,Customer_9593,60498.9,0.9495,2023-01-01
acc_9594,Customer_9594,75893.08,0.4239,2023-01-01
acc_9595,Customer_9595,57082.36,0.6057,2023-01-01
acc_9596,Customer_9596,78378.02,0.8395,2023-01-01
acc_9597,Customer_9597,26599.71,0.706,2023-01-01
acc_9598,Customer_9598,46268.72,0.7099,2023-01-01
acc_9599,Customer_9599,89708.85,0.0511,2023-01-01
acc_9600,Customer_9600,165.94,0.47,2023-01-01
acc_9601,Customer_9601,8742.07,0.3779,2023-01-01
acc_9602,Customer_9602,38501.41,0.2269,2023-01-01
acc_9603,Customer_9603,3101.15,0.0988,2023-01-01
acc_9604,Customer_9604,44224.95,0.3413,2023-01-01
acc_9605,Customer_9605,592.75,0.5954,2023-01-01
acc_9606,Customer_9606,82155.47,0.4533,2023-01-01
acc_9607,Customer_9607,99727.47,0.7151,2023-01-01
acc_9608,Customer_9608,51488.55,0.8363,2023-01-01
acc_9609,Customer_9609,57818.91,0.3324,2023-01-01
acc_9610,Customer_9610,63671.22,0.5397,2023-01-01
acc_9611,Customer_9611,54070.97,0.2421,2023-01-01
acc_9612,Customer_9612,75530.83,0.7385,2023-01-01
acc_9613,Customer_9613,35579.51,0.3363,2023-01-01
acc_9614,Customer_9614,85306.47,0.1991,2023-01-01
acc_9615,Customer_9615,39581.62,0.387,2023-01-01
acc_9616,Customer_9616,57033.74,0.1067,2023-01-01
acc_9617,Customer_9617,91162.19,0.3942,2023-01-01
acc_9618,Customer_9618,66052.26,0.8774,2023-01-01
acc_9619,Customer_9619,84729.95,0.0756,2023-01-01
acc_9620,Customer_9620,70560.53,0.8463,2023-01-01
acc_9621,Customer_9621,34076.79,0.2041,2023-01-01
acc_9622,Customer_9622,96666.31,0.2986,2023-01-01
acc_9623,Customer_9623,97001.42,0.5071,2023-01-01
acc_9624,Customer_9624,32241.77,0.4548,2023-01-01
acc_9625,Customer_9625,64948.26,0.3387,2023-01-01
acc_9626,Customer_9626,1147.12,0.9608,2023-01-01
acc_9627,Customer_9627,39587.86,0.3992,2023-01-01
acc_9628,Customer_9628,49556.23,0.3881,2023-01-01
acc_9629,Customer_9629,78181.06,0.4699,2023-01-01
acc_9630,Customer_9630,59357.72,0.6279,2023-01-01
acc_9631,Customer_9631,15326.7,0.7836,2023-01-01
acc_9632,Customer_9632,84187.06,0.1659,2023-01-01
acc_9633,Customer_9633,43402.62,0.7084,2023-01-01
acc_9634,Customer_9634,99973.36,0.6345,2023-01-01
acc_9635,Customer_9635,89782.75,0.7549,2023-01-01
acc_9636,Customer_9636,33595.48,0.2913,2023-01-01
acc_9637,Customer_9637,26183.92,0.791,2023-01-01
acc_9638,Customer_9638,46334.65,0.0047,2023-01-01
acc_9639,Customer_9639,77245.51,0.0062,2023-01-01
acc_9640,Customer_9640,54721.9,0.591,2023-01-01
acc_9641,Customer_9641,65120.19,0.126,2023-01-01
acc_9642,Customer_9642,16560.96,0.2082,2023-01-01
acc_9643,Customer_9643,9084.1,0.7225,2023-01-01
acc_9644,Customer_9644,75359.78,0.4592,2023-01-01
acc_9645,Customer_9645,10255.98,0.2347,2023-01-01
acc_9646,Customer_9646,36961.73,0.8162,2023-01-01
acc_9647,Customer_9647,38698.83,0.0279,2023-01-01
acc_9648,Customer_9648,67075.66,0.1476,2023-01-01
acc_9649,Customer_9649,5436.5,0.7791,2023-01-01
acc_9650,Customer_9650,1662.44,0.7933,2023-01-01
acc_9651,Customer_9651,84536.93,0.3576,2023-01-01
acc_9652,Customer_9652,2187.13,0.2117,2023-01-01
acc_9653,Customer_9653,83856.8,0.4017,2023-01-01
acc_9654,Customer_9654,33916.1,0.1017,2023-01-01
acc_9655,Customer_9655,59424.41,0.2377,2023-01-01
acc_9656,Customer_9656,57317.15,0.2584,2023-01-01
acc_9657,Customer_9657,1179.07,0.6793,2023-01-01
acc_9658,Customer_9658,35466.76,0.8826,2023-01-01
acc_9659,Customer_9659,93213.64,0.6924,2023-01-01
acc_9660,Customer_9660,25933.09,0.847,2023-01-01
acc_9661,Customer_9661,40087.88,0.4451,2023-01-01
acc_9662,Customer_9662,45605.1,0.916,2023-01-01
acc_9663,Customer_9663,43041.02,0.0409,2023-01-01
acc_9664,Customer_9664,88710.42,0.351,2023-01-01
acc_9665,Customer_9665,29417.7,0.4276,2023-01-01
acc_9666,Customer_9666,54928.25,0.0417,2023-01-01
acc_9667,Customer_9667,11052.23,0.3503,2023-01-01
acc_9668,Customer_9668,83544.0,0.3542,2023-01-01
acc_9669,Customer_9669,73291.34,0.3819,2023-01-01
acc_9670,Customer_9670,38250.59,0.3872,2023-01-01
acc_9671,Customer_9671,63867.14,0.8887,2023-01-01
acc_9672,Customer_9672,97019.53,0.4608,2023-01-01
acc_9673,Customer_9673,71947.82,0.9376,2023-01-01
acc_9674,Customer_9674,99355.94,0.2345,2023-01-01
acc_9675,Customer_9675,47044.32,0.7672,2023-01-01
acc_9676,Customer_9676,42649.49,0.6934,2023-01-01
acc_9677,Customer_9677,32870.64,0.8567,2023-01-01
acc_9678,Customer_9678,70500.49,0.1322,2023-01-01
acc_9679,Customer_9679,64257.28,0.2783,2023-01-01
acc_9680,Customer_9680,32525.73,0.7591,2023-01-01
acc_9681,Customer_9681,3118.73,0.5945,2023-01-01
acc_9682,Customer_9682,39231.08,0.944,2023-01-01
acc_9683,Customer_9683,43743.67,0.867,2023-01-01
acc_9684,Customer_9684,28730.28,0.4973,2023-01-01
acc_9685,Customer_9685,52373.97,0.1495,2023-01-01
acc_9686,Customer_9686,90836.26,0.7775,2023-01-01
acc_9687,Customer_9687,9728.15,0.5492,2023-01-01
acc_9688,Customer_9688,66677.91,0.7588,2023-01-01
acc_9689,Customer_9689,22438.35,0.9433,2023-01-01
acc_9690,Customer_9690,61563.67,0.3333,2023-01-01
acc_9691,Customer_9691,49559.18,0.7655,2023-01-01
acc_9692,Customer_9692,77202.08,0.3741,2023-01-01
acc_9693,Customer_9693,17042.77,0.0504,2023-01-01
acc_9694,Customer_9694,76435.89,0.7624,2023-01-01
acc_9695,Customer_9695,62854.43,0.9086,2023-01-01
acc_9696,Customer_9696,35575.1,0.506,2023-01-01
acc_9697,Customer_9697,70592.42,0.2252,2023-01-01
acc_9698,Customer_9698,97356.86,0.1465,2023-01-01
acc_9699,Customer_9699,60065.01,0.9317,2023-01-01
acc_9700,Customer_9700,24444.4,0.4933,2023-01-01
acc_9701,Customer_9701,74754.81,0.713,2023-01-01
acc_9702,Customer_9702,7123.49,0.3633,2023-01-01
acc_9703,Customer_9703,54023.31,0.5813,2023-01-01
acc_9704,Customer_9704,79035.07,0.6079,2023-01-01
acc_9705,Customer_9705,73759.8,0.649,2023-01-01
acc_9706,Customer_9706,26671.1,0.0574,2023-01-01
acc_9707,Customer_9707,53722.01,0.6016,2023-01-01
acc_9708,Customer_9708,71851.18,0.4205,2023-01-01
acc_9709,Customer_9709,19604.85,0.5324,2023-01-01
acc_9710,Customer_9710,73971.32,0.4907,2023-01-01
acc_9711,Customer_9711,90097.57,0.1061,2023-01-01
acc_9712,Customer_9712,26326.37,0.013,2023-01-01
acc_9713,Customer_9713,80031.4,0.4746,2023-01-01
acc_9714,Customer_9714,30010.64,0.8814,2023-01-01
acc_9715,Customer_9715,85829.49,0.6355,2023-01-01
acc_9716,Customer_9716,92238.45,0.4209,2023-01-01
acc_9717,Customer_9717,58375.48,0.4148,2023-01-01
acc_9718,Customer_9718,92087.32,0.7305,2023-01-01
acc_9719,Customer_9719,53783.27,0.0947,2023-01-01
acc_9720,Customer_9720,89648.9,0.5113,2023-01-01
acc_9721,Customer_9721,33677.77,0.7037,2023-01-01
acc_9722,Customer_9722,51003.79,0.455,2023-01-01
acc_9723,Customer_9723,71566.73,0.0341,2023-01-01
acc_9724,Customer_9724,68000.34,0.5114,2023-01-01
acc_9725,Customer_9725,74889.91,0.9396,2023-01-01
acc_9726,Customer_9726,83135.23,0.013,2023-01-01
acc_9727,Customer_9727,45177.42,0.3523,2023-01-01
acc_9728,Customer_9728,31549.32,0.9364,2023-01-01
acc_9729,Customer_9729,74786.9,0.5869,2023-01-01
acc_9730,Customer_9730,3947.89,0.1153,2023-01-01
acc_9731,Customer_9731,43090.06,0.8992,2023-01-01
acc_9732,Customer_9732,88336.06,0.47,2023-01-01
acc_9733,Customer_9733,16370.85,0.4925,2023-01-01
acc_9734,Customer_9734,74413.2,0.0405,2023-01-01
acc_9735,Customer_9735,43995.01,0.7756,2023-01-01
acc_9736,Customer_9736,65469.79,0.9477,2023-01-01
acc_9737,Customer_9737,41923.56,0.7132,2023-01-01
acc_9738,Customer_9738,72690.46,0.1488,2023-01-01
acc_9739,Customer_9739,37663.26,0.5541,2023-01-01
acc_9740,Customer_9740,58630.35,0.0008,2023-01-01
acc_9741,Customer_9741,65382.34,0.5387,2023-01-01
acc_9742,Customer_9742,97598.3,0.327,2023-01-01
acc_9743,Customer_9743,30890.44,0.5239,2023-01-01
acc_9744,Customer_9744,47469.48,0.1604,2023-01-01
acc_9745,Customer_9745,48756.05,0.1049,2023-01-01
acc_9746,Customer_9746,52603.75,0.5821,2023-01-01
acc_9747,Customer_9747,77592.02,0.4167,2023-01-01
acc_9748,Customer_9748,90637.86,0.1909,2023-01-01
acc_9749,Customer_9749,74361.87,0.5676,2023-01-01
acc_9750,Customer_9750,25107.81,0.0173,2023-01-01
acc_9751,Customer_9751,16597.16,0.0744,2023-01-01
acc_9752,Customer_9752,49000.53,0.6767,2023-01-01
acc_9753,Customer_9753,49363.83,0.6506,2023-01-01
acc_9754,Customer_9754,70700.59,0.687,2023-01-01
acc_9755,Customer_9755,2863.17,0.7755,2023-01-01
acc_9756,Customer_9756,84425.15,0.1282,2023-01-01
acc_9757,Customer_9757,17715.25,0.6531,2023-01-01
acc_9758,Customer_9758,14053.7,0.0409,2023-01-01
acc_9759,Customer_9759,92608.77,0.6363,2023-01-01
acc_9760,Customer_9760,26859.55,0.6487,2023-01-01
acc_9761,Customer_9761,39868.64,0.3856,2023-01-01
acc_9762,Customer_9762,10961.83,0.9352,2023-01-01
acc_9763,Customer_9763,43941.72,0.7016,2023-01-01
acc_9764,Customer_9764,92076.82,0.6474,2023-01-01
acc_9765,Customer_9765,70625.0,0.6489,2023-01-01
acc_9766,Customer_9766,9342.37,0.3273,2023-01-01
acc_9767,Customer_9767,88784.43,0.3174,2023-01-01
acc_9768,Customer_9768,25352.53,0.3726,2023-01-01
acc_9769,Customer_9769,9316.97,0.417,2023-01-01
acc_9770,Customer_9770,85024.19,0.6038,2023-01-01
acc_9771,Customer_9771,52499.15,0.4984,2023-01-01
acc_9772,Customer_9772,60346.27,0.3076,2023-01-01
acc_9773,Customer_9773,80713.7,0.6014,2023-01-01
acc_9774,Customer_9774,54296.06,0.2115,2023-01-01
acc_9775,Customer_9775,75973.9,0.9194,2023-01-01
acc_9776,Customer_9776,38465.13,0.2763,2023-01-01
acc_9777,Customer_9777,74799.29,0.1402,2023-01-01
acc_9778,Customer_9778,13200.49,0.918,2023-01-01
acc_9779,Customer_9779,10260.94,0.0699,2023-01-01
acc_9780,Customer_9780,92552.74,0.9835,2023-01-01
acc_9781,Customer_9781,35035.3,0.7029,2023-01-01
acc_9782,Customer_9782,56312.1,0.2111,2023-01-01
acc_9783,Customer_9783,54821.38,0.4092,2023-01-01
acc_9784,Customer_9784,3476.64,0.3339,2023-01-01
acc_9785,Customer_9785,98987.12,0.2602,2023-01-01
acc_9786,Customer_9786,22288.71,0.077,2023-01-01
acc_9787,Customer_9787,81660.81,0.5071,2023-01-01
acc_9788,Customer_9788,79959.42,0.662,2023-01-01
acc_9789,Customer_9789,11016.84,0.5198,2023-01-01
acc_9790,Customer_9790,8673.75,0.1776,2023-01-01
acc_9791,Customer_9791,88820.24,0.9179,2023-01-01
acc_9792,Customer_9792,58945.65,0.4093,2023-01-01
acc_9793,Customer_9793,45510.11,0.8826,2023-01-01
acc_9794,Customer_9794,17429.47,0.9899,2023-01-01
acc_9795,Customer_9795,42915.24,0.4765,2023-01-01
acc_9796,Customer_9796,27236.0,0.0454,2023-01-01
acc_9797,Customer_9797,62716.35,0.7642,2023-01-01
acc_9798,Customer_9798,10488.56,0.3131,2023-01-01
acc_9799,Customer_9799,25607.3,0.1395,2023-01-01
acc_9800,Customer_9800,73079.7,0.6245,2023-01-01
acc_9801,Customer_9801,6695.75,0.1284,2023-01-01
acc_9802,Customer_9802,39363.58,0.6027,2023-01-01
acc_9803,Customer_9803,62922.55,0.6752,2023-01-01
acc_9804,Customer_9804,88081.39,0.846,2023-01-01
acc_9805,Customer_9805,92608.01,0.6528,2023-01-01
acc_9806,Customer_9806,84182.78,0.4693,2023-01-01
acc_9807,Customer_9807,30616.05,0.4443,2023-01-01
acc_9808,Customer_9808,7050.2,0.1738,2023-01-01
acc_9809,Customer_9809,43137.17,0.0516,2023-01-01
acc_9810,Customer_9810,28061.0,0.6539,2023-01-01
acc_9811,Customer_9811,88851.92,0.6757,2023-01-01
acc_9812,Customer_9812,25671.5,0.4064,2023-01-01
acc_9813,Customer_9813,73212.55,0.1575,2023-01-01
acc_9814,Customer_9814,99392.76,0.2629,2023-01-01
acc_9815,Customer_9815,89647.46,0.9732,2023-01-01
acc_9816,Customer_9816,53399.85,0.7633,2023-01-01
acc_9817,Customer_9817,18968.57,0.551,2023-01-01
acc_9818,Customer_9818,46085.8,0.7651,2023-01-01
acc_9819,Customer_9819,62936.5,0.7534,2023-01-01
acc_9820,Customer_9820,31857.85,0.3927,2023-01-01
acc_9821,Customer_9821,33021.26,0.7039,2023-01-01
acc_9822,Customer_9822,23372.8,0.9841,2023-01-01
acc_9823,Customer_9823,76600.61,0.7554,2023-01-01
acc_9824,Customer_9824,12434.23,0.5866,2023-01-01
acc_9825,Customer_9825,51089.95,0.326,2023-01-01
acc_9826,Customer_9826,64497.08,0.8486,2023-01-01
acc_9827,Customer_9827,67424.89,0.1125,2023-01-01
acc_9828,Customer_9828,83670.66,0.9437,2023-01-01
acc_9829,Customer_9829,81523.14,0.83,2023-01-01
acc_9830,Customer_9830,77312.61,0.7802,2023-01-01
acc_9831,Customer_9831,96590.47,0.3451,2023-01-01
acc_9832,Customer_9832,53688.67,0.599,2023-01-01
acc_9833,Customer_9833,34891.85,0.2536,2023-01-01
acc_9834,Customer_9834,33144.25,0.3425,2023-01-01
acc_9835,Customer_9835,4581.28,0.9302,2023-01-01
acc_9836,Customer_9836,46145.49,0.029,2023-01-01
acc_9837,Customer_9837,58758.56,0.8345,2023-01-01
acc_9838,Customer_9838,98299.74,0.0442,2023-01-01
acc_9839,Customer_9839,57572.27,0.8265,2023-01-01
acc_9840,Customer_9840,17311.15,0.9336,2023-01-01
acc_9841,Customer_9841,77498.52,0.4871,2023-01-01
acc_9842,Customer_9842,37399.93,0.2256,2023-01-01
acc_9843,Customer_9843,70075.0,0.2591,2023-01-01
acc_9844,Customer_9844,76622.62,0.149,2023-01-01
acc_9845,Customer_9845,50304.37,0.7996,2023-01-01
acc_9846,Customer_9846,582.57,0.3033,2023-01-01
acc_9847,Customer_9847,57700.88,0.2538,2023-01-01
acc_9848,Customer_9848,26214.72,0.3308,2023-01-01
acc_9849,Customer_9849,63231.51,0.9122,2023-01-01
acc_9850,Customer_9850,38956.14,0.6127,2023-01-01
acc_9851,Customer_9851,27089.31,0.9207,2023-01-01
acc_9852,Customer_9852,43165.66,0.3854,2023-01-01
acc_9853,Customer_9853,4696.83,0.0721,2023-01-01
acc_9854,Customer_9854,8031.12,0.309,2023-01-01
acc_9855,Customer_9855,23701.2,0.2579,2023-01-01
acc_9856,Customer_9856,6720.37,0.3954,2023-01-01
acc_9857,Customer_9857,99376.17,0.0745,2023-01-01
acc_9858,Customer_9858,19113.31,0.1534,2023-01-01
acc_9859,Customer_9859,57092.86,0.6677,2023-01-01
acc_9860,Customer_9860,92551.92,0.2764,2023-01-01
acc_9861,Customer_9861,76251.43,0.2443,2023-01-01
acc_9862,Customer_9862,26007.4,0.0493,2023-01-01
acc_9863,Customer_9863,83549.9,0.2732,2023-01-01
acc_9864,Customer_9864,58095.89,0.097,2023-01-01
acc_9865,Customer_9865,52833.28,0.9206,2023-01-01
acc_9866,Customer_9866,27008.87,0.6002,2023-01-01
acc_9867,Customer_9867,18686.3,0.3304,2023-01-01
acc_9868,Customer_9868,33429.7,0.2739,2023-01-01
acc_9869,Customer_9869,40398.22,0.4455,2023-01-01
acc_9870,Customer_9870,9601.84,0.5052,2023-01-01
acc_9871,Customer_9871,18024.8,0.5721,2023-01-01
acc_9872,Customer_9872,70929.35,0.3592,2023-01-01
acc_9873,Customer_9873,80538.9,0.9141,2023-01-01
acc_9874,Customer_9874,6948.94,0.4407,2023-01-01
acc_9875,Customer_9875,83971.34,0.2807,2023-01-01
acc_9876,Customer_9876,3402.14,0.4539,2023-01-01
acc_9877,Customer_9877,93717.69,0.1055,2023-01-01
acc_9878,Customer_9878,86178.07,0.5009,2023-01-01
acc_9879,Customer_9879,51113.07,0.1859,2023-01-01
acc_9880,Customer_9880,84976.07,0.773,2023-01-01
acc_9881,Customer_9881,82598.17,0.5722,2023-01-01
acc_9882,Customer_9882,96046.96,0.6672,2023-01-01
acc_9883,Customer_9883,18328.09,0.3926,2023-01-01
acc_9884,Customer_9884,85823.12,0.706,2023-01-01
acc_9885,Customer_9885,59618.75,0.3135,2023-01-01
acc_9886,Customer_9886,12955.62,0.922,2023-01-01
acc_9887,Customer_9887,26853.62,0.907,2023-01-01
acc_9888,Customer_9888,44955.3,0.7007,2023-01-01
acc_9889,Customer_9889,11415.26,0.1306,2023-01-01
acc_9890,Customer_9890,62544.88,0.4993,2023-01-01
acc_9891,Customer_9891,61816.61,0.6579,2023-01-01
acc_9892,Customer_9892,31429.15,0.5203,2023-01-01
acc_9893,Customer_9893,3791.17,0.8748,2023-01-01
acc_9894,Customer_9894,14718.18,0.1838,2023-01-01
acc_9895,Customer_9895,13787.44,0.0128,2023-01-01
acc_9896,Customer_9896,85184.67,0.7661,2023-01-01
acc_9897,Customer_9897,26795.92,0.3089,2023-01-01
acc_9898,Customer_9898,65150.22,0.6993,2023-01-01
acc_9899,Customer_9899,16039.2,0.8315,2023-01-01
acc_9900,Customer_9900,81245.91,0.669,2023-01-01
acc_9901,Customer_9901,3286.56,0.0503,2023-01-01
acc_9902,Customer_9902,9993.84,0.6991,2023-01-01
acc_9903,Customer_9903,62580.41,0.2705,2023-01-01
acc_9904,Customer_9904,40444.63,0.2011,2023-01-01
acc_9905,Customer_9905,26043.87,0.6993,2023-01-01
acc_9906,Customer_9906,65386.7,0.1612,2023-01-01
acc_9907,Customer_9907,16255.41,0.8906,2023-01-01
acc_9908,Customer_9908,95258.54,0.3258,2023-01-01
acc_9909,Customer_9909,6582.96,0.3382,2023-01-01
acc_9910,Customer_9910,17487.68,0.3184,2023-01-01
acc_9911,Customer_9911,45929.43,0.976,2023-01-01
acc_9912,Customer_9912,8029.56,0.0425,2023-01-01
acc_9913,Customer_9913,22626.71,0.496,2023-01-01
acc_9914,Customer_9914,96608.61,0.2289,2023-01-01
acc_9915,Customer_9915,80197.97,0.3002,2023-01-01
acc_9916,Customer_9916,93235.4,0.5049,2023-01-01
acc_9917,Customer_9917,56413.65,0.6134,2023-01-01
acc_9918,Customer_9918,18100.62,0.6079,2023-01-01
acc_9919,Customer_9919,23944.83,0.3032,2023-01-01
acc_9920,Customer_9920,30783.0,0.3524,2023-01-01
acc_9921,Customer_9921,53172.04,0.2321,2023-01-01
acc_9922,Customer_9922,1367.76,0.1279,2023-01-01
acc_9923,Customer_9923,6023.43,0.6816,2023-01-01
acc_9924,Customer_9924,35971.53,0.5128,2023-01-01
acc_9925,Customer_9925,36033.62,0.6619,2023-01-01
acc_9926,Customer_9926,91443.23,0.761,2023-01-01
acc_9927,Customer_9927,22248.97,0.3651,2023-01-01
acc_9928,Customer_9928,14697.7,0.9232,2023-01-01
acc_9929,Customer_9929,36812.78,0.5639,2023-01-01
acc_9930,Customer_9930,1404.04,0.6709,2023-01-01
acc_9931,Customer_9931,79822.67,0.4949,2023-01-01
acc_9932,Customer_9932,54685.68,0.1609,2023-01-01
acc_9933,Customer_9933,87946.74,0.3266,2023-01-01
acc_9934,Customer_9934,70637.54,0.0647,2023-01-01
acc_9935,Customer_9935,9407.43,0.0678,2023-01-01
acc_9936,Customer_9936,57674.47,0.9653,2023-01-01
acc_9937,Customer_9937,70435.19,0.287,2023-01-01
acc_9938,Customer_9938,16052.16,0.2868,2023-01-01
acc_9939,Customer_9939,5880.39,0.6628,2023-01-01
acc_9940,Customer_9940,12616.42,0.6094,2023-01-01
acc_9941,Customer_9941,11885.61,0.9664,2023-01-01
acc_9942,Customer_9942,11697.69,0.6862,2023-01-01
acc_9943,Customer_9943,67528.23,0.6744,2023-01-01
acc_9944,Customer_9944,35689.24,0.642,2023-01-01
acc_9945,Customer_9945,19009.9,0.4158,2023-01-01
acc_9946,Customer_9946,61810.53,0.8243,2023-01-01
acc_9947,Customer_9947,77757.27,0.7215,2023-01-01
acc_9948,Customer_9948,80180.45,0.0579,2023-01-01
acc_9949,Customer_9949,71458.44,0.4257,2023-01-01
acc_9950,Customer_9950,82899.31,0.2897,2023-01-01
acc_9951,Customer_9951,47204.9,0.1599,2023-01-01
acc_9952,Customer_9952,41413.66,0.9219,2023-01-01
acc_9953,Customer_9953,20782.58,0.1867,2023-01-01
acc_9954,Customer_9954,41379.63,0.7399,2023-01-01
acc_9955,Customer_9955,16832.66,0.8874,2023-01-01
acc_9956,Customer_9956,4285.04,0.4713,2023-01-01
acc_9957,Customer_9957,8735.77,0.1879,2023-01-01
acc_9958,Customer_9958,60779.28,0.9307,2023-01-01
acc_9959,Customer_9959,2994.21,0.6039,2023-01-01
acc_9960,Customer_9960,16331.15,0.4589,2023-01-01
acc_9961,Customer_9961,84334.52,0.1121,2023-01-01
acc_9962,Customer_9962,58476.22,0.8592,2023-01-01
acc_9963,Customer_9963,59251.61,0.3478,2023-01-01
acc_9964,Customer_9964,42359.93,0.5891,2023-01-01
acc_9965,Customer_9965,29127.08,0.8937,2023-01-01
acc_9966,Customer_9966,64945.7,0.2341,2023-01-01
acc_9967,Customer_9967,78437.73,0.9225,2023-01-01
acc_9968,Customer_9968,36440.29,0.4355,2023-01-01
acc_9969,Customer_9969,52369.8,0.6721,2023-01-01
acc_9970,Customer_9970,64452.57,0.1882,2023-01-01
acc_9971,Customer_9971,8649.07,0.2156,2023-01-01
acc_9972,Customer_9972,12179.9,0.4805,2023-01-01
acc_9973,Customer_9973,14215.05,0.9405,2023-01-01
acc_9974,Customer_9974,31561.27,0.6483,2023-01-01
acc_9975,Customer_9975,58620.52,0.5228,2023-01-01
acc_9976,Customer_9976,66265.14,0.0588,2023-01-01
acc_9977,Customer_9977,50682.46,0.95,2023-01-01
acc_9978,Customer_9978,95821.8,0.2923,2023-01-01
acc_9979,Customer_9979,19220.4,0.5066,2023-01-01
acc_9980,Customer_9980,46487.04,0.6619,2023-01-01
acc_9981,Customer_9981,12707.75,0.7872,2023-01-01
acc_9982,Customer_9982,65131.4,0.5824,2023-01-01
acc_9983,Customer_9983,58870.74,0.6671,2023-01-01
acc_9984,Customer_9984,88608.69,0.6624,2023-01-01
acc_9985,Customer_9985,74532.98,0.9191,2023-01-01
acc_9986,Customer_9986,4304.71,0.1186,2023-01-01
acc_9987,Customer_9987,36163.49,0.2379,2023-01-01
acc_9988,Customer_9988,82879.92,0.3612,2023-01-01
acc_9989,Customer_9989,64614.67,0.6468,2023-01-01
acc_9990,Customer_9990,8315.44,0.7957,2023-01-01
acc_9991,Customer_9991,65341.63,0.6038,2023-01-01
acc_9992,Customer_9992,79811.79,0.0495,2023-01-01
acc_9993,Customer_9993,70344.91,0.5389,2023-01-01
acc_9994,Customer_9994,96521.02,0.8732,2023-01-01
acc_9995,Customer_9995,38095.28,0.0741,2023-01-01
acc_9996,Customer_9996,87863.33,0.8229,2023-01-01
acc_9997,Customer_9997,42147.84,0.1033,2023-01-01
acc_9998,Customer_9998,7493.51,0.3954,2023-01-01
acc_9999,Customer_9999,30961.85,0.7521,2023-01-01
